{
    "testproblem": "quadratic_deep",
    "batch_size": 128,
    "num_epochs": 100,
    "random_seed": 42,
    "weight_decay": null,
    "optimizer_name": "PowKernelMomentumOptimizerN",
    "optimizer_hyperparams": {
        "learning_rate": 0.027964859516062437,
        "power": 0.8
    },
    "training_params": {
        "lr_sched_epochs": null,
        "lr_sched_factors": null
    },
    "train_losses": [
        352.8963623046875,
        96.2850592476981,
        88.64072745186942,
        87.69260515485492,
        87.2250725882394,
        86.85960933140346,
        86.8145523071289,
        86.78375680106026,
        86.73024422781808,
        86.70067814418248,
        86.68869236537388,
        86.68411363874164,
        86.6851566859654,
        86.68947056361607,
        86.69470650809151,
        86.6996841430664,
        86.70396423339844,
        86.7074966430664,
        86.71041761125836,
        86.71290261404855,
        86.715090070452,
        86.7170649937221,
        86.7188960484096,
        86.72061811174665,
        86.72226388113839,
        86.72383335658482,
        86.72535051618304,
        86.726804460798,
        86.72821044921875,
        86.72956848144531,
        86.7308829171317,
        86.73216465541294,
        86.73340933663505,
        86.73462785993304,
        86.73581913539341,
        86.7369853428432,
        86.7381341116769,
        86.73925454275948,
        86.7403564453125,
        86.74144308907645,
        86.74251011439732,
        86.74355861118862,
        86.74459293910435,
        86.74560873849052,
        86.7466049194336,
        86.74759020124164,
        86.7485602242606,
        86.74951280866351,
        86.75044904436383,
        86.7513667515346,
        86.75227355957031,
        86.75316401890346,
        86.75404139927456,
        86.75490352085659,
        86.75574602399554,
        86.75658089773995,
        86.7573961530413,
        86.75819832938058,
        86.75898851667132,
        86.759763445173,
        86.7605231148856,
        86.76126970563617,
        86.76200539725167,
        86.76272147042411,
        86.76342882428851,
        86.76412745884487,
        86.76480974469867,
        86.7654789515904,
        86.76613507952008,
        86.76678357805524,
        86.76741245814732,
        86.76803697858539,
        86.76864624023438,
        86.76925005231585,
        86.76983751569476,
        86.77041407993862,
        86.77098301478794,
        86.77154214041573,
        86.77209145682198,
        86.7726309640067,
        86.77315957205636,
        86.773681640625,
        86.7741928100586,
        86.77469417027065,
        86.77518681117466,
        86.77567618233817,
        86.77615138462612,
        86.77662004743304,
        86.7770767211914,
        86.77753666469029,
        86.7779791695731,
        86.7784194946289,
        86.77884892054966,
        86.77927725655692,
        86.77969251360211,
        86.78010777064732,
        86.78051212855748,
        86.78091212681362,
        86.78130340576172,
        86.78169359479632,
        86.78207288469586
    ],
    "valid_losses": [
        353.812752859933,
        97.2436774117606,
        89.6648919241769,
        88.74935477120536,
        88.28663853236607,
        87.90951102120536,
        87.85127694266183,
        87.81193106515067,
        87.75451006208148,
        87.72393798828125,
        87.7121832711356,
        87.70808628627232,
        87.70958600725446,
        87.71420070103237,
        87.7195554460798,
        87.72450147356305,
        87.72865622384208,
        87.73202405657086,
        87.73479788643974,
        87.73714556012835,
        87.7392076764788,
        87.74107469831195,
        87.74280439104352,
        87.74443817138672,
        87.7459945678711,
        87.7474844796317,
        87.74891880580357,
        87.75029645647321,
        87.75162833077567,
        87.75291769845145,
        87.75416782924107,
        87.75538199288505,
        87.7565689086914,
        87.75772421700614,
        87.75886535644531,
        87.75997815813336,
        87.76106916155133,
        87.76214490618024,
        87.76320321219308,
        87.76424625941685,
        87.76526968819755,
        87.76627785818917,
        87.76727621895927,
        87.76825496128627,
        87.76921953473773,
        87.77016993931362,
        87.77110290527344,
        87.77202933175224,
        87.77293504987445,
        87.7738287789481,
        87.7747050694057,
        87.77556937081474,
        87.77642277308873,
        87.77725655691964,
        87.77807944161552,
        87.77889033726284,
        87.7796870640346,
        87.7804674421038,
        87.78123801095145,
        87.78199332101005,
        87.78273555210659,
        87.78346470424107,
        87.78418404715401,
        87.7848881312779,
        87.78557804652623,
        87.78626033238002,
        87.78692408970424,
        87.78757912772042,
        87.78822435651507,
        87.78885868617466,
        87.7894777570452,
        87.79009246826172,
        87.79068647112165,
        87.79127720424107,
        87.79185376848493,
        87.79242161342076,
        87.79297964913505,
        87.79352787562779,
        87.7940695626395,
        87.79460035051618,
        87.7951191493443,
        87.7956292288644,
        87.79613167898995,
        87.79662649972099,
        87.79711369105748,
        87.79758889334542,
        87.79805864606585,
        87.79852076939174,
        87.7989741734096,
        87.79942430768695,
        87.79986354282924,
        87.80029405866351,
        87.80072130475726,
        87.80113874162946,
        87.80155290876117,
        87.80195726667132,
        87.80235835484096,
        87.80275399344308,
        87.80314091273716,
        87.80352238246373,
        87.80390058244977
    ],