{
    "testproblem": "quadratic_deep",
    "batch_size": 128,
    "num_epochs": 100,
    "random_seed": 42,
    "weight_decay": null,
    "optimizer_name": "PowKernelMomentumOptimizerN",
    "optimizer_hyperparams": {
        "learning_rate": 0.0002303699023037864,
        "power": 0.9
    },
    "training_params": {
        "lr_sched_epochs": null,
        "lr_sched_factors": null
    },
    "train_losses": [
        352.8963623046875,
        261.06954520089283,
        162.82991245814733,
        116.26868438720703,
        105.96158708844867,
        106.10846056256976,
        105.76571982247489,
        104.4949231828962,
        103.48953792027065,
        102.92623356410435,
        102.53131975446429,
        102.15351976667132,
        101.779052734375,
        101.41915239606585,
        101.07355390276227,
        100.73794882638114,
        100.41034371512276,
        100.09047372000558,
        99.7782461983817,
        99.47342136928013,
        99.17574964250836,
        98.88502938406808,
        98.60110146658761,
        98.32380131312779,
        98.05297742571149,
        97.78846740722656,
        97.53011540004185,
        97.27777208600726,
        97.03128487723214,
        96.79050663539341,
        96.55530112130302,
        96.32552228655133,
        96.10104588099888,
        95.88172912597656,
        95.66745431082589,
        95.45809391566685,
        95.25352151053292,
        95.05363137381417,
        94.85829707554409,
        94.6674052647182,
        94.48085239955357,
        94.29852621895927,
        94.12032318115234,
        93.94614083426339,
        93.77588326590401,
        93.60944584437779,
        93.44673592703683,
        93.28766196114677,
        93.13211713518415,
        92.9800306047712,
        92.83130645751953,
        92.68586730957031,
        92.5436292375837,
        92.4045181274414,
        92.26845005580357,
        92.13535635811942,
        92.00516183035714,
        91.87779453822544,
        91.75318254743304,
        91.63126591273716,
        91.51198032924107,
        91.39525386265346,
        91.28103637695312,
        91.16925157819476,
        91.05984824044364,
        90.95277186802456,
        90.84796033586774,
        90.74536023821149,
        90.64492579868862,
        90.54660143171039,
        90.45033700125558,
        90.3560812813895,
        90.26379067557198,
        90.17340741838727,
        90.08489881243024,
        89.99820927211216,
        89.91330283028739,
        89.83013044084821,
        89.74865831647601,
        89.66884395054409,
        89.59064592633929,
        89.51402718680245,
        89.43895067487445,
        89.3653793334961,
        89.29328264508929,
        89.22262028285435,
        89.15335736955915,
        89.08546883719308,
        89.01891762869698,
        88.95366777692523,
        88.88970184326172,
        88.8269795009068,
        88.76548767089844,
        88.70517948695591,
        88.64603097098214,
        88.58802468436105,
        88.53112901960101,
        88.4753178187779,
        88.42056601388114,
        88.36685071672711,
        88.31415230887276
    ],
    "valid_losses": [
        353.812752859933,
        262.0300619942801,
        163.84410749162947,
        117.29173387799945,
        106.94018990652901,
        107.01461247035435,
        106.60767473493304,
        105.30065482003349,
        104.2889164515904,
        103.74003056117466,
        103.36689104352679,
        103.00774819510323,
        102.64403424944196,
        102.28736659458706,
        101.94045039585659,
        101.60216958182198,
        101.27264840262276,
        100.95240020751953,
        100.64117431640625,
        100.33812822614398,
        100.04244450160435,
        99.7535629272461,
        99.47120993477958,
        99.19525037493024,
        98.92563302176339,
        98.6622815813337,
        98.40510014125279,
        98.15394483293805,
        97.90866197858539,
        97.66909681047711,
        97.43508911132812,
        97.2064950125558,
        96.98318045479911,
        96.7650168282645,
        96.5518798828125,
        96.34363555908203,
        96.1401846749442,
        95.94139535086495,
        95.74714987618583,
        95.55734252929688,
        95.37185559953961,
        95.19058663504464,
        95.01342337472099,
        94.84026772635323,
        94.6710205078125,
        94.50558144705636,
        94.34386226109096,
        94.18576485770089,
        94.03119550432477,
        93.88006373814174,
        93.73229653494698,
        93.58779471261161,
        93.44649178641183,
        93.3082994733538,
        93.1731425694057,
        93.04094478062221,
        92.91163744245257,
        92.78514426095145,
        92.66139875139508,
        92.54034096854073,
        92.42189243861607,
        92.30600302559989,
        92.19260079520089,
        92.08163016183036,
        91.97303118024554,
        91.86674172537667,
        91.76271602085659,
        91.66089412144252,
        91.56122262137276,
        91.46364920479911,
        91.36812482561383,
        91.27460479736328,
        91.18304334368024,
        91.0933837890625,
        91.0055923461914,
        90.91960797991071,
        90.8354012625558,
        90.75292205810547,
        90.67213221958706,
        90.5929946899414,
        90.51546042306083,
        90.4394999912807,
        90.36507851736886,
        90.29215240478516,
        90.22069658551898,
        90.15066419328961,
        90.08202798025948,
        90.01475633893695,
        89.94881330217633,
        89.8841781616211,
        89.82080732073102,
        89.75868225097656,
        89.69776480538505,
        89.63803318568638,
        89.57946014404297,
        89.52201298304966,
        89.46566990443638,
        89.41041237967355,
        89.356203351702,
        89.30302211216518,
        89.25085340227399
    ],