{
    "testproblem": "quadratic_deep",
    "batch_size": 128,
    "num_epochs": 100,
    "random_seed": 42,
    "weight_decay": null,
    "optimizer_name": "PowKernelMomentumOptimizer",
    "optimizer_hyperparams": {
        "learning_rate": 0.0017654048052495065,
        "power": 0.9
    },
    "training_params": {
        "lr_sched_epochs": null,
        "lr_sched_factors": null
    },
    "train_losses": [
        352.8963535853795,
        108.66689191545758,
        149.1875959123884,
        110.94650159563336,
        103.99358585902623,
        101.3217304774693,
        96.44690050397601,
        94.68149021693638,
        93.19439915248326,
        91.79794529506138,
        90.88905879429409,
        90.04585266113281,
        89.38703918457031,
        88.82519095284599,
        88.35081372942243,
        87.9522933959961,
        87.60888780866351,
        87.31497846330915,
        87.06035723005023,
        86.8385761805943,
        86.64474487304688,
        86.47397068568638,
        86.32294682094029,
        86.18889508928571,
        86.06915065220424,
        85.96187809535435,
        85.86549486432757,
        85.77851213727679,
        85.69981275285993,
        85.6284408569336,
        85.5635256086077,
        85.50435638427734,
        85.45031411307198,
        85.40086800711495,
        85.3555417742048,
        85.31393105643136,
        85.27567509242466,
        85.2404545375279,
        85.2079849243164,
        85.17801557268415,
        85.15032196044922,
        85.1247079031808,
        85.10098702566964,
        85.07900129045758,
        85.05860246930804,
        85.03965650285993,
        85.0220445905413,
        85.00565883091518,
        84.99040113176618,
        84.97618430001395,
        84.96292005266461,
        84.9505375453404,
        84.93897029331752,
        84.92815181187221,
        84.91803087506976,
        84.9085464477539,
        84.89965929303851,
        84.89132145472935,
        84.88349369594029,
        84.87614004952567,
        84.86922127859933,
        84.86271449497768,
        84.85658264160156,
        84.85080392020089,
        84.84535217285156,
        84.84020233154297,
        84.83534240722656,
        84.83074406215123,
        84.8263909476144,
        84.82226889474052,
        84.81836264474052,
        84.81465802873883,
        84.81114087785993,
        84.80780029296875,
        84.80462210518974,
        84.80159868512835,
        84.79872240339007,
        84.79598236083984,
        84.79336874825614,
        84.7908706665039,
        84.78849465506417,
        84.78621673583984,
        84.78403799874442,
        84.78195626395089,
        84.77996608189174,
        84.7780532836914,
        84.7762211390904,
        84.77446528843471,
        84.77278137207031,
        84.77115740094867,
        84.7696031842913,
        84.76810455322266,
        84.76666150774274,
        84.76527404785156,
        84.7639389038086,
        84.76265171595982,
        84.76140485491071,
        84.7602059500558,
        84.75904737200055,
        84.75792694091797,
        84.75684792654855
    ],
    "valid_losses": [
        353.81274850027904,
        109.71243722098214,
        149.8628169468471,
        111.62933785574776,
        105.13945552280971,
        102.1727294921875,
        97.15317862374442,
        95.70327649797711,
        94.12199183872768,
        92.61746869768415,
        91.85066877092633,
        90.98593139648438,
        90.28273119245257,
        89.77446964808873,
        89.29525102887835,
        88.88518742152623,
        88.56338065011161,
        88.26776232038226,
        88.01111384800502,
        87.79954637799945,
        87.60609545026507,
        87.43542807442802,
        87.28932625906808,
        87.15663800920758,
        87.03768920898438,
        86.93282209123883,
        86.83777182442802,
        86.7517591203962,
        86.67439488002232,
        86.60403987339565,
        86.53998565673828,
        86.481689453125,
        86.42837633405414,
        86.37957436697823,
        86.33485521589007,
        86.29376220703125,
        86.25596291678292,
        86.22115652901786,
        86.18904549734933,
        86.15938895089286,
        86.13197326660156,
        86.10659572056362,
        86.08307865687779,
        86.06126403808594,
        86.041013445173,
        86.0221917288644,
        86.00467899867466,
        85.98837716238839,
        85.97318267822266,
        85.95900508335659,
        85.94576917375836,
        85.93340628487724,
        85.92184230259487,
        85.91101946149554,
        85.90087890625,
        85.89137377057757,
        85.88245609828404,
        85.87408229282924,
        85.8662109375,
        85.85880824497768,
        85.85183606828961,
        85.84527042933873,
        85.83907536097935,
        85.83323124476841,
        85.8277108328683,
        85.82249341692243,
        85.81755610874721,
        85.81288146972656,
        85.80845533098493,
        85.80425480433873,
        85.8002689906529,
        85.79648263113839,
        85.79288700648716,
        85.78946794782367,
        85.78621019635882,
        85.78310830252511,
        85.7801513671875,
        85.77733067103794,
        85.77463858468192,
        85.77206420898438,
        85.7696042742048,
        85.76725115094867,
        85.76500047956195,
        85.7628402709961,
        85.76077379499164,
        85.7587890625,
        85.7568849836077,
        85.75505719866071,
        85.7532980782645,
        85.7516098022461,
        85.74998038155692,
        85.7484152657645,
        85.74690791538784,
        85.7454583304269,
        85.74405561174665,
        85.74270193917411,
        85.74139622279576,
        85.7401373726981,
        85.7389166695731,
        85.73773847307477,
        85.73660278320312
    ],