{
    "testproblem": "quadratic_deep",
    "batch_size": 128,
    "num_epochs": 100,
    "random_seed": 42,
    "weight_decay": null,
    "optimizer_name": "PowKernelMomentumOptimizerN",
    "optimizer_hyperparams": {
        "learning_rate": 0.009565499215943818,
        "power": 0.6000000000000001
    },
    "training_params": {
        "lr_sched_epochs": null,
        "lr_sched_factors": null
    },
    "train_losses": [
        352.8963623046875,
        130.06508309500558,
        98.57998766217914,
        91.99022238595145,
        88.67818995884487,
        87.17674473353794,
        86.49290030343192,
        86.11481366838727,
        85.87798636300224,
        85.73504093715123,
        85.65645163399833,
        85.61687796456474,
        85.59814998081752,
        85.59180559430804,
        85.59196472167969,
        85.59610857282367,
        85.60250854492188,
        85.61033085414341,
        85.6186774117606,
        85.62666429792132,
        85.63499014718192,
        85.6432124546596,
        85.65128435407367,
        85.65922110421317,
        85.6670161655971,
        85.67467607770648,
        85.68224116734096,
        85.68974195207868,
        85.69717625209263,
        85.70453316824776,
        85.71179308210101,
        85.71893855503627,
        85.72600337437221,
        85.73296356201172,
        85.73980712890625,
        85.74654824393136,
        85.75318254743304,
        85.75971439906529,
        85.76614815848214,
        85.77247401646206,
        85.77870287214007,
        85.7848369053432,
        85.7908684866769,
        85.79680524553571,
        85.80264718191964,
        85.8083975655692,
        85.81405530657086,
        85.81962149483817,
        85.82510049002511,
        85.83048684256417,
        85.8357914515904,
        85.84100777762276,
        85.84613691057477,
        85.85118538992745,
        85.8561510358538,
        85.8610371180943,
        85.8658447265625,
        85.87056950160435,
        85.87521580287388,
        85.87979234967914,
        85.88428933279855,
        85.88871002197266,
        85.89305986676898,
        85.89734213692802,
        85.90154266357422,
        85.90567670549665,
        85.9097420828683,
        85.91373443603516,
        85.91766357421875,
        85.92152622767857,
        85.92532348632812,
        85.92905535016742,
        85.93272726876395,
        85.93633815220424,
        85.93988691057477,
        85.94337572370257,
        85.94680677141461,
        85.95018223353794,
        85.95350102015904,
        85.95675877162388,
        85.95996638706752,
        85.96311732700893,
        85.96621922084263,
        85.96926770891461,
        85.97226388113839,
        85.97520991734096,
        85.97810581752232,
        85.98095267159599,
        85.98375047956195,
        85.98650360107422,
        85.9892087663923,
        85.99186488560268,
        85.9944817679269,
        85.99705505371094,
        85.99958256312779,
        86.00206647600446,
        86.00450897216797,
        86.00691223144531,
        86.00927298409599,
        86.01159340994698,
        86.01387677873883
    ],
    "valid_losses": [
        353.812752859933,
        130.77438136509485,
        99.77752576555524,
        93.12108394077846,
        89.85623822893415,
        88.38450949532645,
        87.7137680053711,
        87.34204864501953,
        87.10826110839844,
        86.96641758510044,
        86.88831438337054,
        86.84891945975167,
        86.8302481515067,
        86.82422310965401,
        86.8246329171317,
        86.82902090890067,
        86.83553968157086,
        86.84346008300781,
        86.8519047328404,
        86.85989597865513,
        86.86846269880023,
        86.87698473249164,
        86.88535853794643,
        86.89356122698102,
        86.90155792236328,
        86.90941619873047,
        86.91717202322823,
        86.92484283447266,
        86.93243299211774,
        86.93993486676898,
        86.94732448032924,
        86.954587663923,
        86.96176365443638,
        86.96882738385882,
        86.97577231270927,
        86.98259844098773,
        86.98931993756976,
        86.99592808314732,
        87.00243050711495,
        87.00882611955915,
        87.01511928013393,
        87.02130889892578,
        87.02739606584821,
        87.03338841029576,
        87.03927503313336,
        87.0450690133231,
        87.05076926095145,
        87.0563735961914,
        87.06188855852399,
        87.0673097882952,
        87.07264164515904,
        87.07789284842355,
        87.08305031912667,
        87.08812495640346,
        87.09311240059989,
        87.09802355085101,
        87.10285186767578,
        87.10759517124721,
        87.11226327078683,
        87.11685943603516,
        87.12137276785714,
        87.12581307547433,
        87.13017926897321,
        87.13447788783482,
        87.13869149344308,
        87.14283534458706,
        87.14690944126674,
        87.15091923304966,
        87.15485600062779,
        87.15872955322266,
        87.16253553118024,
        87.16627502441406,
        87.16995675223214,
        87.17357308523995,
        87.17712947300502,
        87.18062809535435,
        87.18406459263393,
        87.18744223458427,
        87.19076320103237,
        87.19403076171875,
        87.1972416469029,
        87.20039912632534,
        87.20349993024554,
        87.20655386788505,
        87.20955439976284,
        87.2124993460519,
        87.21539742606026,
        87.21824863978794,
        87.22104971749442,
        87.2238050188337,
        87.2265134538923,
        87.2291739327567,
        87.23179190499442,
        87.23436301095145,
        87.2368916102818,
        87.2393777029855,
        87.2418212890625,
        87.24422127859933,
        87.246584211077,
        87.24890790666852,
        87.25119345528739
    ],