{
    "testproblem": "quadratic_deep",
    "batch_size": 128,
    "num_epochs": 100,
    "random_seed": 42,
    "weight_decay": null,
    "optimizer_name": "PowKernelMomentumOptimizerN",
    "optimizer_hyperparams": {
        "learning_rate": 0.0005415244119402537,
        "power": 0.7000000000000001
    },
    "training_params": {
        "lr_sched_epochs": null,
        "lr_sched_factors": null
    },
    "train_losses": [
        352.8963623046875,
        239.33394077845983,
        134.69796425955636,
        106.0717021397182,
        108.3376966203962,
        106.45069667271206,
        103.29580906459263,
        102.18773760114398,
        101.4120603288923,
        100.5447267804827,
        99.78122275216239,
        99.07153865269252,
        98.39492361886161,
        97.75474330357143,
        97.14712415422711,
        96.57123456682477,
        96.0262211390904,
        95.51036289760044,
        95.0220467703683,
        94.55979483468192,
        94.12218802315849,
        93.70787702287946,
        93.31565311976841,
        92.94420078822544,
        92.59234728131976,
        92.2589351109096,
        91.9429212297712,
        91.64328002929688,
        91.35907309395927,
        91.0894306727818,
        90.83350481305804,
        90.59051840645927,
        90.3597640991211,
        90.14061846051898,
        89.9323981148856,
        89.73447963169643,
        89.54631587437221,
        89.36736079624721,
        89.19710976736886,
        89.0350810459682,
        88.88080596923828,
        88.7338376726423,
        88.593752179827,
        88.46016257149833,
        88.33272116524833,
        88.21111951555524,
        88.09504917689732,
        87.98421805245536,
        87.87833513532367,
        87.77713993617466,
        87.6803708757673,
        87.58780670166016,
        87.49922180175781,
        87.41440909249442,
        87.33316476004464,
        87.25529370989118,
        87.18059975760323,
        87.10892595563617,
        87.04010009765625,
        86.97398267473493,
        86.91043199811664,
        86.84931291852679,
        86.79051862444196,
        86.73393249511719,
        86.679441179548,
        86.62695639474052,
        86.5763920375279,
        86.52765328543526,
        86.48065076555524,
        86.43531036376953,
        86.39156232561383,
        86.34933580671039,
        86.3085686819894,
        86.26919773646763,
        86.23114994594029,
        86.19437408447266,
        86.15882110595703,
        86.12444087437221,
        86.0911843436105,
        86.05901554652623,
        86.02787780761719,
        85.9977286202567,
        85.96851893833706,
        85.94021715436664,
        85.91278185163226,
        85.88617924281529,
        85.86037772042411,
        85.8353500366211,
        85.81106349400112,
        85.78749411446708,
        85.76461138044085,
        85.7423836844308,
        85.72080339704242,
        85.69983346121651,
        85.67945861816406,
        85.65966469900948,
        85.64042009626117,
        85.62172154017857,
        85.60353633335659,
        85.58585466657367,
        85.56866128104073
    ],
    "valid_losses": [
        353.812752859933,
        240.3401816231864,
        135.79535566057478,
        107.1230000087193,
        109.22457667759487,
        107.214597429548,
        104.04429844447544,
        103.00330679757255,
        102.29596056256976,
        101.44764927455357,
        100.66689082554409,
        99.9377942766462,
        99.25767735072544,
        98.62696947370257,
        98.03017861502511,
        97.45996747698102,
        96.91656712123326,
        96.40176827566964,
        95.91589028494698,
        95.45710754394531,
        95.02291979108539,
        94.61151014055524,
        94.22179303850446,
        93.8528071812221,
        93.50346265520368,
        93.17254093715123,
        92.85889870779855,
        92.56150926862445,
        92.2794908796038,
        92.011960710798,
        91.75810895647321,
        91.51714869907924,
        91.28833988734654,
        91.07103184291294,
        90.8645989554269,
        90.66844940185547,
        90.48201424734933,
        90.30475725446429,
        90.13618469238281,
        89.97581808907645,
        89.82317897251674,
        89.67778669084821,
        89.53919110979352,
        89.40701729910714,
        89.28092738560268,
        89.160642351423,
        89.04589298793248,
        88.9363545009068,
        88.83172062465123,
        88.73172433035714,
        88.63612038748605,
        88.54467446463448,
        88.4571555001395,
        88.37337384905133,
        88.29311915806362,
        88.21619415283203,
        88.14241027832031,
        88.07161603655133,
        88.003659929548,
        87.93838391985211,
        87.87565176827567,
        87.81533486502511,
        87.75730895996094,
        87.7014628819057,
        87.64769090924945,
        87.59590366908482,
        87.54601723807198,
        87.49792153494698,
        87.45154353550502,
        87.40680585588727,
        87.3636452811105,
        87.32199096679688,
        87.28178296770368,
        87.2429449898856,
        87.20540727887835,
        87.16911969866071,
        87.13403974260602,
        87.10011291503906,
        87.06729234967914,
        87.03553880964007,
        87.00481305803571,
        86.97507585797992,
        86.94627925327846,
        86.91837419782367,
        86.89132472446987,
        86.86509922572544,
        86.83966500418526,
        86.81499372209821,
        86.79105813162667,
        86.76783207484654,
        86.74528285435268,
        86.72338540213448,
        86.70210920061383,
        86.6814444405692,
        86.66136496407645,
        86.64185551234654,
        86.62288229806083,
        86.60443660191127,
        86.58651079450335,
        86.569091796875,
        86.55216326032367
    ],