{
    "testproblem": "quadratic_deep",
    "batch_size": 128,
    "num_epochs": 100,
    "random_seed": 42,
    "weight_decay": null,
    "optimizer_name": "PowKernelMomentumOptimizerN",
    "optimizer_hyperparams": {
        "learning_rate": 0.00012087541473056955,
        "power": 0.5
    },
    "training_params": {
        "lr_sched_epochs": null,
        "lr_sched_factors": null
    },
    "train_losses": [
        352.8963623046875,
        336.30187552315846,
        308.3986075265067,
        277.76094709123885,
        248.37948608398438,
        221.89828055245536,
        198.8354993547712,
        179.1915283203125,
        162.74066162109375,
        149.16744995117188,
        138.12962995256697,
        129.2902821132115,
        122.33085196358817,
        116.95549665178571,
        112.89343915666852,
        109.89815957205636,
        107.75130680629185,
        106.26156616210938,
        105.2610092163086,
        104.59906114850726,
        104.15309361049107,
        103.83249991280692,
        103.57724434988839,
        103.35340990339007,
        103.14387621198382,
        102.94133540562221,
        102.74273681640625,
        102.54679652622768,
        102.35317557198661,
        102.16172899518695,
        101.9723892211914,
        101.78515951974052,
        101.60003008161273,
        101.41700526646206,
        101.23606218610492,
        101.05718558175224,
        100.8803471156529,
        100.70552607945034,
        100.53271920340401,
        100.36190795898438,
        100.1930683680943,
        100.02620588030133,
        99.86133139474052,
        99.69838387625558,
        99.53733607700893,
        99.3781509399414,
        99.22078813825335,
        99.06522151402065,
        98.9114259992327,
        98.75938088553292,
        98.60906219482422,
        98.46046992710659,
        98.3135746547154,
        98.1683578491211,
        98.02481079101562,
        97.8829323904855,
        97.74269212995257,
        97.60409000941685,
        97.46710205078125,
        97.3317129952567,
        97.1978988647461,
        97.06564549037388,
        96.93493216378349,
        96.80574253627232,
        96.67807006835938,
        96.55189950125558,
        96.4272221156529,
        96.3040291922433,
        96.18229021344867,
        96.06199428013393,
        95.94313267299107,
        95.82571738106864,
        95.70972878592355,
        95.59514617919922,
        95.48194013323102,
        95.37008775983539,
        95.2595955984933,
        95.1504658290318,
        95.04268428257534,
        94.93622807094029,
        94.8310797555106,
        94.72724369594029,
        94.6247089930943,
        94.52344512939453,
        94.42341722760882,
        94.32460348946708,
        94.22697448730469,
        94.13053022112165,
        94.0352805001395,
        93.94121660505023,
        93.84830256870815,
        93.75652858189174,
        93.66586630684989,
        93.57630375453404,
        93.48783111572266,
        93.40045601981026,
        93.31420462472099,
        93.2290289742606,
        93.14490944998605,
        93.06182207380023,
        92.97974177769252
    ],
    "valid_losses": [
        353.812752859933,
        337.23724365234375,
        309.3679678780692,
        278.7687465122768,
        249.4248046875,
        222.97716413225447,
        199.94183785574776,
        180.31771632603235,
        163.8786141531808,
        150.30847385951452,
        139.26556832449776,
        130.41397530691964,
        123.43611254010882,
        118.0372794015067,
        113.94769941057477,
        110.92232731410435,
        108.74437168666294,
        107.22400992257255,
        106.19551958356585,
        105.50956617082868,
        105.04399653843471,
        104.7081059047154,
        104.44139644077846,
        104.20980943952289,
        103.99564688546317,
        103.79086739676339,
        103.59184265136719,
        103.39662606375558,
        103.20435878208706,
        103.01453181675502,
        102.82687050955636,
        102.64120374407086,
        102.45747920445034,
        102.2757077898298,
        102.09589494977679,
        101.91805594308036,
        101.74221801757812,
        101.56837245396206,
        101.39652688162667,
        101.22666713169643,
        101.05877031598773,
        100.89283970424107,
        100.72888292585101,
        100.56683894566127,
        100.40668705531529,
        100.24838038853237,
        100.09189060756138,
        99.9371828351702,
        99.78423963274274,
        99.63303484235492,
        99.48355211530414,
        99.33577510288784,
        99.18968527657645,
        99.04526955740792,
        98.90251704624721,
        98.76141357421875,
        98.6219504220145,
        98.48411015101841,
        98.34788731166294,
        98.21326555524554,
        98.08023725237165,
        97.9487806047712,
        97.81886836460659,
        97.69048636300224,
        97.56361607142857,
        97.43825422014508,
        97.3143801007952,
        97.19197736467633,
        97.07102748325893,
        96.9515141078404,
        96.83343287876674,
        96.71680777413505,
        96.60160064697266,
        96.48777335030692,
        96.3753171648298,
        96.26420593261719,
        96.1544690813337,
        96.04610443115234,
        95.93909345354352,
        95.83341326032367,
        95.72904968261719,
        95.62600381033761,
        95.52425602504185,
        95.42376817975726,
        95.32450866699219,
        95.22644151960101,
        95.12955256870815,
        95.03382328578404,
        94.93929072788784,
        94.84593418666294,
        94.75372423444476,
        94.66263035365513,
        94.57262856619698,
        94.48370797293526,
        94.39586203438895,
        94.30911036900112,
        94.22343989780971,
        94.13883209228516,
        94.05526406424386,
        93.97272055489677,
        93.89117867606026
    ],