{
    "testproblem": "quadratic_deep",
    "batch_size": 128,
    "num_epochs": 100,
    "random_seed": 42,
    "weight_decay": null,
    "optimizer_name": "PowKernelMomentumOptimizer",
    "optimizer_hyperparams": {
        "learning_rate": 0.01256315277393866,
        "power": 0.5
    },
    "training_params": {
        "lr_sched_epochs": null,
        "lr_sched_factors": null
    },
    "train_losses": [
        352.8963535853795,
        195.66764613560267,
        133.68004063197546,
        107.2037593296596,
        94.81125749860492,
        91.37123325892857,
        88.69092450823102,
        86.51770673479352,
        86.43878936767578,
        86.1084235055106,
        85.59156036376953,
        85.63046700613839,
        85.64119393484933,
        85.69182913643974,
        85.72998373849052,
        85.75309644426618,
        85.80730983189174,
        85.85077122279576,
        85.86558423723493,
        85.88342394147601,
        85.92380959647042,
        85.96685137067523,
        86.00203922816685,
        86.02902003696987,
        86.04679652622768,
        86.05348859514508,
        86.05166734967914,
        86.05778394426618,
        86.07936532156808,
        86.11434391566685,
        86.14632633754185,
        86.17137363978794,
        86.18640899658203,
        86.18394579206195,
        86.17021942138672,
        86.16356113978794,
        86.17062377929688,
        86.19424983433315,
        86.21858433314732,
        86.24082728794643,
        86.25706699916294,
        86.25780487060547,
        86.25191170828683,
        86.2489493233817,
        86.25378308977399,
        86.26554216657367,
        86.2755628313337,
        86.29236166817802,
        86.30855451311383,
        86.31538391113281,
        86.3057131086077,
        86.2961894444057,
        86.30025918143136,
        86.31577519008091,
        86.32519858224052,
        86.33243342808315,
        86.33865792410714,
        86.33859688895089,
        86.32832663399833,
        86.31935773577008,
        86.32425362723214,
        86.34472111293248,
        86.36531393868583,
        86.37882014683315,
        86.38228389195034,
        86.37734876360211,
        86.37187739780971,
        86.36654336111886,
        86.36445072719029,
        86.37016078404018,
        86.37669808523995,
        86.388674054827,
        86.39695957728794,
        86.39948054722377,
        86.3916244506836,
        86.38282666887555,
        86.38074493408203,
        86.38786969866071,
        86.39622497558594,
        86.40751320975167,
        86.41668483189174,
        86.41806902204242,
        86.40407889229911,
        86.38901083809989,
        86.38415091378349,
        86.39541843959263,
        86.41017150878906,
        86.42124720982143,
        86.4247807094029,
        86.42239270891461,
        86.41693115234375,
        86.4111328125,
        86.40809413364956,
        86.41252681187221,
        86.41781071254185,
        86.42748914446149,
        86.4335185459682,
        86.43381936209542,
        86.4229507446289,
        86.40957859584263,
        86.40863255092076
    ],
    "valid_losses": [
        353.81274850027904,
        196.397456577846,
        134.96373421805245,
        107.48787907191685,
        96.4441397530692,
        92.27690669468471,
        89.44671630859375,
        87.55021340506417,
        87.59216635567802,
        87.31984383719308,
        86.64393179757255,
        86.6886967250279,
        86.75112697056362,
        86.76958901541573,
        86.83883122035435,
        86.86521584647042,
        86.89386640276227,
        86.942136492048,
        86.95284925188336,
        86.9646475655692,
        87.01310620989118,
        87.06286512102399,
        87.10108838762555,
        87.12753731863839,
        87.13887132917132,
        87.13876015799386,
        87.13307843889508,
        87.14058358328683,
        87.16731371198382,
        87.20999581473214,
        87.24533299037388,
        87.26913343157086,
        87.27628435407367,
        87.26298413957868,
        87.24581255231585,
        87.24037170410156,
        87.25499507359096,
        87.28980473109654,
        87.31875719342914,
        87.34095655168805,
        87.34860665457589,
        87.33686828613281,
        87.32910701206752,
        87.32833753313336,
        87.3386982509068,
        87.35802350725446,
        87.36849212646484,
        87.38559831891742,
        87.39702824183873,
        87.39727347237724,
        87.38375091552734,
        87.37744903564453,
        87.38950565883091,
        87.41349792480469,
        87.42257254464286,
        87.42419324602399,
        87.42300524030414,
        87.41612025669643,
        87.40345001220703,
        87.39649963378906,
        87.40897260393415,
        87.44014739990234,
        87.46469443184989,
        87.4761221749442,
        87.47181156703404,
        87.45584978376117,
        87.44871194022042,
        87.44577244349888,
        87.44743020193917,
        87.46058218819755,
        87.46726662772042,
        87.47909763881138,
        87.4841799054827,
        87.4824698311942,
        87.47211238316127,
        87.46672930036273,
        87.46988895961216,
        87.4812981741769,
        87.48875972202846,
        87.49746377127511,
        87.50141361781529,
        87.4964850289481,
        87.47817666190011,
        87.46455819266183,
        87.46637398856026,
        87.48720223563058,
        87.5071040562221,
        87.51927403041294,
        87.5168228149414,
        87.50316292898995,
        87.49292319161552,
        87.4889384678432,
        87.48834882463727,
        87.49942997523716,
        87.50632149832589,
        87.51781354631696,
        87.52200317382812,
        87.51990291050502,
        87.50547899518695,
        87.49172973632812,
        87.49438367571149
    ],