{
    "testproblem": "quadratic_deep",
    "batch_size": 128,
    "num_epochs": 100,
    "random_seed": 42,
    "weight_decay": null,
    "optimizer_name": "PowKernelMomentumOptimizer",
    "optimizer_hyperparams": {
        "learning_rate": 0.6245139574743064,
        "power": 0.7000000000000001
    },
    "training_params": {
        "lr_sched_epochs": null,
        "lr_sched_factors": null
    },
    "train_losses": [
        352.8963535853795,
        778633.7767857143,
        787166.1339285715,
        912288.1339285715,
        1099130.732142857,
        1057985.607142857,
        1075088.2142857143,
        1061602.1607142857,
        1063405.107142857,
        1069644.125,
        1065270.3392857143,
        1062650.2857142857,
        1065956.0357142857,
        1065218.732142857,
        1064295.375,
        1064337.75,
        1065259.732142857,
        1064355.2857142857,
        1064774.1785714286,
        1064488.7142857143,
        1064947.017857143,
        1064347.767857143,
        1064908.392857143,
        1064419.7142857143,
        1064897.0892857143,
        1064384.892857143,
        1064910.9107142857,
        1064393.2142857143,
        1064898.1785714286,
        1064390.625,
        1064902.8392857143,
        1064387.9285714286,
        1064900.0892857143,
        1064388.3214285714,
        1064898.5,
        1064386.75,
        1064898.2857142857,
        1064385.6964285714,
        1064898.357142857,
        1064384.9642857143,
        1064896.8392857143,
        1064384.375,
        1064895.892857143,
        1064384.732142857,
        1064895.4464285714,
        1064383.0892857143,
        1064894.7857142857,
        1064383.2142857143,
        1064894.3392857143,
        1064382.2857142857,
        1064894.017857143,
        1064382.357142857,
        1064894.0535714286,
        1064381.107142857,
        1064894.125,
        1064381.107142857,
        1064892.3392857143,
        1064381.107142857,
        1064893.107142857,
        1064381.0535714286,
        1064891.767857143,
        1064380.8392857143,
        1064892.142857143,
        1064379.8392857143,
        1064892.392857143,
        1064379.9642857143,
        1064891.1607142857,
        1064379.3392857143,
        1064892.0714285714,
        1064379.3392857143,
        1064891.142857143,
        1064379.3392857143,
        1064891.482142857,
        1064379.3392857143,
        1064890.892857143,
        1064379.5714285714,
        1064891.2142857143,
        1064378.75,
        1064891.0892857143,
        1064378.4464285714,
        1064890.875,
        1064378.625,
        1064889.8214285714,
        1064378.357142857,
        1064891.7857142857,
        1064378.375,
        1064890.3214285714,
        1064378.5892857143,
        1064890.6964285714,
        1064378.3214285714,
        1064890.4464285714,
        1064378.2857142857,
        1064889.642857143,
        1064378.767857143,
        1064890.2142857143,
        1064378.267857143,
        1064889.8392857143,
        1064378.6785714286,
        1064890.125,
        1064377.7857142857,
        1064889.107142857
    ],
    "valid_losses": [
        353.81274850027904,
        778870.3214285715,
        787167.8125,
        912315.5625,
        1099135.0357142857,
        1057994.607142857,
        1075107.1964285714,
        1061595.7857142857,
        1063406.232142857,
        1069632.0,
        1065292.0892857143,
        1062636.25,
        1065969.9285714286,
        1065205.3035714286,
        1064311.2857142857,
        1064325.1785714286,
        1065274.0535714286,
        1064342.75,
        1064788.7857142857,
        1064476.482142857,
        1064961.3035714286,
        1064335.375,
        1064922.7857142857,
        1064407.4107142857,
        1064911.5,
        1064372.5892857143,
        1064925.3035714286,
        1064380.875,
        1064912.607142857,
        1064378.357142857,
        1064917.2142857143,
        1064375.625,
        1064914.4642857143,
        1064375.9107142857,
        1064912.8392857143,
        1064374.392857143,
        1064912.642857143,
        1064373.375,
        1064912.732142857,
        1064372.642857143,
        1064911.1964285714,
        1064372.125,
        1064910.25,
        1064372.392857143,
        1064909.8392857143,
        1064370.732142857,
        1064909.142857143,
        1064370.892857143,
        1064908.7142857143,
        1064369.9285714286,
        1064908.4107142857,
        1064370.0,
        1064908.4285714286,
        1064368.75,
        1064908.5357142857,
        1064368.8035714286,
        1064906.7142857143,
        1064368.767857143,
        1064907.4285714286,
        1064368.75,
        1064906.0892857143,
        1064368.5,
        1064906.482142857,
        1064367.5,
        1064906.732142857,
        1064367.625,
        1064905.517857143,
        1064366.9464285714,
        1064906.4642857143,
        1064366.982142857,
        1064905.5,
        1064366.9642857143,
        1064905.8214285714,
        1064367.0,
        1064905.267857143,
        1064367.2142857143,
        1064905.5357142857,
        1064366.392857143,
        1064905.5,
        1064366.125,
        1064905.25,
        1064366.3035714286,
        1064904.142857143,
        1064366.0535714286,
        1064906.125,
        1064366.0535714286,
        1064904.6607142857,
        1064366.25,
        1064905.0357142857,
        1064365.9107142857,
        1064904.767857143,
        1064365.9285714286,
        1064904.0,
        1064366.4107142857,
        1064904.5714285714,
        1064365.9107142857,
        1064904.1964285714,
        1064366.375,
        1064904.5,
        1064365.4107142857,
        1064903.5
    ],