{
    "testproblem": "mnist_vae",
    "batch_size": 64,
    "num_epochs": 50,
    "random_seed": 42,
    "weight_decay": null,
    "optimizer_name": "PowKernelMomentumOptimizer",
    "optimizer_hyperparams": {
        "learning_rate": 0.024400607090817518,
        "power": 0.5
    },
    "training_params": {
        "lr_sched_epochs": null,
        "lr_sched_factors": null
    },
    "train_losses": [
        181.3757607875726,
        181.3757607875726,
        181.3757607875726,
        181.3757607875726,
        181.3757607875726,
        181.3757607875726,
        181.3757607875726,
        181.3757607875726,
        181.3757607875726,
        181.3757607875726,
        181.3757607875726,
        181.3757607875726,
        181.3757607875726,
        181.3757607875726,
        181.3757607875726,
        181.3757607875726,
        181.3757607875726,
        181.3757607875726,
        181.3757607875726,
        181.3757607875726,
        181.3757607875726,
        181.3757607875726,
        181.3757607875726,
        181.3757607875726,
        181.3757607875726,
        181.3757607875726,
        181.3757607875726,
        181.3757607875726,
        181.3757607875726,
        181.3757607875726,
        181.3757607875726,
        181.3757607875726,
        181.3757607875726,
        181.3757607875726,
        181.3757607875726,
        181.3757607875726,
        181.3757607875726,
        181.3757607875726,
        181.3757607875726,
        181.3757607875726,
        181.3757607875726,
        181.3757607875726,
        181.3757607875726,
        181.3757607875726,
        181.3757607875726,
        181.3757607875726,
        181.3757607875726,
        181.3757607875726,
        181.3757607875726,
        181.3757607875726,
        181.3757607875726
    ],
    "valid_losses": [
        181.3172215192746,
        181.3172215192746,
        181.3172215192746,
        181.3172215192746,
        181.3172215192746,
        181.3172215192746,
        181.3172215192746,
        181.3172215192746,
        181.3172215192746,
        181.3172215192746,
        181.3172215192746,
        181.3172215192746,
        181.3172215192746,
        181.3172215192746,
        181.3172215192746,
        181.3172215192746,
        181.3172215192746,
        181.3172215192746,
        181.3172215192746,
        181.3172215192746,
        181.3172215192746,
        181.3172215192746,
        181.3172215192746,
        181.3172215192746,
        181.3172215192746,
        181.3172215192746,
        181.3172215192746,
        181.3172215192746,
        181.3172215192746,
        181.3172215192746,
        181.3172215192746,
        181.3172215192746,
        181.3172215192746,
        181.3172215192746,
        181.3172215192746,
        181.3172215192746,
        181.3172215192746,
        181.3172215192746,
        181.3172215192746,
        181.3172215192746,
        181.3172215192746,
        181.3172215192746,
        181.3172215192746,
        181.3172215192746,
        181.3172215192746,
        181.3172215192746,
        181.3172215192746,
        181.3172215192746,
        181.3172215192746,
        181.3172215192746,
        181.3172215192746
    ],
    "test_losses": [
        181.3762127802922,
        181.3762127802922,
        181.3762127802922,
        181.3762127802922,
        181.3762127802922,
        181.3762127802922,
        181.3762127802922,
        181.3762127802922,
        181.3762127802922,
        181.3762127802922,
        181.3762127802922,
        181.3762127802922,
        181.3762127802922,
        181.3762127802922,
        181.3762127802922,
        181.3762127802922,
        181.3762127802922,
        181.3762127802922,
        181.3762127802922,
        181.3762127802922,
        181.3762127802922,
        181.3762127802922,
        181.3762127802922,
        181.3762127802922,
        181.3762127802922,
        181.3762127802922,
        181.3762127802922,
        181.3762127802922,
        181.3762127802922,
        181.3762127802922,
        181.3762127802922,
        181.3762127802922,
        181.3762127802922,
        181.3762127802922,
        181.3762127802922,
        181.3762127802922,
        181.3762127802922,
        181.3762127802922,
        181.3762127802922,
        181.3762127802922,
        181.3762127802922,
        181.3762127802922,
        181.3762127802922,
        181.3762127802922,
        181.3762127802922,
        181.3762127802922,
        181.3762127802922,
        181.3762127802922,
        181.3762127802922,
        181.3762127802922,
        181.3762127802922
    ],