{
    "testproblem": "quadratic_deep",
    "batch_size": 128,
    "num_epochs": 100,
    "random_seed": 42,
    "weight_decay": null,
    "optimizer_name": "PowKernelGradientDescentOptimizer",
    "optimizer_hyperparams": {
        "learning_rate": 0.12273800987852958,
        "power": 0.7000000000000001
    },
    "training_params": {
        "lr_sched_epochs": null,
        "lr_sched_factors": null
    },
    "train_losses": [
        352.8963535853795,
        1278.2152273995537,
        1317.7994035993304,
        1358.2645263671875,
        1387.522739955357,
        1398.9661516462054,
        1429.558384486607,
        1443.0489153180804,
        1474.027308872768,
        1479.667759486607,
        1526.7541329520088,
        1554.253173828125,
        1607.4086739676338,
        1556.7437744140625,
        1607.2511335100446,
        1556.4462716238838,
        1607.0062430245537,
        1556.2381940569196,
        1606.827671595982,
        1556.0848388671875,
        1606.695277622768,
        1555.9702845982142,
        1606.5951450892858,
        1555.8829694475446,
        1606.5185372488838,
        1555.8158656529017,
        1606.4591064453125,
        1555.7631661551338,
        1606.412388392857,
        1555.721958705357,
        1606.3751395089287,
        1555.6884068080358,
        1606.3452322823662,
        1555.6617954799108,
        1606.3210623604912,
        1555.639857700893,
        1606.301304408482,
        1555.6217389787946,
        1606.2847377232142,
        1555.6067766462054,
        1606.2708391462054,
        1555.594203404018,
        1606.2591727120537,
        1555.5835135323662,
        1606.2491629464287,
        1555.5743756975446,
        1606.2408447265625,
        1555.5663539341517,
        1606.2332066127233,
        1555.559605189732,
        1606.2266845703125,
        1555.5533796037946,
        1606.220982142857,
        1555.5481654575892,
        1606.216029575893,
        1555.5433698381696,
        1606.2115304129463,
        1555.5393240792412,
        1606.2074672154017,
        1555.5352085658483,
        1606.2037702287946,
        1555.5317208426338,
        1606.2005266462054,
        1555.5286865234375,
        1606.197544642857,
        1555.5257742745537,
        1606.194789341518,
        1555.5231236049108,
        1606.1921212332588,
        1555.5208042689733,
        1606.189906529018,
        1555.5185372488838,
        1606.1877267020088,
        1555.5165143694196,
        1606.1857212611608,
        1555.5145961216517,
        1606.1840645926338,
        1555.5127127511162,
        1606.1823032924108,
        1555.5111258370537,
        1606.180698939732,
        1555.5095738002233,
        1606.1790248325892,
        1555.5081438337054,
        1606.177769252232,
        1555.506870814732,
        1606.1763916015625,
        1555.5054931640625,
        1606.1751708984375,
        1555.5041329520088,
        1606.1740548270088,
        1555.5031040736608,
        1606.172886439732,
        1555.5020054408483,
        1606.1718924386162,
        1555.5010637555804,
        1606.1710379464287,
        1555.5001395089287,
        1606.169886997768,
        1555.499267578125,
        1606.168910435268
    ],
    "valid_losses": [
        353.81274850027904,
        1285.537806919643,
        1311.8214808872767,
        1366.0721086774554,
        1382.2033517020088,
        1405.1595633370537,
        1426.6372593470983,
        1446.3800746372767,
        1473.1589181082588,
        1481.5995396205358,
        1527.2515171595983,
        1555.0802525111608,
        1609.0037144252233,
        1557.409458705357,
        1608.8670479910713,
        1557.1167864118304,
        1608.6272147042412,
        1556.91259765625,
        1608.4522530691963,
        1556.7619803292412,
        1608.3224400111608,
        1556.649448939732,
        1608.2242431640625,
        1556.563511439732,
        1608.1489432198662,
        1556.4973667689733,
        1608.0904715401787,
        1556.4452253069196,
        1608.0442940848213,
        1556.4044886997767,
        1608.0075160435267,
        1556.371128627232,
        1607.9778006417412,
        1556.344691685268,
        1607.953822544643,
        1556.322719029018,
        1607.9340994698662,
        1556.3044607979912,
        1607.9174107142858,
        1556.2894810267858,
        1607.9034946986608,
        1556.2767333984375,
        1607.8916713169642,
        1556.2659214564733,
        1607.8816092354912,
        1556.2566092354912,
        1607.8730643136162,
        1556.2484305245537,
        1607.8653041294642,
        1556.2414376395088,
        1607.8586251395088,
        1556.2349853515625,
        1607.8527134486608,
        1556.2296142578125,
        1607.847621372768,
        1556.2246616908483,
        1607.8429129464287,
        1556.2204066685267,
        1607.8386404854912,
        1556.2161167689733,
        1607.8348388671875,
        1556.2125069754463,
        1607.8314557756696,
        1556.2092808314733,
        1607.828334263393,
        1556.2062116350446,
        1607.8253871372767,
        1556.2034563337054,
        1607.8226841517858,
        1556.2010323660713,
        1607.8202601841517,
        1556.1985735212054,
        1607.8179408482142,
        1556.1964285714287,
        1607.8158307756696,
        1556.1944405691963,
        1607.8140171595983,
        1556.1924700055804,
        1607.8122384207588,
        1556.1907261439733,
        1607.8105294363838,
        1556.1891392299108,
        1607.808837890625,
        1556.1875871930804,
        1607.8073556082588,
        1556.1862269810267,
        1607.8059256417412,
        1556.1846923828125,
        1607.8046875,
        1556.183314732143,
        1607.8034493582588,
        1556.1822509765625,
        1607.8020891462054,
        1556.1810651506696,
        1607.801060267857,
        1556.1800188337054,
        1607.800083705357,
        1556.1789725167412,
        1607.7989501953125,
        1556.1781180245537,
        1607.7979213169642
    ],