{
    "testproblem": "mnist_vae",
    "batch_size": 64,
    "num_epochs": 50,
    "random_seed": 42,
    "weight_decay": null,
    "optimizer_name": "PowKernelMomentumOptimizerN",
    "optimizer_hyperparams": {
        "learning_rate": 0.014817820606039075,
        "power": 0.4
    },
    "training_params": {
        "allow_early_finish": true
    },
    "train_losses": [
        181.3757607875726,
        181.3757607875726,
        181.3757607875726,
        181.3757607875726,
        181.3757607875726,
        181.3757607875726,
        181.3757607875726,
        181.3757607875726,
        181.3757607875726,
        181.3757607875726,
        181.3757607875726,
        181.3757607875726,
        181.3757607875726,
        181.3757607875726,
        181.3757607875726,
        181.3757607875726,
        181.3757607875726,
        181.3757607875726,
        181.3757607875726,
        181.3757607875726,
        181.3757607875726,
        181.3757607875726,
        181.3757607875726,
        181.3757607875726,
        181.3757607875726,
        181.3757607875726,
        181.3757607875726,
        181.3757607875726,
        181.3757607875726,
        181.3757607875726,
        181.3757607875726,
        181.3757607875726,
        181.3757607875726,
        181.3757607875726,
        181.3757607875726,
        181.3757607875726,
        181.3757607875726,
        181.3757607875726,
        181.3757607875726,
        181.3757607875726,
        181.3757607875726,
        181.3757607875726,
        181.3757607875726,
        181.3757607875726,
        181.3757607875726,
        181.3757607875726,
        181.3757607875726,
        181.3757607875726,
        181.3757607875726,
        181.3757607875726,
        181.3757607875726
    ],
    "valid_losses": [
        181.3172219105256,
        181.3172219105256,
        181.3172219105256,
        181.3172219105256,
        181.3172219105256,
        181.3172219105256,
        181.3172219105256,
        181.3172219105256,
        181.3172219105256,
        181.3172219105256,
        181.3172219105256,
        181.3172219105256,
        181.3172219105256,
        181.3172219105256,
        181.3172219105256,
        181.3172219105256,
        181.3172219105256,
        181.3172219105256,
        181.3172219105256,
        181.3172219105256,
        181.3172219105256,
        181.3172219105256,
        181.3172219105256,
        181.3172219105256,
        181.3172219105256,
        181.3172219105256,
        181.3172219105256,
        181.3172219105256,
        181.3172219105256,
        181.3172219105256,
        181.3172219105256,
        181.3172219105256,
        181.3172219105256,
        181.3172219105256,
        181.3172219105256,
        181.3172219105256,
        181.3172219105256,
        181.3172219105256,
        181.3172219105256,
        181.3172219105256,
        181.3172219105256,
        181.3172219105256,
        181.3172219105256,
        181.3172219105256,
        181.3172219105256,
        181.3172219105256,
        181.3172219105256,
        181.3172219105256,
        181.3172219105256,
        181.3172219105256,
        181.3172219105256
    ],
    "test_losses": [
        181.37621268247946,
        181.37621268247946,
        181.37621268247946,
        181.37621268247946,
        181.37621268247946,
        181.37621268247946,
        181.37621268247946,
        181.37621268247946,
        181.37621268247946,
        181.37621268247946,
        181.37621268247946,
        181.37621268247946,
        181.37621268247946,
        181.37621268247946,
        181.37621268247946,
        181.37621268247946,
        181.37621268247946,
        181.37621268247946,
        181.37621268247946,
        181.37621268247946,
        181.37621268247946,
        181.37621268247946,
        181.37621268247946,
        181.37621268247946,
        181.37621268247946,
        181.37621268247946,
        181.37621268247946,
        181.37621268247946,
        181.37621268247946,
        181.37621268247946,
        181.37621268247946,
        181.37621268247946,
        181.37621268247946,
        181.37621268247946,
        181.37621268247946,
        181.37621268247946,
        181.37621268247946,
        181.37621268247946,
        181.37621268247946,
        181.37621268247946,
        181.37621268247946,
        181.37621268247946,
        181.37621268247946,
        181.37621268247946,
        181.37621268247946,
        181.37621268247946,
        181.37621268247946,
        181.37621268247946,
        181.37621268247946,
        181.37621268247946,
        181.37621268247946
    ],