{
    "testproblem": "quadratic_deep",
    "batch_size": 128,
    "num_epochs": 100,
    "random_seed": 42,
    "weight_decay": null,
    "optimizer_name": "PowKernelGradientDescentOptimizer",
    "optimizer_hyperparams": {
        "learning_rate": 0.12604664585649453,
        "power": 0.5
    },
    "training_params": {
        "lr_sched_epochs": null,
        "lr_sched_factors": null
    },
    "train_losses": [
        352.8963535853795,
        168.42223467145647,
        170.38036019461495,
        164.27596609933036,
        167.01451764787947,
        161.20508466448103,
        164.66078186035156,
        159.3788779122489,
        163.20797075544084,
        158.20738438197546,
        162.24615260532923,
        157.41225106375558,
        161.57676696777344,
        156.84742518833704,
        161.09217616489954,
        156.43067714146204,
        160.7301025390625,
        156.1137237548828,
        160.45197405133928,
        155.86543927873885,
        160.20403180803572,
        155.6722891671317,
        160.00885663713728,
        155.52141680036272,
        159.8616681780134,
        155.40215410505022,
        159.7489231654576,
        155.30686950683594,
        159.66491917201452,
        155.22996085030692,
        159.60047258649553,
        155.16734531947546,
        159.5480695452009,
        155.11600167410714,
        159.50406101771765,
        155.07369777134485,
        159.46673801967077,
        155.0387180873326,
        159.4351043701172,
        155.0097176688058,
        159.4083513532366,
        154.98563276018416,
        159.38578360421317,
        154.96561540876115,
        159.36677987234933,
        154.94894191196985,
        159.3508017403739,
        154.93506731305803,
        159.33737182617188,
        154.92352294921875,
        159.32609340122767,
        154.91392081124442,
        159.31663949148995,
        154.90595354352678,
        159.30870492117745,
        154.89935084751673,
        159.30207170758928,
        154.89391871861048,
        159.29653930664062,
        154.88946969168526,
        159.29193551199776,
        154.8858598981585,
        159.2881317138672,
        154.8829585484096,
        159.28502110072546,
        154.88065883091517,
        159.2824925013951,
        154.87889099121094,
        159.2804696219308,
        154.8775634765625,
        159.2788827078683,
        154.87662615094865,
        159.27767944335938,
        154.87601143973214,
        159.27680097307478,
        154.87569972446985,
        159.27620588030135,
        154.8756321498326,
        159.275874546596,
        154.87577601841517,
        159.27574593680245,
        154.87610735212053,
        159.27581133161272,
        154.8766152518136,
        159.27605329241072,
        154.87725612095423,
        159.2764413016183,
        154.8780255998884,
        159.27696228027344,
        154.87890842982702,
        159.27759660993303,
        154.87989153180803,
        159.27833775111608,
        154.8809531075614,
        159.27916826520647,
        154.88208661760603,
        159.28007289341517,
        154.88330078125,
        159.28106035505022,
        154.88456072126115,
        159.28211103166853
    ],
    "valid_losses": [
        353.81274850027904,
        171.04690551757812,
        170.14697483607702,
        166.4708251953125,
        167.0620858328683,
        163.37373570033483,
        164.7322780064174,
        161.5664999825614,
        163.29117475237166,
        160.41245596749442,
        162.33972385951452,
        159.6317378452846,
        161.67945861816406,
        159.07803998674666,
        161.20296587262834,
        158.66854640415735,
        160.84836905343192,
        158.354496547154,
        160.57772391183036,
        158.09830147879464,
        160.35020010811942,
        157.90254647391183,
        160.1685834612165,
        157.7521711077009,
        160.02904401506697,
        157.63483319963728,
        159.92079598563058,
        157.54234967912947,
        159.8383527483259,
        157.46854509626115,
        159.77401079450334,
        157.40871102469308,
        159.7215815952846,
        157.35955592564173,
        159.67783682686942,
        157.31884765625,
        159.64104788643974,
        157.28499276297433,
        159.61007690429688,
        157.2567879813058,
        159.5840083530971,
        157.23325674874442,
        159.56209455217635,
        157.21362086704798,
        159.54366629464286,
        157.19720894949776,
        159.52818080357142,
        157.18348257882255,
        159.5151628766741,
        157.17201668875558,
        159.5042223249163,
        157.16241891043526,
        159.49502563476562,
        157.1544145856585,
        159.48730686732702,
        157.14773995535714,
        159.48083278111048,
        157.14219447544642,
        159.4754137311663,
        157.13760811941964,
        159.4708971296038,
        157.13383047921317,
        159.46715000697546,
        157.13075256347656,
        159.4640611921038,
        157.12825884137834,
        159.46153913225447,
        157.12629045758928,
        159.45950753348214,
        157.124751499721,
        159.45789882114954,
        157.12360273088728,
        159.45665849958147,
        157.1227765764509,
        159.4557342529297,
        157.1222381591797,
        159.45509774344308,
        157.1219526018415,
        159.45469229561942,
        157.12188284737724,
        159.45450265066964,
        157.12200709751673,
        159.45450265066964,
        157.12229701450892,
        159.4546835763114,
        157.1227286202567,
        159.45498657226562,
        157.12329319545202,
        159.45543343680245,
        157.1239776611328,
        159.45599583217077,
        157.12476457868303,
        159.4566606794085,
        157.1256365094866,
        159.45741271972656,
        157.1265825544085,
        159.45824977329798,
        157.1276114327567,
        159.45916094098772,
        157.1286904471261,
        159.4601331438337
    ],