{
    "testproblem": "quadratic_deep",
    "batch_size": 128,
    "num_epochs": 100,
    "random_seed": 42,
    "weight_decay": null,
    "optimizer_name": "PowKernelMomentumOptimizer",
    "optimizer_hyperparams": {
        "learning_rate": 0.12604664585649453,
        "power": 0.5
    },
    "training_params": {
        "lr_sched_epochs": null,
        "lr_sched_factors": null
    },
    "train_losses": [
        352.8963535853795,
        145.6524614606585,
        174.93579319545202,
        188.42252458844865,
        153.51309858049666,
        168.9527827671596,
        157.10871015276228,
        120.55507223946708,
        203.6512233189174,
        159.7821284702846,
        159.79237801688058,
        162.0640869140625,
        155.665767124721,
        162.64053780691964,
        163.60939243861608,
        150.32889011928015,
        151.69546944754464,
        157.11895315987724,
        168.47581045968192,
        167.1987566266741,
        146.03775896344865,
        157.36807904924666,
        158.7247576032366,
        142.59697832380022,
        161.33004542759485,
        155.22235325404577,
        187.68018450055803,
        135.7527858189174,
        172.28028651646204,
        153.13366917201452,
        193.51325334821428,
        140.17865644182478,
        177.02845110212053,
        158.67088317871094,
        190.86563982282365,
        140.90644182477678,
        169.14465550013952,
        158.55919102260046,
        188.74072919573103,
        141.21310206821985,
        170.44415501185827,
        159.32472011021204,
        192.74305507114954,
        141.09442138671875,
        172.51600646972656,
        158.95671735491072,
        194.36361040387834,
        141.49771990094865,
        175.14288112095423,
        158.49644034249442,
        194.41988699776786,
        139.7866973876953,
        172.37160164969308,
        158.2728554861886,
        193.81966291155135,
        142.07303728376115,
        174.53861127580916,
        158.60623822893416,
        193.19800894601005,
        139.93824114118303,
        173.2301483154297,
        157.83960178920202,
        193.7603476388114,
        140.66695731026786,
        173.14557102748327,
        158.78599330357142,
        194.4068603515625,
        142.18389456612724,
        175.20509338378906,
        158.46525137765067,
        193.5982382638114,
        139.9694562639509,
        173.0838579450335,
        157.9691445486886,
        194.3968026297433,
        142.19619750976562,
        175.02124677385603,
        157.5625501360212,
        192.41158621651786,
        139.74124363490515,
        173.13795907156808,
        157.55511038643974,
        193.0144500732422,
        140.8773956298828,
        172.1792449951172,
        158.90642656598772,
        193.86613246372767,
        142.4355926513672,
        174.97898646763392,
        157.8778839111328,
        192.82403128487724,
        139.58624267578125,
        173.18525913783483,
        157.56746346609933,
        193.68962969098772,
        140.56533813476562,
        172.6457737513951,
        158.90180097307478,
        194.14377920968192,
        142.34483337402344,
        175.81931849888392
    ],
    "valid_losses": [
        353.81274850027904,
        144.86112322126115,
        175.03179277692522,
        192.4610552106585,
        154.31595720563615,
        168.89662388392858,
        159.29348754882812,
        122.25662885393415,
        203.6767076764788,
        161.82166835239954,
        161.30696759905135,
        162.7064950125558,
        155.83106776646204,
        163.98512486049108,
        165.45626613071985,
        151.1059352329799,
        151.88973781040735,
        158.79366411481584,
        170.47972324916296,
        167.42379760742188,
        146.6318860735212,
        157.59958975655692,
        159.43867710658483,
        144.3044215611049,
        162.91453116280692,
        155.6615208217076,
        187.7527138846261,
        137.33408900669642,
        174.28924996512276,
        153.02938188825334,
        192.99260820661272,
        142.00266592843192,
        179.33262852260046,
        158.87693786621094,
        190.62147739955358,
        142.72398812430245,
        171.68365478515625,
        158.8526611328125,
        188.3862043108259,
        143.11897713797433,
        172.99576895577567,
        159.50736781529017,
        192.29259381975447,
        143.02575029645647,
        175.12635367257255,
        159.1614052908761,
        193.76422555106026,
        143.5270058768136,
        177.86643545968192,
        158.6392059326172,
        193.96961103166853,
        141.70579310825892,
        175.07171194893974,
        158.42321559361048,
        193.21649605887276,
        144.1111820765904,
        177.25725882393974,
        158.77018083844865,
        192.72821480887276,
        141.88234383719308,
        175.91746303013392,
        157.9563249860491,
        193.26718139648438,
        142.6294882638114,
        175.8499712262835,
        158.94449506487166,
        193.7686266217913,
        144.24495370047433,
        177.93976702008928,
        158.61706324986048,
        193.12042672293526,
        141.91368974958147,
        175.78691973005022,
        158.09717014857702,
        193.77612958635603,
        144.26775251116072,
        177.75728280203683,
        157.67471749441964,
        192.01329040527344,
        141.6537366594587,
        175.7953622000558,
        157.68739754813058,
        192.5205296107701,
        142.88834926060267,
        174.87110246930803,
        159.02098955426897,
        193.22929164341517,
        144.50699506487166,
        177.7171369280134,
        158.01332528250558,
        192.36643545968192,
        141.5300053187779,
        175.87220110212053,
        157.67291477748327,
        193.20823669433594,
        142.51763698032923,
        175.35457284109933,
        159.0879407610212,
        193.48485020228796,
        144.40350341796875,
        178.53909519740515
    ],