{
    "testproblem": "quadratic_deep",
    "batch_size": 128,
    "num_epochs": 100,
    "random_seed": 42,
    "weight_decay": null,
    "optimizer_name": "PowKernelMomentumOptimizer",
    "optimizer_hyperparams": {
        "learning_rate": 0.0005416754583247456,
        "power": 0.8
    },
    "training_params": {
        "lr_sched_epochs": null,
        "lr_sched_factors": null
    },
    "train_losses": [
        352.8963535853795,
        227.49603271484375,
        117.47583116803851,
        110.83633858816964,
        115.20668574741909,
        106.64475795200893,
        102.98419734409877,
        102.58326067243304,
        101.30308096749442,
        100.30375235421317,
        99.58482360839844,
        98.84044647216797,
        98.1653322492327,
        97.53575134277344,
        96.93329620361328,
        96.36679949079242,
        95.83238765171596,
        95.32620348249164,
        94.84728676932198,
        94.39422171456474,
        93.9653821672712,
        93.5594733101981,
        93.17520577566964,
        92.811277117048,
        92.46651022774833,
        92.1398195539202,
        91.83015441894531,
        91.5365219116211,
        91.25799778529576,
        90.99368613106864,
        90.74278041294643,
        90.5045405796596,
        90.27825382777623,
        90.06323569161552,
        89.85882786342076,
        89.66444614955357,
        89.47952052525112,
        89.30353110177177,
        89.13598523821149,
        88.97640555245536,
        88.82435825892857,
        88.67941611153739,
        88.54119546072823,
        88.40930829729352,
        88.28341129847935,
        88.16316441127232,
        88.04827662876674,
        87.93845040457589,
        87.83343941824776,
        87.7329853602818,
        87.63683973039899,
        87.54478127615792,
        87.45659746442523,
        87.37208339146206,
        87.29104505266461,
        87.2133069719587,
        87.13870566231864,
        87.06708635602679,
        86.99829973493304,
        86.93220629010882,
        86.86867959158761,
        86.80758666992188,
        86.74881635393415,
        86.69224112374442,
        86.6377705165318,
        86.58529881068638,
        86.53473445347377,
        86.48599352155414,
        86.43899318150112,
        86.39365059988839,
        86.34989166259766,
        86.30764552525112,
        86.26684679303851,
        86.22742898123605,
        86.18933868408203,
        86.1525126865932,
        86.11690085274833,
        86.08245631626674,
        86.04912458147321,
        86.01686096191406,
        85.98562404087612,
        85.9553713117327,
        85.92606353759766,
        85.8976571219308,
        85.87012154715401,
        85.84341757638114,
        85.81751360212054,
        85.7923834664481,
        85.7679933820452,
        85.74431501116071,
        85.72132655552456,
        85.6989996773856,
        85.67731693812779,
        85.656247820173,
        85.63577488490513,
        85.61588287353516,
        85.59654453822544,
        85.57774462018695,
        85.55946459089007,
        85.54168701171875,
        85.52439444405692
    ],
    "valid_losses": [
        353.81274850027904,
        228.48964146205358,
        118.55338505336216,
        111.82997349330357,
        116.01964569091797,
        107.34550367082868,
        103.71859959193638,
        103.43451036725726,
        102.22957066127232,
        101.21955217633929,
        100.4489004952567,
        99.6741703578404,
        99.0102299281529,
        98.40907941545758,
        97.82328578404018,
        97.25569479806083,
        96.71432059151786,
        96.2063718523298,
        95.73217228480748,
        95.28536333356585,
        94.86050524030414,
        94.45632825578961,
        94.07346670968192,
        93.71175166538784,
        93.36976732526507,
        93.04574040004185,
        92.73832702636719,
        92.44670867919922,
        92.17020525251117,
        91.90796443394252,
        91.65910230364118,
        91.4228036063058,
        91.19836861746651,
        90.98513575962612,
        90.78249032156808,
        90.58983612060547,
        90.40659659249442,
        90.2322518484933,
        90.06630052839007,
        89.90826851981026,
        89.75772203717914,
        89.61424909319196,
        89.47744968959263,
        89.34693472726005,
        89.22235107421875,
        89.10338810511998,
        88.98975372314453,
        88.88116237095424,
        88.77734483991351,
        88.67803083147321,
        88.58298819405692,
        88.49200112479073,
        88.4048581804548,
        88.32135554722377,
        88.24130358014789,
        88.16452462332589,
        88.09085300990513,
        88.02013724190849,
        87.95221928187779,
        87.886962890625,
        87.8242427280971,
        87.76393781389508,
        87.7059304373605,
        87.65010942731585,
        87.5963603428432,
        87.54459054129464,
        87.49471173967633,
        87.44663565499442,
        87.40027727399554,
        87.35555594308036,
        87.31239318847656,
        87.27072252546039,
        87.23048400878906,
        87.19161224365234,
        87.15404292515346,
        87.1177237374442,
        87.08260781424386,
        87.0486341203962,
        87.01576559884208,
        86.98394339425224,
        86.95313698904855,
        86.92330932617188,
        86.89441898890904,
        86.86642020089286,
        86.8392824445452,
        86.81295885358539,
        86.7874287196568,
        86.76265498570034,
        86.73861803327289,
        86.7152829851423,
        86.692629132952,
        86.67062813895089,
        86.64925820486886,
        86.62849753243583,
        86.60832214355469,
        86.5887211390904,
        86.56966945103237,
        86.55113656180245,
        86.53311920166016,
        86.51559230259487,
        86.49854278564453
    ],