{
    "testproblem": "quadratic_deep",
    "batch_size": 128,
    "num_epochs": 100,
    "random_seed": 42,
    "weight_decay": null,
    "optimizer_name": "PowKernelMomentumOptimizer",
    "optimizer_hyperparams": {
        "learning_rate": 0.024400607090817518,
        "power": 0.5
    },
    "training_params": {
        "lr_sched_epochs": null,
        "lr_sched_factors": null
    },
    "train_losses": [
        352.8963535853795,
        142.4918496268136,
        111.58896200997489,
        101.3487570626395,
        95.51246425083706,
        91.73119136265346,
        88.41087559291294,
        87.67222268240792,
        87.18000139508929,
        87.5288827078683,
        88.09978921072823,
        88.43939862932477,
        88.57879856654576,
        88.71955980573382,
        88.87141854422433,
        89.08430916922433,
        89.28804888044085,
        89.4395512172154,
        89.6107907976423,
        89.78989955357143,
        89.96361432756696,
        90.12352425711495,
        90.23573630196708,
        90.25210571289062,
        90.18558611188617,
        90.12056187220982,
        90.12621961321149,
        90.24940817696708,
        90.45375605991909,
        90.6412854875837,
        90.83966936383929,
        90.96120888846261,
        91.04800524030414,
        91.07559313092914,
        91.1337149483817,
        91.2908684866769,
        91.44178880964007,
        91.49329376220703,
        91.46583993094308,
        91.3934805733817,
        91.25687408447266,
        91.12038203648159,
        91.01554434640067,
        90.96103886195591,
        90.99972534179688,
        91.11722237723214,
        91.2165298461914,
        91.30351148332868,
        91.38568006243024,
        91.48089054652623,
        91.4928730555943,
        91.44969177246094,
        91.41680145263672,
        91.39144134521484,
        91.3028063092913,
        91.15758296421596,
        91.07100677490234,
        91.07491956438336,
        91.1059101649693,
        91.18030221121651,
        91.22566986083984,
        91.33003343854632,
        91.48633466448102,
        91.5864007132394,
        91.63241141183036,
        91.67862374441964,
        91.71703447614398,
        91.74029323032924,
        91.7158944266183,
        91.66724722726005,
        91.51571873256138,
        91.32835170200893,
        91.21346936907086,
        91.21315220424107,
        91.3103506905692,
        91.39223153250558,
        91.49585832868304,
        91.62298801967076,
        91.75403812953404,
        91.82873644147601,
        91.8862544468471,
        91.92061288016183,
        91.94055502755302,
        91.98703874860492,
        91.95624760219029,
        91.90236009870257,
        91.7678963797433,
        91.6143046787807,
        91.54912567138672,
        91.56888471330915,
        91.66261182512555,
        91.74639238630023,
        91.90418134416852,
        92.06186131068638,
        92.14161573137555,
        92.18471854073661,
        92.19921112060547,
        92.19638170514789,
        92.2257832118443,
        92.18409511021206,
        92.16022600446429
    ],
    "valid_losses": [
        353.81274850027904,
        142.60389709472656,
        112.75493730817523,
        103.37641143798828,
        97.27698843819755,
        93.28616333007812,
        89.70367322649274,
        88.77957698277065,
        88.19667707170758,
        88.57077026367188,
        89.22251565115792,
        89.58865029471261,
        89.71188027518136,
        89.86741638183594,
        90.03562491280692,
        90.23992810930524,
        90.44094630650112,
        90.59804098946708,
        90.76833997453961,
        90.9313474382673,
        91.08096422467914,
        91.25356837681362,
        91.37794167654855,
        91.39154270717076,
        91.3307113647461,
        91.27300262451172,
        91.2701895577567,
        91.36946977887835,
        91.55977957589286,
        91.73326873779297,
        91.9239033290318,
        92.04651641845703,
        92.12823377336774,
        92.14667728969029,
        92.1915762765067,
        92.3423843383789,
        92.49505070277623,
        92.55294145856585,
        92.51603153773716,
        92.42640577043805,
        92.27628871372768,
        92.14928327287946,
        92.06166294642857,
        92.0177230834961,
        92.06331307547433,
        92.1953125,
        92.29207938058036,
        92.36306762695312,
        92.43563188825335,
        92.5257819039481,
        92.53633662632534,
        92.4964828491211,
        92.45265415736607,
        92.41328757149833,
        92.3135234287807,
        92.16670554024833,
        92.10077340262276,
        92.12637983049665,
        92.16858019147601,
        92.25911276681083,
        92.32385144914899,
        92.4217997959682,
        92.55926731654576,
        92.6488767351423,
        92.68909127371651,
        92.72791508265904,
        92.75749969482422,
        92.76846749441964,
        92.73370906284877,
        92.67202976771763,
        92.5135519845145,
        92.34084647042411,
        92.25414058140346,
        92.27354213169643,
        92.38421412876674,
        92.48487854003906,
        92.59626007080078,
        92.7131838117327,
        92.83923775809151,
        92.9033955165318,
        92.94755554199219,
        92.97621590750558,
        92.9781014578683,
        93.01074872698102,
        92.97382136753627,
        92.90694754464286,
        92.76703425816127,
        92.63258470807757,
        92.59184047154018,
        92.63028390066964,
        92.73689814976284,
        92.83504377092633,
        92.9916251046317,
        93.1451165335519,
        93.21103886195591,
        93.23937225341797,
        93.24994441441127,
        93.23478480747768,
        93.24956730433873,
        93.20089503696987,
        93.16517203194755
    ],