{
    "testproblem": "quadratic_deep",
    "batch_size": 128,
    "num_epochs": 100,
    "random_seed": 42,
    "weight_decay": null,
    "optimizer_name": "PowKernelMomentumOptimizer",
    "optimizer_hyperparams": {
        "learning_rate": 0.024637685958997447,
        "power": 0.9
    },
    "training_params": {
        "lr_sched_epochs": null,
        "lr_sched_factors": null
    },
    "train_losses": [
        352.8963535853795,
        151.1024627685547,
        122.66247994559151,
        105.15192304338727,
        102.85397011893136,
        94.99969155447823,
        94.27060263497489,
        91.53720201764789,
        90.71395983014789,
        90.80774361746651,
        91.38877759660993,
        91.15135192871094,
        90.60818154471261,
        90.44778115408761,
        90.45786612374442,
        90.39736611502511,
        90.30211857386998,
        90.21649278913226,
        90.15015084402901,
        90.11429159981864,
        90.08677891322544,
        90.05993761335101,
        90.04232025146484,
        90.02914646693638,
        90.01635088239398,
        90.00799015590123,
        90.00366319928851,
        90.00018746512276,
        89.99725668770927,
        89.9951902117048,
        89.99383108956474,
        89.993166242327,
        89.99294063023159,
        89.99282509940011,
        89.99284144810268,
        89.99302891322544,
        89.99330248151507,
        89.99364144461495,
        89.99402618408203,
        89.99442291259766,
        89.9948229108538,
        89.99522726876395,
        89.99563271658761,
        89.99602508544922,
        89.9964109148298,
        89.99678475516183,
        89.9971455165318,
        89.99748992919922,
        89.99782017299107,
        89.99813842773438,
        89.99844687325614,
        89.99873679024833,
        89.99901144845145,
        89.99927956717355,
        89.99953242710659,
        89.99977656773159,
        90.00000762939453,
        90.00023215157645,
        90.00044250488281,
        90.00064631870815,
        90.00083923339844,
        90.00102778843471,
        90.00120544433594,
        90.00137547084263,
        90.00154113769531,
        90.00169808523995,
        90.00184849330357,
        90.00199781145368,
        90.00213514055524,
        90.0022713797433,
        90.00239889962333,
        90.00252423967633,
        90.00264195033482,
        90.0027596609933,
        90.00287083217076,
        90.00298091343471,
        90.00308445521763,
        90.00318472726005,
        90.00327954973493,
        90.00337219238281,
        90.0034648350307,
        90.00355311802456,
        90.0036381312779,
        90.00371987479073,
        90.00380379813058,
        90.0038811819894,
        90.00395202636719,
        90.00402723039899,
        90.0041002546038,
        90.00416891915458,
        90.00423649379185,
        90.00430297851562,
        90.00436510358539,
        90.00442722865513,
        90.00448717389789,
        90.00455147879464,
        90.00460815429688,
        90.0046637398856,
        90.00472150530133,
        90.00477382114956,
        90.00482831682477
    ],
    "valid_losses": [
        353.81274850027904,
        153.49169703892298,
        125.15743582589286,
        106.33966500418526,
        103.64237976074219,
        96.8030526297433,
        96.35573468889508,
        93.12646593366351,
        92.28024183000836,
        92.565427507673,
        93.097412109375,
        92.84765951974052,
        92.32301112583706,
        92.14253779820034,
        92.16541181291852,
        92.11620766775948,
        92.0012446812221,
        91.91223689488002,
        91.85485403878349,
        91.81685311453683,
        91.78614480154855,
        91.76014818464007,
        91.74222019740513,
        91.72854941231864,
        91.71578107561383,
        91.70693533761161,
        91.70241110665458,
        91.69905635288784,
        91.69592830113002,
        91.69366564069476,
        91.69228145054409,
        91.69154030936105,
        91.69120679582868,
        91.69102913992745,
        91.69098663330078,
        91.69110652378627,
        91.6913321358817,
        91.69161878313336,
        91.69195120675224,
        91.69230651855469,
        91.69266401018415,
        91.69302477155414,
        91.69339098249164,
        91.69375283377511,
        91.69410160609654,
        91.69444056919643,
        91.69477299281529,
        91.69508470807757,
        91.6953877040318,
        91.6956787109375,
        91.69595881870815,
        91.69622475760323,
        91.69647761753627,
        91.69672393798828,
        91.69695717947823,
        91.69717952183315,
        91.69739096505302,
        91.69759259905133,
        91.69778442382812,
        91.69797079903739,
        91.69815281459263,
        91.69832066127232,
        91.698484148298,
        91.69864218575614,
        91.69878932407924,
        91.69893319266183,
        91.6990716116769,
        91.69920349121094,
        91.69933101109096,
        91.69945199148995,
        91.69957188197544,
        91.69968850272042,
        91.69979640415737,
        91.6999032156808,
        91.70000348772321,
        91.70010375976562,
        91.700197492327,
        91.70029013497489,
        91.70037841796875,
        91.7004645211356,
        91.70054844447544,
        91.70062473842076,
        91.70070321219308,
        91.70077950613839,
        91.7008547101702,
        91.70092228480748,
        91.70099203927177,
        91.70106288364956,
        91.70112936837333,
        91.70119040352958,
        91.70125470842633,
        91.7013168334961,
        91.70137568882534,
        91.70143018450055,
        91.70148686000279,
        91.70154244559151,
        91.70159258161273,
        91.70164816720145,
        91.70169721330915,
        91.70174843924386,
        91.70179530552456
    ],