{
    "testproblem": "fmnist_vae_no_dropout",
    "batch_size": 64,
    "num_epochs": 100,
    "random_seed": 42,
    "weight_decay": null,
    "optimizer_name": "PowKernelMomentumOptimizerN",
    "optimizer_hyperparams": {
        "learning_rate": 0.0017654048052495065,
        "power": 0.9
    },
    "training_params": {
        "lr_sched_epochs": null,
        "lr_sched_factors": null
    },
    "train_losses": [
        133.11623793381912,
        133.11623793381912,
        133.11623793381912,
        133.11623793381912,
        133.11623793381912,
        133.11623793381912,
        133.11623793381912,
        133.11623793381912,
        133.11623793381912,
        133.11623793381912,
        133.11623793381912,
        133.11623793381912,
        133.11623793381912,
        133.11623793381912,
        133.11623793381912,
        133.11623793381912,
        133.11623793381912,
        133.11623793381912,
        133.11623793381912,
        133.11623793381912,
        133.11623793381912,
        133.11623793381912,
        133.11623793381912,
        133.11623793381912,
        133.11623793381912,
        133.11623793381912,
        133.11623793381912,
        133.11623793381912,
        133.11623793381912,
        133.11623793381912,
        133.11623793381912,
        133.11623793381912,
        133.11623793381912,
        133.11623793381912,
        133.11623793381912,
        133.11623793381912,
        133.11623793381912,
        133.11623793381912,
        133.11623793381912,
        133.11623793381912,
        133.11623793381912,
        133.11623793381912,
        133.11623793381912,
        133.11623793381912,
        133.11623793381912,
        133.11623793381912,
        133.11623793381912,
        133.11623793381912,
        133.11623793381912,
        133.11623793381912,
        133.11623793381912,
        133.11623793381912,
        133.11623793381912,
        133.11623793381912,
        133.11623793381912,
        133.11623793381912,
        133.11623793381912,
        133.11623793381912,
        133.11623793381912,
        133.11623793381912,
        133.11623793381912,
        133.11623793381912,
        133.11623793381912,
        133.11623793381912,
        133.11623793381912,
        133.11623793381912,
        133.11623793381912,
        133.11623793381912,
        133.11623793381912,
        133.11623793381912,
        133.11623793381912,
        133.11623793381912,
        133.11623793381912,
        133.11623793381912,
        133.11623793381912,
        133.11623793381912,
        133.11623793381912,
        133.11623793381912,
        133.11623793381912,
        133.11623793381912,
        133.11623793381912,
        133.11623793381912,
        133.11623793381912,
        133.11623793381912,
        133.11623793381912,
        133.11623793381912,
        133.11623793381912,
        133.11623793381912,
        133.11623793381912,
        133.11623793381912,
        133.11623793381912,
        133.11623793381912,
        133.11623793381912,
        133.11623793381912,
        133.11623793381912,
        133.11623793381912,
        133.11623793381912,
        133.11623793381912,
        133.11623793381912,
        133.11623793381912,
        133.11623793381912
    ],
    "valid_losses": [
        134.07985100379358,
        134.07985100379358,
        134.07985100379358,
        134.07985100379358,
        134.07985100379358,
        134.07985100379358,
        134.07985100379358,
        134.07985100379358,
        134.07985100379358,
        134.07985100379358,
        134.07985100379358,
        134.07985100379358,
        134.07985100379358,
        134.07985100379358,
        134.07985100379358,
        134.07985100379358,
        134.07985100379358,
        134.07985100379358,
        134.07985100379358,
        134.07985100379358,
        134.07985100379358,
        134.07985100379358,
        134.07985100379358,
        134.07985100379358,
        134.07985100379358,
        134.07985100379358,
        134.07985100379358,
        134.07985100379358,
        134.07985100379358,
        134.07985100379358,
        134.07985100379358,
        134.07985100379358,
        134.07985100379358,
        134.07985100379358,
        134.07985100379358,
        134.07985100379358,
        134.07985100379358,
        134.07985100379358,
        134.07985100379358,
        134.07985100379358,
        134.07985100379358,
        134.07985100379358,
        134.07985100379358,
        134.07985100379358,
        134.07985100379358,
        134.07985100379358,
        134.07985100379358,
        134.07985100379358,
        134.07985100379358,
        134.07985100379358,
        134.07985100379358,
        134.07985100379358,
        134.07985100379358,
        134.07985100379358,
        134.07985100379358,
        134.07985100379358,
        134.07985100379358,
        134.07985100379358,
        134.07985100379358,
        134.07985100379358,
        134.07985100379358,
        134.07985100379358,
        134.07985100379358,
        134.07985100379358,
        134.07985100379358,
        134.07985100379358,
        134.07985100379358,
        134.07985100379358,
        134.07985100379358,
        134.07985100379358,
        134.07985100379358,
        134.07985100379358,
        134.07985100379358,
        134.07985100379358,
        134.07985100379358,
        134.07985100379358,
        134.07985100379358,
        134.07985100379358,
        134.07985100379358,
        134.07985100379358,
        134.07985100379358,
        134.07985100379358,
        134.07985100379358,
        134.07985100379358,
        134.07985100379358,
        134.07985100379358,
        134.07985100379358,
        134.07985100379358,
        134.07985100379358,
        134.07985100379358,
        134.07985100379358,
        134.07985100379358,
        134.07985100379358,
        134.07985100379358,
        134.07985100379358,
        134.07985100379358,
        134.07985100379358,
        134.07985100379358,
        134.07985100379358,
        134.07985100379358,
        134.07985100379358
    ],