{
    "testproblem": "quadratic_deep",
    "batch_size": 128,
    "num_epochs": 100,
    "random_seed": 42,
    "weight_decay": null,
    "optimizer_name": "PowKernelMomentumOptimizerN",
    "optimizer_hyperparams": {
        "learning_rate": 0.00019777828512462716,
        "power": 0.5
    },
    "training_params": {
        "lr_sched_epochs": null,
        "lr_sched_factors": null
    },
    "train_losses": [
        352.8963623046875,
        326.12437220982144,
        282.99554443359375,
        238.8354949951172,
        200.29380580357142,
        169.45462690080916,
        146.2541765485491,
        129.72136688232422,
        118.58976309640067,
        111.57879202706474,
        107.51821572440011,
        105.41167231968471,
        104.42448098318917,
        103.93361990792411,
        103.58634839739118,
        103.25717272077289,
        102.92752075195312,
        102.60131072998047,
        102.28168378557477,
        101.96893637520927,
        101.66264888218471,
        101.3624267578125,
        101.06794738769531,
        100.77899278913226,
        100.49539729527065,
        100.21711186000279,
        99.944091796875,
        99.67631203787667,
        99.41363089425224,
        99.15589795793805,
        98.90300532749721,
        98.6548342023577,
        98.41128976004464,
        98.1722913469587,
        97.93781498500279,
        97.70778438023159,
        97.48212432861328,
        97.26073346819196,
        97.04355185372489,
        96.83054678780692,
        96.62164197649274,
        96.41678401402065,
        96.21588897705078,
        96.01891980852399,
        95.82584054129464,
        95.63653455461774,
        95.45094190325055,
        95.2689939226423,
        95.0906731741769,
        94.91590881347656,
        94.74467468261719,
        94.57690320696149,
        94.41248866489956,
        94.25132969447544,
        94.09339795793805,
        93.93863568987165,
        93.7869894845145,
        93.63836778913226,
        93.49270193917411,
        93.35003553118024,
        93.2102802821568,
        93.07335335867745,
        92.93915448869977,
        92.80762263706752,
        92.67871202741351,
        92.55233219691685,
        92.42840031215123,
        92.30687059674945,
        92.18772343226841,
        92.07088688441685,
        91.95631517682757,
        91.84396580287388,
        91.73376137869698,
        91.6256583077567,
        91.51961408342633,
        91.41562107631138,
        91.31363568987165,
        91.21361650739398,
        91.11549704415458,
        91.01921735491071,
        90.92474147251674,
        90.83202689034599,
        90.74105943952289,
        90.6518064226423,
        90.56424386160714,
        90.47833033970424,
        90.39403315952846,
        90.3113272530692,
        90.23019191196987,
        90.15062277657645,
        90.07259477887835,
        89.99604797363281,
        89.92096710205078,
        89.84731728690011,
        89.77505929129464,
        89.70414624895368,
        89.63454110281808,
        89.5662089756557,
        89.49912479945591,
        89.43325696672711,
        89.36859675816127
    ],
    "valid_losses": [
        353.812752859933,
        327.07157244001115,
        283.99620274135043,
        239.89336504255022,
        201.4013671875,
        170.59622410365515,
        147.40932137625558,
        130.8678697858538,
        119.70724923270089,
        112.65137154715401,
        108.5354232788086,
        106.37043762207031,
        105.33130536760602,
        104.8010493687221,
        104.42921774727958,
        104.08912658691406,
        103.75867135184151,
        103.437744140625,
        103.1257574898856,
        102.82033974783761,
        102.51982770647321,
        102.22358158656529,
        101.931640625,
        101.64432743617466,
        101.36193411690849,
        101.08473532540458,
        100.81284877232143,
        100.54630824497768,
        100.28494262695312,
        100.02858407156808,
        99.77707018171039,
        99.53026035853794,
        99.28807067871094,
        99.05041830880302,
        98.81723131452289,
        98.5884541102818,
        98.36403329031808,
        98.1438969203404,
        97.9280014038086,
        97.716306413923,
        97.50872911725726,
        97.30518777029855,
        97.10558210100446,
        96.90985979352679,
        96.71802847726005,
        96.52998352050781,
        96.34566279820034,
        96.16498565673828,
        95.98794664655414,
        95.81446184430804,
        95.64451490129743,
        95.47803388323102,
        95.31490107945034,
        95.15499114990234,
        94.998293195452,
        94.84473419189453,
        94.69421931675502,
        94.54667009626117,
        94.40204293387276,
        94.26034981863839,
        94.12151445661273,
        93.98547254289899,
        93.85215323311942,
        93.72151293073382,
        93.59348515101841,
        93.46798052106585,
        93.3449238368443,
        93.22425733293805,
        93.10595703125,
        92.98998914446149,
        92.87631443568638,
        92.76488385881696,
        92.65559605189732,
        92.54839760916573,
        92.4432394845145,
        92.34010205950055,
        92.23893519810268,
        92.13967895507812,
        92.0423115321568,
        91.94678497314453,
        91.85305677141461,
        91.76109858921596,
        91.6708733694894,
        91.5823723929269,
        91.49554334368024,
        91.41036006382534,
        91.3267844063895,
        91.24478040422711,
        91.16432080950055,
        91.08538709368024,
        91.0079585484096,
        90.93199920654297,
        90.8574948992048,
        90.784423828125,
        90.71275438581195,
        90.64244188581195,
        90.57344600132534,
        90.50573294503349,
        90.43926348005023,
        90.37401907784599,
        90.30996704101562
    ],