{
    "testproblem": "quadratic_deep",
    "batch_size": 128,
    "num_epochs": 100,
    "random_seed": 42,
    "weight_decay": null,
    "optimizer_name": "PowKernelGradientDescentOptimizer",
    "optimizer_hyperparams": {
        "learning_rate": 0.0017654048052495065,
        "power": 0.9
    },
    "training_params": {
        "lr_sched_epochs": null,
        "lr_sched_factors": null
    },
    "train_losses": [
        352.8963535853795,
        208.23113577706474,
        146.94488743373327,
        121.53043801443917,
        111.13571275983539,
        106.86654881068638,
        105.03381892613002,
        104.1437748500279,
        103.61656733921596,
        103.23132869175502,
        102.90431758335659,
        102.60351126534599,
        102.31636374337333,
        102.0377676827567,
        101.76559775216239,
        101.49892752511161,
        101.237302507673,
        100.98048182896206,
        100.72830745152065,
        100.48066166469029,
        100.23744092668805,
        99.99856349400112,
        99.7639410836356,
        99.53349195207868,
        99.30713762555804,
        99.08480072021484,
        98.8664049421038,
        98.65187290736607,
        98.44113486153739,
        98.23412105015346,
        98.03077261788505,
        97.8310056413923,
        97.63475581577846,
        97.44196428571429,
        97.25255802699498,
        97.06647273472377,
        96.8836430140904,
        96.70401218959263,
        96.52751813616071,
        96.35409981863839,
        96.18370928083148,
        96.01628112792969,
        95.8517597743443,
        95.69009835379464,
        95.53123256138393,
        95.37511226109096,
        95.22169385637555,
        95.07092176164899,
        94.92273930140904,
        94.77710723876953,
        94.63397216796875,
        94.49328068324498,
        94.35499681745257,
        94.21908024379185,
        94.08547646658761,
        93.95414733886719,
        93.82504163469586,
        93.6981222970145,
        93.57335226876395,
        93.45068359375,
        93.330078125,
        93.2114977155413,
        93.09490748814174,
        92.98026384626117,
        92.86754281180245,
        92.75669969831195,
        92.64770071847099,
        92.54051644461495,
        92.43509892054966,
        92.33143506731305,
        92.22948128836495,
        92.12920924595424,
        92.03058842250279,
        91.93358721051898,
        91.83817509242466,
        91.74432046072823,
        91.65199824741909,
        91.56117575509208,
        91.47182791573661,
        91.3839340209961,
        91.29745374407086,
        91.21237073625836,
        91.128662109375,
        91.04629952566964,
        90.9652590070452,
        90.88551984514508,
        90.8070547921317,
        90.72983769008091,
        90.65385001046317,
        90.57906668526786,
        90.50547245570591,
        90.43303898402623,
        90.3617444719587,
        90.2915791102818,
        90.22251347133091,
        90.15453120640346,
        90.08761596679688,
        90.02174050467355,
        89.95689283098493,
        89.89304896763393,
        89.83019147600446
    ],
    "valid_losses": [
        353.81274850027904,
        209.22369166782923,
        147.94696480887276,
        122.51192147391183,
        112.08834402901786,
        107.79249790736607,
        105.93916974748883,
        105.03455788748605,
        104.49801744733539,
        104.10719953264508,
        103.7771966116769,
        103.47505296979632,
        103.18758501325335,
        102.90927015032086,
        102.6377432686942,
        102.37191990443638,
        102.1112551007952,
        101.85545131138393,
        101.60431671142578,
        101.35772814069476,
        101.11555916922433,
        100.8777335030692,
        100.64414869035993,
        100.41473061697823,
        100.18939862932477,
        99.96807316371373,
        99.75067247663226,
        99.53713771275112,
        99.32737840924945,
        99.12133898053851,
        98.91894967215401,
        98.7201407296317,
        98.52483476911273,
        98.33297620500836,
        98.14449855259487,
        97.95933423723493,
        97.77742222377232,
        97.59869711739677,
        97.42310224260602,
        97.25057983398438,
        97.08107212611607,
        96.91452244349888,
        96.75087520054409,
        96.59007372174945,
        96.43206787109375,
        96.27679443359375,
        96.1242207118443,
        95.97428349086216,
        95.8269282749721,
        95.68211582728794,
        95.53978620256696,
        95.39989798409599,
        95.26241302490234,
        95.12727791922433,
        94.99445561000279,
        94.86389705113002,
        94.73555864606585,
        94.60940660749164,
        94.48538752964565,
        94.36346326555524,
        94.2436043875558,
        94.12575966971261,
        94.00989859444755,
        93.89598410470145,
        93.78398023332868,
        93.67384992327008,
        93.56556047712054,
        93.45907701764789,
        93.35436139787946,
        93.25138636997768,
        93.15012032645089,
        93.05052294049945,
        92.95257350376674,
        92.85623931884766,
        92.76148441859654,
        92.66828373500279,
        92.57660893031529,
        92.4864251273019,
        92.39771815708706,
        92.3104476928711,
        92.22459629603794,
        92.14013126918248,
        92.05703844342914,
        91.97528403145927,
        91.89484514508929,
        91.8156988961356,
        91.73782348632812,
        91.66119057791573,
        91.58578273228237,
        91.51157815115792,
        91.4385517665318,
        91.36668504987445,
        91.29595620291573,
        91.22634015764508,
        91.15782492501395,
        91.09038870675224,
        91.02401624407086,
        90.95867701939174,
        90.89435795375279,
        90.83104160853794,
        90.76870836530414
    ],