{
    "testproblem": "quadratic_deep",
    "batch_size": 128,
    "num_epochs": 100,
    "random_seed": 42,
    "weight_decay": null,
    "optimizer_name": "PowKernelMomentumOptimizerN",
    "optimizer_hyperparams": {
        "learning_rate": 0.00029072088906598436,
        "power": 0.4
    },
    "training_params": {
        "lr_sched_epochs": null,
        "lr_sched_factors": null
    },
    "train_losses": [
        352.8963623046875,
        323.6366489955357,
        276.804940359933,
        229.43320792061942,
        188.89281572614397,
        157.4401092529297,
        134.87505449567522,
        119.9498291015625,
        111.04322160993304,
        106.47282954624721,
        104.62359292166573,
        103.97381264822823,
        103.54048701695034,
        103.0656978062221,
        102.57295772007534,
        102.09545135498047,
        101.63848440987724,
        101.19662584577289,
        100.76687186104911,
        100.34889875139508,
        99.94223458426339,
        99.54651205880302,
        99.16146087646484,
        98.78711264474052,
        98.4231196812221,
        98.06917245047433,
        97.72493307931083,
        97.3901606968471,
        97.0645751953125,
        96.7479738507952,
        96.44019208635602,
        96.14105442592076,
        95.85048566545758,
        95.56835174560547,
        95.2945327758789,
        95.02874319893974,
        94.7707770211356,
        94.52075086321149,
        94.27838025774274,
        94.04333060128349,
        93.81533813476562,
        93.59415544782367,
        93.37966918945312,
        93.17178344726562,
        92.97010149274554,
        92.77429526192802,
        92.58421543666294,
        92.39978354317802,
        92.22074454171317,
        92.04682922363281,
        91.8779547555106,
        91.71391296386719,
        91.5545152936663,
        91.39969090053013,
        91.249267578125,
        91.10303061349052,
        90.96082741873605,
        90.8225588117327,
        90.68820408412388,
        90.55769675118583,
        90.4308613368443,
        90.30760410853794,
        90.18787711007255,
        90.07160295758929,
        89.95885576520648,
        89.84942190987724,
        89.74311065673828,
        89.6398173740932,
        89.53942980085101,
        89.44181278773716,
        89.34689767020089,
        89.25465611049107,
        89.16506522042411,
        89.07804434640067,
        88.99356842041016,
        88.91161673409599,
        88.832029070173,
        88.75469207763672,
        88.67949567522321,
        88.60632651192802,
        88.53511701311383,
        88.46580614362445,
        88.39836883544922,
        88.33277021135602,
        88.26898193359375,
        88.20696040562221,
        88.14664568219867,
        88.08799089704242,
        88.03094918387276,
        87.97543552943638,
        87.92134312220982,
        87.86861637660435,
        87.8172138759068,
        87.76709311349052,
        87.71819959368024,
        87.67046247209821,
        87.62386540004185,
        87.57839093889508,
        87.53399658203125,
        87.49063219342914,
        87.44826180594308
    ],
    "valid_losses": [
        353.812752859933,
        324.5940202985491,
        277.8329075404576,
        230.53686741420202,
        190.06054905482702,
        158.6447034563337,
        136.0820530482701,
        121.12201472691127,
        112.14945874895368,
        107.49320874895368,
        105.55595397949219,
        104.83453478131976,
        104.35972704206195,
        103.87556893484933,
        103.39539446149554,
        102.93812888009208,
        102.49843161446708,
        102.0671888078962,
        101.64195469447544,
        101.22464970179966,
        100.8175517490932,
        100.42210388183594,
        100.03823634556362,
        99.66555786132812,
        99.3035158429827,
        98.95153154645648,
        98.60927472795758,
        98.27655356270927,
        97.95308903285435,
        97.63864353724888,
        97.33301980154855,
        97.03594316755023,
        96.7474114554269,
        96.46727970668248,
        96.19551086425781,
        95.93178122384208,
        95.6758281162807,
        95.4278084891183,
        95.18746730259487,
        94.95437186104911,
        94.728271484375,
        94.50892203194755,
        94.29605320521763,
        94.08955819266183,
        93.88921356201172,
        93.69467272077289,
        93.50580160958427,
        93.32250104631696,
        93.14452580043248,
        92.97173745291573,
        92.80417960030692,
        92.64155578613281,
        92.48355974469867,
        92.33010973249164,
        92.18103572300502,
        92.03606632777623,
        91.89502934047154,
        91.75782557896206,
        91.62447139195034,
        91.49496023995536,
        91.36913517543248,
        91.24688284737724,
        91.12811061314174,
        91.01272256033761,
        90.90072195870536,
        90.79200635637555,
        90.68642970493862,
        90.58383614676339,
        90.48417227608817,
        90.38736288888114,
        90.29333932059151,
        90.20205906459263,
        90.11343819754464,
        90.02741241455078,
        89.94398716517857,
        89.86309051513672,
        89.78448813302177,
        89.70805358886719,
        89.63374546595982,
        89.56146240234375,
        89.49110739571708,
        89.42264447893415,
        89.3560322352818,
        89.29123251778739,
        89.228273664202,
        89.16703469412667,
        89.10739135742188,
        89.04935673304966,
        88.9929438999721,
        88.93809727260044,
        88.88467516217914,
        88.83260781424386,
        88.78186362130302,
        88.73241642543248,
        88.68420737130302,
        88.63712637765067,
        88.59111785888672,
        88.54614693777901,
        88.5022201538086,
        88.45933532714844,
        88.41744123186383
    ],