{
    "testproblem": "quadratic_deep",
    "batch_size": 128,
    "num_epochs": 100,
    "random_seed": 42,
    "weight_decay": null,
    "optimizer_name": "PowKernelMomentumOptimizer",
    "optimizer_hyperparams": {
        "learning_rate": 0.0005357280069601829,
        "power": 0.7000000000000001
    },
    "training_params": {
        "lr_sched_epochs": null,
        "lr_sched_factors": null
    },
    "train_losses": [
        352.8963535853795,
        255.34878758021765,
        142.09056309291296,
        106.6131820678711,
        110.59771619524274,
        108.95204053606305,
        104.11588723318917,
        102.6334718976702,
        101.96368299211774,
        100.9402356828962,
        100.12491934640067,
        99.41055297851562,
        98.71123613630023,
        98.05758775983539,
        97.43741716657367,
        96.84758540562221,
        96.29035186767578,
        95.76324680873326,
        95.26376342773438,
        94.79063742501395,
        94.34255654471261,
        93.91822596958706,
        93.51638466971261,
        93.13583809988839,
        92.77532087053571,
        92.43369620186942,
        92.10990360804966,
        91.8029294695173,
        91.51183101109096,
        91.2356937953404,
        90.9736088344029,
        90.72477395193917,
        90.48845781598773,
        90.26401083809989,
        90.05074746268136,
        89.8480202811105,
        89.65522984095982,
        89.47184208461216,
        89.29732949393136,
        89.13120705740792,
        88.97302355085101,
        88.82235063825335,
        88.67876870291573,
        88.5418930053711,
        88.41134425571987,
        88.28675842285156,
        88.16780199323382,
        88.05417960030692,
        87.94560895647321,
        87.84181431361607,
        87.74254390171596,
        87.64757537841797,
        87.55667659214565,
        87.46963391985211,
        87.38624463762555,
        87.3063234601702,
        87.22969273158482,
        87.1561780657087,
        87.0856203351702,
        87.01785823277065,
        86.95275442940849,
        86.89017050606864,
        86.8299800327846,
        86.77207728794643,
        86.7163336617606,
        86.66265869140625,
        86.61094992501395,
        86.56111798967633,
        86.51308332170758,
        86.46675436837333,
        86.42206464494977,
        86.37892804827008,
        86.33728463309151,
        86.29705919538226,
        86.25818743024554,
        86.22061811174665,
        86.18429674421039,
        86.14916229248047,
        86.11516898018974,
        86.082277570452,
        86.0504390171596,
        86.01961844308036,
        85.9897711617606,
        85.96086011614118,
        85.93284061976841,
        85.90568106515067,
        85.87935093470982,
        85.8538077218192,
        85.8290296282087,
        85.80498504638672,
        85.78164672851562,
        85.75899069649833,
        85.73698425292969,
        85.71560995919364,
        85.69483947753906,
        85.67465209960938,
        85.65503365652901,
        85.6359634399414,
        85.61742074148995,
        85.59938594273159,
        85.58184596470424
    ],
    "valid_losses": [
        353.81274850027904,
        256.3402579171317,
        143.19082641601562,
        107.6996089390346,
        111.51630619594029,
        109.70772879464286,
        104.81790597098214,
        103.4054183959961,
        102.84119960239956,
        101.8626948765346,
        101.02340262276786,
        100.2664816720145,
        99.55035727364677,
        98.91133117675781,
        98.31450435093471,
        97.73636736188617,
        97.17789350237165,
        96.64643314906529,
        96.1470456804548,
        95.67865753173828,
        95.23597935267857,
        94.81516374860492,
        94.41531263078961,
        94.03668757847377,
        93.67867933000836,
        93.33982413155692,
        93.01858847481864,
        92.71385628836495,
        92.42487553187779,
        92.15085928780692,
        91.89092254638672,
        91.64419337681362,
        91.40989903041294,
        91.18732452392578,
        90.97585950578961,
        90.77490888323102,
        90.58388083321708,
        90.40221078055245,
        90.22936357770648,
        90.06487383161273,
        89.90830557686942,
        89.75919995989118,
        89.61711665562221,
        89.48165566580636,
        89.35247911725726,
        89.22925349644252,
        89.11163003104073,
        88.99930790492466,
        88.89200701032367,
        88.7894265311105,
        88.69132123674665,
        88.59747423444476,
        88.5076664515904,
        88.4216799054827,
        88.33931514195034,
        88.26038360595703,
        88.18470328194755,
        88.11209106445312,
        88.04240199497768,
        87.97549874441964,
        87.91123962402344,
        87.84947095598493,
        87.79006740025112,
        87.73291015625,
        87.67789568219867,
        87.62493569510323,
        87.57391793387276,
        87.52474757603237,
        87.47735813685826,
        87.43165915352958,
        87.38757760184151,
        87.34503827776227,
        87.30396597726005,
        87.26430184500558,
        87.22598048618862,
        87.18893432617188,
        87.15310559953961,
        87.11844852992466,
        87.0849118913923,
        87.05246189662388,
        87.02105603899274,
        86.9906507219587,
        86.96119907924107,
        86.93267059326172,
        86.905027117048,
        86.87824140276227,
        86.8522720336914,
        86.82708413260323,
        86.80265154157367,
        86.77894374302456,
        86.75594329833984,
        86.73361642020089,
        86.71194240025112,
        86.69087873186383,
        86.67040579659599,
        86.6505105154855,
        86.6311754499163,
        86.61238207135882,
        86.59410749162946,
        86.57632882254464,
        86.55903625488281
    ],