{
    "testproblem": "quadratic_deep",
    "batch_size": 128,
    "num_epochs": 100,
    "random_seed": 42,
    "weight_decay": null,
    "optimizer_name": "PowKernelGradientDescentOptimizer",
    "optimizer_hyperparams": {
        "learning_rate": 0.00012087541473056955,
        "power": 0.5
    },
    "training_params": {
        "lr_sched_epochs": null,
        "lr_sched_factors": null
    },
    "train_losses": [
        352.8963535853795,
        348.6467764718192,
        344.45336478097096,
        340.3156215122768,
        336.23304530552457,
        332.20509556361606,
        328.2312752859933,
        324.3110787527902,
        320.44400460379467,
        316.62955147879467,
        312.8672354561942,
        309.15652901785717,
        305.49695260184154,
        301.8880310058594,
        298.32923671177457,
        294.8201250348772,
        291.3601989746094,
        287.94897896902904,
        284.5859941755022,
        281.270751953125,
        278.00281197684154,
        274.7816685267857,
        271.60687473842074,
        268.4779379708426,
        265.39442661830356,
        262.3558654785156,
        259.3617967878069,
        256.41178240094865,
        253.5053253173828,
        250.64201136997767,
        247.82139587402344,
        245.04303414481026,
        242.30646623883928,
        239.6112518310547,
        236.95695277622767,
        234.34313092912947,
        231.76937648228235,
        229.23524693080358,
        226.7403106689453,
        224.28414699009485,
        221.86632428850447,
        219.4864283970424,
        217.14404514857702,
        214.83875819614954,
        212.5701424734933,
        210.33780779157365,
        208.14134652273995,
        205.98033796037947,
        203.85437229701452,
        201.76304626464844,
        199.70595005580358,
        197.68270220075334,
        195.69290597098214,
        193.73615373883928,
        191.81207711356026,
        189.92028154645647,
        188.0604204450335,
        186.23207092285156,
        184.4348645891462,
        182.66844831194197,
        180.93241664341517,
        179.22642735072546,
        177.55010986328125,
        175.90308707101005,
        174.28504071916853,
        172.69556971958704,
        171.1342991420201,
        169.60089111328125,
        168.09502955845423,
        166.61635044642858,
        165.16446794782365,
        163.73905726841517,
        162.33975437709265,
        160.96623011997767,
        159.61812700544084,
        158.2950940813337,
        156.99678475516183,
        155.72288731166296,
        154.47308131626673,
        153.24700273786272,
        152.04436819893974,
        150.86480930873327,
        149.70803833007812,
        148.573726109096,
        147.46155875069755,
        146.3712419782366,
        145.3024422781808,
        144.2548588344029,
        143.22820390973772,
        142.22216142926897,
        141.23646327427454,
        140.27079119001115,
        139.32487051827567,
        138.39840262276786,
        137.4910888671875,
        136.6026654924665,
        135.73282514299666,
        134.88131495884485,
        134.04783303397042,
        133.23211124965124,
        132.43386840820312
    ],
    "valid_losses": [
        353.81274850027904,
        349.56829833984375,
        345.379891531808,
        341.2471226283482,
        337.16944667271207,
        333.1463143484933,
        329.177254813058,
        325.26175362723217,
        321.39929635184154,
        317.58939470563615,
        313.83156040736606,
        310.1252702985491,
        306.4700360979353,
        302.8653782435826,
        299.310799734933,
        295.80584716796875,
        292.35001046316967,
        288.94281005859375,
        285.58377511160717,
        282.2724304199219,
        279.0083269391741,
        275.7909502301897,
        272.619864327567,
        269.4946071079799,
        266.4146815708705,
        263.37965175083707,
        260.3890577043806,
        257.4424373081752,
        254.53931753976005,
        251.67929077148438,
        248.86188616071428,
        246.08665030343192,
        243.35316685267858,
        240.66095842633928,
        238.0095934186663,
        235.39864894321985,
        232.82770211356026,
        230.2963104248047,
        227.80404663085938,
        225.35046604701452,
        222.93516540527344,
        220.5577152797154,
        218.21769060407365,
        215.9146946498326,
        213.6482914515904,
        211.41807992117745,
        209.22365025111608,
        207.06459481375558,
        204.94052124023438,
        202.85100664411272,
        200.795658656529,
        198.7740696498326,
        196.78586905343192,
        194.83064923967635,
        192.9080309186663,
        191.01761954171317,
        189.1590619768415,
        187.33196149553572,
        185.53593226841517,
        183.7706298828125,
        182.035640171596,
        180.33062744140625,
        178.65521022251673,
        177.00901794433594,
        175.3917236328125,
        173.80294363839286,
        172.2422877720424,
        170.70943341936385,
        169.20403834751673,
        167.72576468331474,
        166.27420697893416,
        164.84905351911272,
        163.44993373325892,
        162.07650756835938,
        160.72842407226562,
        159.40533229282923,
        158.1069096156529,
        156.83282470703125,
        155.5827418736049,
        154.3563450404576,
        153.15331377301897,
        151.97331891741072,
        150.81605093819755,
        149.68119376046317,
        148.5684356689453,
        147.4774627685547,
        146.407963344029,
        145.3596474783761,
        144.33219691685267,
        143.3253173828125,
        142.33871241978235,
        141.37208121163505,
        140.4251491001674,
        139.49761090959822,
        138.5891854422433,
        137.69959586007255,
        136.8285631452288,
        135.9758082798549,
        135.1410413469587,
        134.32398986816406,
        133.5243879045759
    ],