{
    "testproblem": "fmnist_vae",
    "batch_size": 64,
    "num_epochs": 100,
    "random_seed": 42,
    "weight_decay": null,
    "optimizer_name": "PowKernelMomentumOptimizerN",
    "optimizer_hyperparams": {
        "learning_rate": 0.12604664585649453,
        "power": 0.5
    },
    "training_params": {
        "allow_early_finish": false
    },
    "train_losses": [
        133.04190748165814,
        133.04190748165814,
        133.04190748165814,
        133.04190748165814,
        133.04190748165814,
        133.04190748165814,
        133.04190748165814,
        133.04190748165814,
        133.04190748165814,
        133.04190748165814,
        133.04190748165814,
        133.04190748165814,
        133.04190748165814,
        133.04190748165814,
        133.04190748165814,
        133.04190748165814,
        133.04190748165814,
        133.04190748165814,
        133.04190748165814,
        133.04190748165814,
        133.04190748165814,
        133.04190748165814,
        133.04190748165814,
        133.04190748165814,
        133.04190748165814,
        133.04190748165814,
        133.04190748165814,
        133.04190748165814,
        133.04190748165814,
        133.04190748165814,
        133.04190748165814,
        133.04190748165814,
        133.04190748165814,
        133.04190748165814,
        133.04190748165814,
        133.04190748165814,
        133.04190748165814,
        133.04190748165814,
        133.04190748165814,
        133.04190748165814,
        133.04190748165814,
        133.04190748165814,
        133.04190748165814,
        133.04190748165814,
        133.04190748165814,
        133.04190748165814,
        133.04190748165814,
        133.04190748165814,
        133.04190748165814,
        133.04190748165814,
        133.04190748165814,
        133.04190748165814,
        133.04190748165814,
        133.04190748165814,
        133.04190748165814,
        133.04190748165814,
        133.04190748165814,
        133.04190748165814,
        133.04190748165814,
        133.04190748165814,
        133.04190748165814,
        133.04190748165814,
        133.04190748165814,
        133.04190748165814,
        133.04190748165814,
        133.04190748165814,
        133.04190748165814,
        133.04190748165814,
        133.04190748165814,
        133.04190748165814,
        133.04190748165814,
        133.04190748165814,
        133.04190748165814,
        133.04190748165814,
        133.04190748165814,
        133.04190748165814,
        133.04190748165814,
        133.04190748165814,
        133.04190748165814,
        133.04190748165814,
        133.04190748165814,
        133.04190748165814,
        133.04190748165814,
        133.04190748165814,
        133.04190748165814,
        133.04190748165814,
        133.04190748165814,
        133.04190748165814,
        133.04190748165814,
        133.04190748165814,
        133.04190748165814,
        133.04190748165814,
        133.04190748165814,
        133.04190748165814,
        133.04190748165814,
        133.04190748165814,
        133.04190748165814,
        133.04190748165814,
        133.04190748165814,
        133.04190748165814,
        133.04190748165814
    ],
    "valid_losses": [
        134.00498546698154,
        134.00498546698154,
        134.00498546698154,
        134.00498546698154,
        134.00498546698154,
        134.00498546698154,
        134.00498546698154,
        134.00498546698154,
        134.00498546698154,
        134.00498546698154,
        134.00498546698154,
        134.00498546698154,
        134.00498546698154,
        134.00498546698154,
        134.00498546698154,
        134.00498546698154,
        134.00498546698154,
        134.00498546698154,
        134.00498546698154,
        134.00498546698154,
        134.00498546698154,
        134.00498546698154,
        134.00498546698154,
        134.00498546698154,
        134.00498546698154,
        134.00498546698154,
        134.00498546698154,
        134.00498546698154,
        134.00498546698154,
        134.00498546698154,
        134.00498546698154,
        134.00498546698154,
        134.00498546698154,
        134.00498546698154,
        134.00498546698154,
        134.00498546698154,
        134.00498546698154,
        134.00498546698154,
        134.00498546698154,
        134.00498546698154,
        134.00498546698154,
        134.00498546698154,
        134.00498546698154,
        134.00498546698154,
        134.00498546698154,
        134.00498546698154,
        134.00498546698154,
        134.00498546698154,
        134.00498546698154,
        134.00498546698154,
        134.00498546698154,
        134.00498546698154,
        134.00498546698154,
        134.00498546698154,
        134.00498546698154,
        134.00498546698154,
        134.00498546698154,
        134.00498546698154,
        134.00498546698154,
        134.00498546698154,
        134.00498546698154,
        134.00498546698154,
        134.00498546698154,
        134.00498546698154,
        134.00498546698154,
        134.00498546698154,
        134.00498546698154,
        134.00498546698154,
        134.00498546698154,
        134.00498546698154,
        134.00498546698154,
        134.00498546698154,
        134.00498546698154,
        134.00498546698154,
        134.00498546698154,
        134.00498546698154,
        134.00498546698154,
        134.00498546698154,
        134.00498546698154,
        134.00498546698154,
        134.00498546698154,
        134.00498546698154,
        134.00498546698154,
        134.00498546698154,
        134.00498546698154,
        134.00498546698154,
        134.00498546698154,
        134.00498546698154,
        134.00498546698154,
        134.00498546698154,
        134.00498546698154,
        134.00498546698154,
        134.00498546698154,
        134.00498546698154,
        134.00498546698154,
        134.00498546698154,
        134.00498546698154,
        134.00498546698154,
        134.00498546698154,
        134.00498546698154,
        134.00498546698154
    ],