{
    "testproblem": "quadratic_deep",
    "batch_size": 128,
    "num_epochs": 100,
    "random_seed": 42,
    "weight_decay": null,
    "optimizer_name": "PowKernelGradientDescentOptimizer",
    "optimizer_hyperparams": {
        "learning_rate": 0.0005415244119402537,
        "power": 0.7000000000000001
    },
    "training_params": {
        "lr_sched_epochs": null,
        "lr_sched_factors": null
    },
    "train_losses": [
        352.8963535853795,
        320.02874755859375,
        291.0059552873884,
        265.4415283203125,
        242.98102678571428,
        223.29979160853796,
        206.10110691615515,
        191.114253452846,
        178.09286063058036,
        166.81334795270647,
        157.07356480189733,
        148.69050816127233,
        141.49910627092635,
        135.35091509137834,
        130.11306762695312,
        125.66701398577008,
        121.90699114118304,
        118.73912266322544,
        116.07984270368304,
        113.8560791015625,
        112.0035890851702,
        110.46580396379743,
        109.19278499058315,
        108.14186641148159,
        107.27631269182477,
        106.56497192382812,
        105.98102351597377,
        105.5005122593471,
        105.10301426478794,
        104.77181679861886,
        104.49362073625836,
        104.25728934151786,
        104.05391584123883,
        103.87644631522042,
        103.71922302246094,
        103.57780129568917,
        103.44877297537667,
        103.32919420514789,
        103.21696472167969,
        103.11050088065011,
        103.00853184291294,
        102.91011047363281,
        102.81450544084821,
        102.72118486676898,
        102.6297356741769,
        102.53983306884766,
        102.45120348249164,
        102.36363656180245,
        102.2769753592355,
        102.19112505231585,
        102.10600280761719,
        102.02154432024274,
        101.9376961844308,
        101.85441262381417,
        101.77165985107422,
        101.68941497802734,
        101.60765075683594,
        101.52635519845145,
        101.44551849365234,
        101.36513410295758,
        101.28518894740513,
        101.20567975725446,
        101.12659999302456,
        101.04794311523438,
        100.96970694405692,
        100.89188711983817,
        100.81448037283761,
        100.73748452322823,
        100.66089848109654,
        100.58471243722099,
        100.50893293108258,
        100.43355342320034,
        100.35857282366071,
        100.28398677280971,
        100.20979636056083,
        100.13599831717355,
        100.06259046282086,
        99.98956734793526,
        99.91692570277623,
        99.84467206682477,
        99.7728020804269,
        99.70131029401507,
        99.63019670758929,
        99.55946132114956,
        99.48910086495536,
        99.41911860874721,
        99.34950365339007,
        99.28026035853794,
        99.21138000488281,
        99.1428691319057,
        99.07472229003906,
        99.00693729945591,
        98.93950980050224,
        98.87244088309151,
        98.80573272705078,
        98.73938097272601,
        98.67337472098214,
        98.60772487095424,
        98.54242379324776,
        98.47746930803571,
        98.41285923549107
    ],
    "valid_losses": [
        353.81274850027904,
        320.97210693359375,
        291.97259521484375,
        266.4280482700893,
        243.98419625418526,
        224.31654357910156,
        207.12843104771204,
        192.1492636544364,
        179.13289315359933,
        167.8561030796596,
        158.11683436802454,
        149.73230634416853,
        142.53756277901786,
        136.3844473702567,
        131.1404070172991,
        126.68714904785156,
        122.91914803641183,
        119.74278368268695,
        117.0745827811105,
        114.84159088134766,
        112.97974831717355,
        111.43262699672154,
        110.1504146030971,
        109.09051513671875,
        108.21629333496094,
        107.49669211251395,
        106.90505981445312,
        106.41736820765904,
        106.01320212227958,
        105.67573765345982,
        105.39180646623883,
        105.15028490339007,
        104.94220515659877,
        104.76050894601005,
        104.59952218191964,
        104.45479474748883,
        104.32289668491909,
        104.20076860700335,
        104.08630916050502,
        103.97794778006417,
        103.87434605189732,
        103.77455030168805,
        103.67779758998326,
        103.58352443150112,
        103.4913079398019,
        103.4008047921317,
        103.31172507149833,
        103.22381918770927,
        103.13691929408482,
        103.05090441022601,
        102.96568625313895,
        102.88119288853237,
        102.79735674176898,
        102.71414184570312,
        102.63150133405414,
        102.54940904889789,
        102.46783447265625,
        102.38675907679966,
        102.30616324288505,
        102.22604043143136,
        102.14637865339007,
        102.06715938023159,
        101.98839133126395,
        101.91005488804409,
        101.83214133126395,
        101.75465393066406,
        101.67759050641742,
        101.60093579973493,
        101.52469199044364,
        101.4488547188895,
        101.37342289515904,
        101.2983899797712,
        101.22376142229352,
        101.14952959333148,
        101.07569122314453,
        101.0022463117327,
        100.92918831961495,
        100.85651615687779,
        100.78423091343471,
        100.7123293195452,
        100.64080592564174,
        100.56966509137835,
        100.4989013671875,
        100.42851039341518,
        100.35849325997489,
        100.28885105678013,
        100.21957615443638,
        100.15067509242466,
        100.08213806152344,
        100.01396070207868,
        99.94615064348493,
        99.87870243617466,
        99.81160954066685,
        99.74487631661552,
        99.67849949428013,
        99.61247144426618,
        99.5468008858817,
        99.48147474016461,
        99.416501726423,
        99.3518785749163,
        99.287595476423
    ],