{
    "testproblem": "quadratic_deep",
    "batch_size": 128,
    "num_epochs": 100,
    "random_seed": 42,
    "weight_decay": null,
    "optimizer_name": "PowKernelMomentumOptimizer",
    "optimizer_hyperparams": {
        "learning_rate": 0.0035868164986275477,
        "power": 0.5
    },
    "training_params": {
        "lr_sched_epochs": null,
        "lr_sched_factors": null
    },
    "train_losses": [
        352.8963535853795,
        120.72412218366351,
        146.16158185686385,
        104.67482539585659,
        105.48266274588448,
        99.02066476004464,
        95.3316901070731,
        92.75738743373326,
        90.89547838483539,
        89.54469299316406,
        88.50257437569755,
        87.74596187046596,
        87.14954703194755,
        86.73571668352399,
        86.41625104631696,
        86.17987496512276,
        85.99007960728237,
        85.84225354875836,
        85.72113146100726,
        85.62492261614118,
        85.54490770612445,
        85.48079463413784,
        85.42648097446987,
        85.38287244524274,
        85.34596688406808,
        85.31621551513672,
        85.29147556849888,
        85.271238054548,
        85.25434330531529,
        85.24073137555804,
        85.2292011805943,
        85.22033800397601,
        85.2127707345145,
        85.20706503731864,
        85.20242091587612,
        85.19904218401227,
        85.19657135009766,
        85.19488743373326,
        85.19389888218471,
        85.19345201764789,
        85.19356972830636,
        85.19403185163226,
        85.19497571672711,
        85.19607652936664,
        85.19759695870536,
        85.1991707938058,
        85.2010966709682,
        85.20305524553571,
        85.2052492414202,
        85.20748683384487,
        85.20986829485211,
        85.21229880196708,
        85.21480778285435,
        85.21736689976284,
        85.21996634347099,
        85.22260502406529,
        85.22526332310268,
        85.22794995989118,
        85.2306398664202,
        85.2333515712193,
        85.23604910714286,
        85.23876844133649,
        85.24146597726005,
        85.24418640136719,
        85.24686758858817,
        85.24957384381976,
        85.25223759242466,
        85.25492313929966,
        85.25755746023995,
        85.26022447858539,
        85.26282937186105,
        85.26547241210938,
        85.26804678780692,
        85.2706549508231,
        85.27320207868304,
        85.27578626360211,
        85.27829960414341,
        85.28085218157086,
        85.28333827427456,
        85.28586142403739,
        85.28831917898995,
        85.29080636160714,
        85.29323904854911,
        85.29569789341518,
        85.29810224260602,
        85.30053165980748,
        85.30291203090123,
        85.30530984061105,
        85.3076662336077,
        85.3100335257394,
        85.31236594063895,
        85.31470162527901,
        85.31701769147601,
        85.31932503836495,
        85.32161712646484,
        85.32389722551618,
        85.32616533551898,
        85.3284192766462,
        85.3306655883789,
        85.33289664132255,
        85.33511897495815
    ],
    "valid_losses": [
        353.81274850027904,
        121.97231619698661,
        146.88583156040735,
        105.08678872244698,
        106.75489916120257,
        99.81887381417411,
        96.1045172555106,
        93.82123783656529,
        91.68065861293248,
        90.57730429513114,
        89.40068708147321,
        88.7315205165318,
        88.11342184884208,
        87.72242300851005,
        87.39959607805524,
        87.17928859165737,
        86.98152269635882,
        86.84704044886998,
        86.72013636997768,
        86.63038635253906,
        86.5492684500558,
        86.48675646100726,
        86.43253762381417,
        86.39017268589565,
        86.35245731898716,
        86.32389722551618,
        86.29811423165458,
        86.27883039202008,
        86.26050567626953,
        86.2476566859654,
        86.23514992850167,
        86.2263412475586,
        86.21866934640067,
        86.21260070800781,
        86.20802961077008,
        86.20438602992466,
        86.20193590436664,
        86.20008414132255,
        86.19918714250836,
        86.19853864397321,
        86.19881003243583,
        86.19905308314732,
        86.20018877301898,
        86.20109122140067,
        86.20277731759208,
        86.2041985648019,
        86.20624542236328,
        86.20812225341797,
        86.21039363316127,
        86.2125985281808,
        86.21503121512276,
        86.21746063232422,
        86.2200175694057,
        86.22258758544922,
        86.22523280552456,
        86.22789546421596,
        86.2305930001395,
        86.23331124441964,
        86.2360371180943,
        86.2387924194336,
        86.24152483258929,
        86.24429321289062,
        86.24702453613281,
        86.24979618617466,
        86.25250462123326,
        86.2552740914481,
        86.25795418875558,
        86.26071275983539,
        86.26336342947823,
        86.26610783168248,
        86.26871599469867,
        86.27144622802734,
        86.27401842389789,
        86.27672358921596,
        86.27926308768136,
        86.28194645472935,
        86.28444453648159,
        86.28710065569196,
        86.28957039969308,
        86.29219382149833,
        86.29463413783482,
        86.29722377232143,
        86.29964229038784,
        86.30219159807477,
        86.30459158761161,
        86.30709620884487,
        86.30948311941964,
        86.31194632393974,
        86.31431797572544,
        86.31673976353237,
        86.319093976702,
        86.3214830671038,
        86.32381766183036,
        86.32617078508649,
        86.32848794119698,
        86.33080727713448,
        86.3331059047154,
        86.33539472307477,
        86.33767482212612,
        86.3399407523019,
        86.34218924386161
    ],