{
    "testproblem": "mnist_vae_no_dropout",
    "batch_size": 64,
    "num_epochs": 50,
    "random_seed": 42,
    "weight_decay": null,
    "optimizer_name": "PowKernelMomentumOptimizerN",
    "optimizer_hyperparams": {
        "learning_rate": 0.6993395623207707,
        "power": 0.8
    },
    "training_params": {
        "allow_early_finish": true
    },
    "train_losses": [
        181.4783539405236,
        181.4783539405236,
        181.4783539405236,
        181.4783539405236,
        181.4783539405236,
        181.4783539405236,
        181.4783539405236,
        181.4783539405236,
        181.4783539405236,
        181.4783539405236,
        181.4783539405236,
        181.4783539405236,
        181.4783539405236,
        181.4783539405236,
        181.4783539405236,
        181.4783539405236,
        181.4783539405236,
        181.4783539405236,
        181.4783539405236,
        181.4783539405236,
        181.4783539405236,
        181.4783539405236,
        181.4783539405236,
        181.4783539405236,
        181.4783539405236,
        181.4783539405236,
        181.4783539405236,
        181.4783539405236,
        181.4783539405236,
        181.4783539405236,
        181.4783539405236,
        181.4783539405236,
        181.4783539405236,
        181.4783539405236,
        181.4783539405236,
        181.4783539405236,
        181.4783539405236,
        181.4783539405236,
        181.4783539405236,
        181.4783539405236,
        181.4783539405236,
        181.4783539405236,
        181.4783539405236,
        181.4783539405236,
        181.4783539405236,
        181.4783539405236,
        181.4783539405236,
        181.4783539405236,
        181.4783539405236,
        181.4783539405236,
        181.4783539405236
    ],
    "valid_losses": [
        181.41604017600034,
        181.41604017600034,
        181.41604017600034,
        181.41604017600034,
        181.41604017600034,
        181.41604017600034,
        181.41604017600034,
        181.41604017600034,
        181.41604017600034,
        181.41604017600034,
        181.41604017600034,
        181.41604017600034,
        181.41604017600034,
        181.41604017600034,
        181.41604017600034,
        181.41604017600034,
        181.41604017600034,
        181.41604017600034,
        181.41604017600034,
        181.41604017600034,
        181.41604017600034,
        181.41604017600034,
        181.41604017600034,
        181.41604017600034,
        181.41604017600034,
        181.41604017600034,
        181.41604017600034,
        181.41604017600034,
        181.41604017600034,
        181.41604017600034,
        181.41604017600034,
        181.41604017600034,
        181.41604017600034,
        181.41604017600034,
        181.41604017600034,
        181.41604017600034,
        181.41604017600034,
        181.41604017600034,
        181.41604017600034,
        181.41604017600034,
        181.41604017600034,
        181.41604017600034,
        181.41604017600034,
        181.41604017600034,
        181.41604017600034,
        181.41604017600034,
        181.41604017600034,
        181.41604017600034,
        181.41604017600034,
        181.41604017600034,
        181.41604017600034
    ],
    "test_losses": [
        181.48047843346228,
        181.48047843346228,
        181.48047843346228,
        181.48047843346228,
        181.48047843346228,
        181.48047843346228,
        181.48047843346228,
        181.48047843346228,
        181.48047843346228,
        181.48047843346228,
        181.48047843346228,
        181.48047843346228,
        181.48047843346228,
        181.48047843346228,
        181.48047843346228,
        181.48047843346228,
        181.48047843346228,
        181.48047843346228,
        181.48047843346228,
        181.48047843346228,
        181.48047843346228,
        181.48047843346228,
        181.48047843346228,
        181.48047843346228,
        181.48047843346228,
        181.48047843346228,
        181.48047843346228,
        181.48047843346228,
        181.48047843346228,
        181.48047843346228,
        181.48047843346228,
        181.48047843346228,
        181.48047843346228,
        181.48047843346228,
        181.48047843346228,
        181.48047843346228,
        181.48047843346228,
        181.48047843346228,
        181.48047843346228,
        181.48047843346228,
        181.48047843346228,
        181.48047843346228,
        181.48047843346228,
        181.48047843346228,
        181.48047843346228,
        181.48047843346228,
        181.48047843346228,
        181.48047843346228,
        181.48047843346228,
        181.48047843346228,
        181.48047843346228
    ],