{
    "testproblem": "quadratic_deep",
    "batch_size": 128,
    "num_epochs": 100,
    "random_seed": 42,
    "weight_decay": null,
    "optimizer_name": "PowKernelMomentumOptimizer",
    "optimizer_hyperparams": {
        "learning_rate": 0.0008386394780402556,
        "power": 0.7000000000000001
    },
    "training_params": {
        "lr_sched_epochs": null,
        "lr_sched_factors": null
    },
    "train_losses": [
        352.8963535853795,
        213.2422354561942,
        109.52342769077846,
        117.64088003976005,
        113.46471296037946,
        103.41614750453404,
        102.95928192138672,
        101.02716609409877,
        99.59059252057757,
        98.54545484270368,
        97.49986812046596,
        96.59518105643136,
        95.7358867100307,
        94.9629156930106,
        94.24963487897601,
        93.59291294642857,
        92.9911117553711,
        92.43745422363281,
        91.92980085100446,
        91.46342250279018,
        91.03466905866351,
        90.64020102364677,
        90.2769034249442,
        89.9421157836914,
        89.63335200718471,
        89.34834725516183,
        89.08499363490513,
        88.84141213553292,
        88.6158937726702,
        88.40684836251395,
        88.21282632010323,
        88.03255135672433,
        87.86485726492745,
        87.70868464878627,
        87.56307656424386,
        87.42713928222656,
        87.30008370535714,
        87.18120683942523,
        87.06984383719308,
        86.96539306640625,
        86.86729213169643,
        86.77503640311105,
        86.68818991524833,
        86.60636465890067,
        86.52919115339007,
        86.45631190708706,
        86.38742283412388,
        86.3222416469029,
        86.26050894601005,
        86.20198931012835,
        86.14646257672992,
        86.093752179827,
        86.04368264334542,
        85.99607958112445,
        85.95079476492745,
        85.90768759591239,
        85.86661638532367,
        85.82747214181083,
        85.79014260428292,
        85.75451987130302,
        85.72050367082868,
        85.68800136021206,
        85.6569322858538,
        85.62721034458706,
        85.59877123151507,
        85.57154737200055,
        85.54546901157924,
        85.52047402518136,
        85.49651663643974,
        85.47354016985211,
        85.45148686000279,
        85.4303207397461,
        85.40999276297433,
        85.39046369280133,
        85.37169647216797,
        85.3536605834961,
        85.33632005964007,
        85.31963893345424,
        85.30358777727399,
        85.28814697265625,
        85.27327837262835,
        85.25897107805524,
        85.2451891217913,
        85.23191942487445,
        85.21913582938058,
        85.20682089669364,
        85.19495391845703,
        85.18350982666016,
        85.17248099190849,
        85.16184997558594,
        85.15159388950893,
        85.14170619419643,
        85.13216291155133,
        85.12295859200614,
        85.11407579694476,
        85.10550798688617,
        85.09723663330078,
        85.08925519670758,
        85.08155168805804,
        85.07410975864956,
        85.06692504882812
    ],
    "valid_losses": [
        353.81274850027904,
        214.27001081194197,
        110.64527893066406,
        118.57682364327567,
        114.1609638759068,
        104.07514299665179,
        103.79869188581195,
        101.99973951067243,
        100.51675851004464,
        99.36944362095424,
        98.31810106549945,
        97.48009599958148,
        96.65169743129185,
        95.85872759137835,
        95.1288593837193,
        94.48245130266461,
        93.89694213867188,
        93.34752764020648,
        92.83835928780692,
        92.37453896658761,
        91.95152827671596,
        91.5612291608538,
        91.20008632114956,
        90.86769104003906,
        90.56226784842355,
        90.28045218331474,
        90.01961517333984,
        89.77836390904018,
        89.55533054896763,
        89.34870147705078,
        89.15687888009208,
        88.97863660539899,
        88.8129152570452,
        88.65866960797992,
        88.51491219656808,
        88.38068607875279,
        88.25523049490792,
        88.13784572056362,
        88.02791377476284,
        87.92483193533761,
        87.82805851527623,
        87.737058367048,
        87.65140097481864,
        87.57070050920758,
        87.49458421979632,
        87.42270878383091,
        87.35477883475167,
        87.29052734375,
        87.22968074253627,
        87.17199271065849,
        87.11724308558873,
        87.0652607509068,
        87.01587459019252,
        86.96893746512276,
        86.92427280970982,
        86.88175528390067,
        86.84125518798828,
        86.80265590122768,
        86.76585606166294,
        86.73074558803013,
        86.69722420828683,
        86.66519383021763,
        86.63458905901227,
        86.60532597133091,
        86.5772955758231,
        86.55044991629464,
        86.52472795758929,
        86.50008828299386,
        86.47646658761161,
        86.4538105555943,
        86.43206787109375,
        86.41118621826172,
        86.39112962995257,
        86.37186649867466,
        86.35335431780133,
        86.33556147984096,
        86.31844765799386,
        86.30199105398995,
        86.28615134102958,
        86.27091435023716,
        86.25624520438058,
        86.24212101527623,
        86.22852761404855,
        86.21543666294643,
        86.20282309395927,
        86.19066510881696,
        86.17894526890346,
        86.16764395577567,
        86.15675027029855,
        86.14624350411552,
        86.13610948835101,
        86.12633623395648,
        86.11690412248883,
        86.10780334472656,
        86.09901973179409,
        86.09054020472935,
        86.08235604422433,
        86.07445417131696,
        86.06682913643974,
        86.05946023123605,
        86.0523430960519
    ],