{
    "testproblem": "quadratic_deep",
    "batch_size": 128,
    "num_epochs": 100,
    "random_seed": 42,
    "weight_decay": null,
    "optimizer_name": "PowKernelMomentumOptimizer",
    "optimizer_hyperparams": {
        "learning_rate": 0.07726718477963428,
        "power": 0.9
    },
    "training_params": {
        "lr_sched_epochs": null,
        "lr_sched_factors": null
    },
    "train_losses": [
        352.8963535853795,
        306.38575526646207,
        343.02237810407365,
        194.03919764927454,
        96.95095389229911,
        122.35993085588727,
        121.29602704729352,
        110.19705963134766,
        107.18821280343192,
        106.00934818812779,
        111.76461791992188,
        106.09192221505302,
        107.15833936418805,
        109.36167907714844,
        107.12625994001117,
        107.75796617780414,
        108.08963230678013,
        107.772214617048,
        107.80734579903739,
        107.79779815673828,
        107.94385964529855,
        107.79282924107143,
        107.84752219063895,
        107.90664236886161,
        107.83229718889508,
        107.86495317731585,
        107.8802261352539,
        107.85999080113002,
        107.86853790283203,
        107.87237875802177,
        107.87117113385882,
        107.87357439313617,
        107.87497929164341,
        107.87803104945591,
        107.87841469900948,
        107.88045174734933,
        107.88303920200893,
        107.88397107805524,
        107.88608877999442,
        107.88809858049665,
        107.88977486746651,
        107.89176068987165,
        107.89366585867745,
        107.8955819266183,
        107.89751216343471,
        107.89942714146206,
        107.90138353620257,
        107.90329197474888,
        107.90521349225726,
        107.90714045933315,
        107.9090336390904,
        107.91093444824219,
        107.91284288678851,
        107.91470772879464,
        107.91656276157924,
        107.91842324393136,
        107.92023032052177,
        107.9220472063337,
        107.92383357456752,
        107.9256123134068,
        107.92736489432198,
        107.92907278878349,
        107.93079376220703,
        107.93248530796596,
        107.93413870675224,
        107.93577357700893,
        107.9374029976981,
        107.93898664202008,
        107.94055829729352,
        107.94209725516183,
        107.94361986432757,
        107.94510323660714,
        107.94657135009766,
        107.94801112583706,
        107.9494400024414,
        107.9508296421596,
        107.95219312395368,
        107.95354788643974,
        107.95486232212612,
        107.9561516898019,
        107.95742470877511,
        107.9586672101702,
        107.95989881243024,
        107.96109444754464,
        107.96226392473493,
        107.96343340192523,
        107.9645527430943,
        107.96565682547433,
        107.96675109863281,
        107.9677963256836,
        107.96884591238839,
        107.96986280168805,
        107.97086334228516,
        107.97183881487165,
        107.97278703962054,
        107.97374071393695,
        107.97464207240513,
        107.97553144182477,
        107.97641100202289,
        107.97728184291294,
        107.97811017717633
    ],
    "valid_losses": [
        353.81274850027904,
        309.98004150390625,
        339.7349940708705,
        196.35894121442522,
        97.37945556640625,
        122.93482862200055,
        123.54307556152344,
        111.46992819649833,
        108.2628424508231,
        107.35403224400112,
        113.3358655657087,
        107.2878167288644,
        108.50887080601284,
        110.75726427350726,
        108.47192927769252,
        109.11527034214565,
        109.46477726527623,
        109.1359122140067,
        109.14957318987165,
        109.1651360648019,
        109.30597577776227,
        109.14959280831474,
        109.20719691685268,
        109.26720210484096,
        109.19135502406529,
        109.2247063773019,
        109.24063110351562,
        109.21938868931362,
        109.22812325613839,
        109.23218536376953,
        109.23098972865513,
        109.23320552280971,
        109.23474884033203,
        109.23779950823102,
        109.23814174107143,
        109.24024418422154,
        109.2428229195731,
        109.24374825613839,
        109.24587031773159,
        109.2479019165039,
        109.24956948416573,
        109.25155857631138,
        109.25347791399274,
        109.25539289202008,
        109.25732857840401,
        109.25924791608539,
        109.26121194022042,
        109.26312473842076,
        109.26504952566964,
        109.26698194231305,
        109.26887730189732,
        109.27078356061664,
        109.27269308907645,
        109.27456556047711,
        109.27642059326172,
        109.27828761509487,
        109.28009796142578,
        109.28191702706474,
        109.28370666503906,
        109.28548867361886,
        109.28724670410156,
        109.28895568847656,
        109.29067666190011,
        109.29236820765904,
        109.29402596609933,
        109.29566846575055,
        109.29729897635323,
        109.29888589041573,
        109.30045754568917,
        109.30199650355748,
        109.30352238246373,
        109.30500793457031,
        109.30647822788784,
        109.30792345319476,
        109.3093512398856,
        109.31073869977679,
        109.3121087210519,
        109.31346675327846,
        109.31477900913784,
        109.31606946672711,
        109.31734357561383,
        109.31859152657645,
        109.31982312883649,
        109.3210198538644,
        109.32218715122768,
        109.3233620779855,
        109.32447923932757,
        109.3255865914481,
        109.32668086460659,
        109.3277337210519,
        109.3287822178432,
        109.32979583740234,
        109.33080182756696,
        109.33178056989398,
        109.33272225516183,
        109.33368028913226,
        109.33457946777344,
        109.3354721069336,
        109.33636038643974,
        109.33722577776227,
        109.33805629185268
    ],