{
    "testproblem": "quadratic_deep",
    "batch_size": 128,
    "num_epochs": 100,
    "random_seed": 42,
    "weight_decay": null,
    "optimizer_name": "PowKernelMomentumOptimizer",
    "optimizer_hyperparams": {
        "learning_rate": 0.025378155082656628,
        "power": 0.6000000000000001
    },
    "training_params": {
        "lr_sched_epochs": null,
        "lr_sched_factors": null
    },
    "train_losses": [
        352.8963535853795,
        113.97820063999721,
        120.97997719900948,
        102.25078800746373,
        95.06264386858258,
        91.59816305977958,
        92.67679595947266,
        94.43441336495536,
        95.59131513323102,
        95.84499686104911,
        95.15031433105469,
        94.37968444824219,
        93.99466487339565,
        93.83270917619977,
        93.63998740059989,
        93.51763480050224,
        93.47514997209821,
        93.5657490321568,
        93.76612745012555,
        93.97687203543526,
        94.07129778180804,
        94.1361312866211,
        94.20245143345424,
        94.28033447265625,
        94.34925842285156,
        94.39371054513114,
        94.47452981131417,
        94.55453382219586,
        94.5657958984375,
        94.599365234375,
        94.55884225027901,
        94.47317395891461,
        94.3804452078683,
        94.33623831612724,
        94.31544058663505,
        94.31715066092355,
        94.33184487479073,
        94.34052058628627,
        94.37211063929966,
        94.43103899274554,
        94.50062343052456,
        94.57237570626395,
        94.65054866245815,
        94.73055376325335,
        94.79717363630023,
        94.84402138846261,
        94.87549264090401,
        94.89686693464007,
        94.90565817696708,
        94.9098881312779,
        94.90529959542411,
        94.89849744524274,
        94.89451599121094,
        94.8940658569336,
        94.89762660435268,
        94.90526471819196,
        94.91648646763393,
        94.93011474609375,
        94.94447326660156,
        94.95647866385323,
        94.97069222586495,
        94.98491777692523,
        94.99789210728237,
        95.00950731549945,
        95.01936340332031,
        95.0281263078962,
        95.03273337227958,
        95.03454262869698,
        95.03491646902901,
        95.0349360874721,
        95.03531537737165,
        95.03645542689732,
        95.03849247523716,
        95.04137093680245,
        95.04487718854632,
        95.0487082345145,
        95.05180140904018,
        95.05629294259208,
        95.06153542654855,
        95.06688472202846,
        95.07200622558594,
        95.07704053606305,
        95.08036259242466,
        95.082277570452,
        95.08325740269252,
        95.08374350411552,
        95.08408028738839,
        95.08453587123326,
        95.08524431501117,
        95.08624921526227,
        95.08753640311105,
        95.0890644618443,
        95.09073093959263,
        95.09210641043526,
        95.09435708182198,
        95.09713309151786,
        95.10016850062779,
        95.10346112932477,
        95.1057368687221,
        95.1071297781808,
        95.10790361676898
    ],
    "valid_losses": [
        353.81274850027904,
        114.31070818219867,
        121.07674298967633,
        102.9955073765346,
        96.20403398786273,
        92.78586142403739,
        93.78746359688895,
        95.62494332449776,
        97.01166643415179,
        97.3984146118164,
        96.69455174037388,
        95.90079280308315,
        95.49815477643695,
        95.3439440046038,
        95.15417589460101,
        95.02693612234933,
        94.98152269635882,
        95.08294786725726,
        95.30723353794643,
        95.53901781354632,
        95.63965606689453,
        95.70479365757534,
        95.77122279575893,
        95.85132380894252,
        95.92479814801898,
        95.96934073311942,
        96.04675728934151,
        96.11375645228794,
        96.10925183977399,
        96.13449968610492,
        96.0892083304269,
        95.994631086077,
        95.88924952915737,
        95.8347647530692,
        95.80188642229352,
        95.79352133614677,
        95.80255126953125,
        95.80933053152901,
        95.84554726736886,
        95.91304997035435,
        95.99056897844586,
        96.06786673409599,
        96.15192631312779,
        96.23634338378906,
        96.3067648751395,
        96.35633196149554,
        96.38901628766742,
        96.4098641531808,
        96.41766139439174,
        96.42095075334821,
        96.41404506138393,
        96.40413992745536,
        96.39731270926339,
        96.39482988630023,
        96.39730072021484,
        96.40464782714844,
        96.4161126273019,
        96.43031855991909,
        96.44546399797711,
        96.45828247070312,
        96.47386496407645,
        96.489501953125,
        96.50347028459821,
        96.51555633544922,
        96.52553340366909,
        96.53435734340123,
        96.53865705217633,
        96.5398919241769,
        96.53961399623326,
        96.53902544294085,
        96.5389164515904,
        96.53971099853516,
        96.54155513218471,
        96.54437800816127,
        96.54796600341797,
        96.55198233468192,
        96.55528259277344,
        96.56023406982422,
        96.56598772321429,
        96.5717304774693,
        96.57707759312221,
        96.5822525024414,
        96.58550589425224,
        96.58725084577289,
        96.58804103306362,
        96.58831351143974,
        96.58843340192523,
        96.58867754255023,
        96.58922467912946,
        96.5901358468192,
        96.5914055960519,
        96.59297616141183,
        96.59473855154855,
        96.59622301374164,
        96.59871346609933,
        96.60176086425781,
        96.60501098632812,
        96.6084453037807,
        96.6106948852539,
        96.61199406215123,
        96.61268179757255
    ],