{
    "testproblem": "quadratic_deep",
    "batch_size": 128,
    "num_epochs": 100,
    "random_seed": 42,
    "weight_decay": null,
    "optimizer_name": "PowKernelGradientDescentOptimizer",
    "optimizer_hyperparams": {
        "learning_rate": 0.0004207053950287936,
        "power": 0.6000000000000001
    },
    "training_params": {
        "lr_sched_epochs": null,
        "lr_sched_factors": null
    },
    "train_losses": [
        352.8963535853795,
        333.4808611188616,
        315.32571847098217,
        298.3668736049107,
        282.54248046875,
        267.7929949079241,
        254.06103515625,
        241.29139273507255,
        229.43098885672433,
        218.42874799455916,
        208.23566109793526,
        198.80468096051897,
        190.09053693498885,
        182.050053187779,
        174.64183698381697,
        167.82641383579798,
        161.5661403111049,
        155.82506452287947,
        150.56843784877233,
        145.76324462890625,
        141.37847028459822,
        137.3844037737165,
        133.7530473981585,
        130.45789555140905,
        127.47365025111607,
        124.77645874023438,
        122.34400285993304,
        120.15523202078683,
        118.18980189732143,
        116.42886461530414,
        114.85478101457868,
        113.4511958530971,
        112.20293426513672,
        111.09508078438895,
        110.11402348109654,
        109.24694715227399,
        108.4823248726981,
        107.80941663469586,
        107.21862139020648,
        106.70105416434151,
        106.24851444789341,
        105.85344696044922,
        105.50799015590123,
        105.20552171979632,
        104.93968091692243,
        104.7053462437221,
        104.49802725655692,
        104.31366947719029,
        104.1486576625279,
        104.00014931815011,
        103.86540876116071,
        103.74220493861607,
        103.62863486153739,
        103.52312360491071,
        103.42450496128627,
        103.33129337855748,
        103.24254608154297,
        103.15755244663784,
        103.07572501046317,
        102.9965079171317,
        102.91945103236607,
        102.84420667375836,
        102.77052743094308,
        102.69817679268974,
        102.626953125,
        102.55669621058873,
        102.487306867327,
        102.41862269810268,
        102.35057939801898,
        102.2830810546875,
        102.21608080182757,
        102.14954812186105,
        102.08346448625836,
        102.0177732195173,
        101.95244598388672,
        101.88745989118304,
        101.82279205322266,
        101.75843375069755,
        101.69437735421317,
        101.63061414446149,
        101.56713431222099,
        101.50393458775112,
        101.44100189208984,
        101.37833295549665,
        101.31593431745257,
        101.25378853934151,
        101.19190870012555,
        101.13028063092914,
        101.06890433175224,
        101.00778307233539,
        100.94691467285156,
        100.88629804338727,
        100.82593427385602,
        100.7658222743443,
        100.70595223563058,
        100.64632415771484,
        100.58694022042411,
        100.52780151367188,
        100.46890040806362,
        100.41024126325335,
        100.35181644984654
    ],
    "valid_losses": [
        353.81274850027904,
        334.41661289760043,
        316.2794669015067,
        299.33724103655135,
        283.5281720842634,
        268.79275948660717,
        255.0736846923828,
        242.31565856933594,
        230.4656699044364,
        219.47261483328683,
        209.28743634905135,
        199.863037109375,
        191.15428379603796,
        183.1179962158203,
        175.7129167829241,
        168.89959280831474,
        162.64036560058594,
        156.89926147460938,
        151.64153398786272,
        146.83436148507255,
        142.4467490059989,
        138.44915771484375,
        134.81361825125558,
        131.51355634416853,
        128.52382441929407,
        125.82073320661273,
        123.38204084123883,
        121.18673706054688,
        119.21453312465123,
        117.44653647286552,
        115.86511993408203,
        114.4539773123605,
        113.19804382324219,
        112.08261108398438,
        111.09403664725167,
        110.2195554460798,
        109.4476078578404,
        108.7674331665039,
        108.16949680873326,
        107.64502934047154,
        107.1859610421317,
        106.78462764195034,
        106.43324824741909,
        106.12523324148995,
        105.8541030883789,
        105.61470358712333,
        105.40260859898159,
        105.21377127511161,
        105.04454803466797,
        104.89212036132812,
        104.75378744942802,
        104.62729208809989,
        104.51068551199776,
        104.40243312290737,
        104.30132075718471,
        104.20582907540458,
        104.11499132428851,
        104.02812848772321,
        103.94465746198382,
        103.8639657156808,
        103.7855976649693,
        103.70922415597099,
        103.63453674316406,
        103.56130545479911,
        103.48932647705078,
        103.41846684047154,
        103.34858703613281,
        103.27951158796039,
        103.21114894321987,
        103.14338684082031,
        103.07618495396206,
        103.0094975062779,
        102.9432874407087,
        102.8775133405413,
        102.81215994698661,
        102.74718802315849,
        102.6825670514788,
        102.61829376220703,
        102.55433763776507,
        102.49070085797992,
        102.4273659842355,
        102.36432865687779,
        102.30157143729073,
        102.23909868512835,
        102.17690059116909,
        102.11497279575893,
        102.05332401820591,
        101.99193246023995,
        101.93080684116909,
        101.86993953159877,
        101.80932726178851,
        101.74898965018136,
        101.68890925816127,
        101.6290751865932,
        101.56949288504464,
        101.51015254429409,
        101.45106506347656,
        101.3922119140625,
        101.33359963553292,
        101.27523040771484,
        101.21709551130023
    ],