{
    "testproblem": "quadratic_deep",
    "batch_size": 128,
    "num_epochs": 100,
    "random_seed": 42,
    "weight_decay": null,
    "optimizer_name": "PowKernelMomentumOptimizer",
    "optimizer_hyperparams": {
        "learning_rate": 0.00019777828512462716,
        "power": 0.5
    },
    "training_params": {
        "lr_sched_epochs": null,
        "lr_sched_factors": null
    },
    "train_losses": [
        352.8963535853795,
        330.481454031808,
        288.4561113630022,
        243.80592346191406,
        204.19363403320312,
        172.21918160574776,
        148.04481506347656,
        130.77352251325334,
        119.1370130266462,
        111.8196291242327,
        107.6041739327567,
        105.44444928850446,
        104.46269880022321,
        103.99236079624721,
        103.65425218854632,
        103.32353973388672,
        102.98908451625279,
        102.65845925467355,
        102.33533477783203,
        102.02002607073102,
        101.71166447230748,
        101.40961674281529,
        101.11347198486328,
        100.82294355119977,
        100.53781454903739,
        100.2579814365932,
        99.9834213256836,
        99.71412549700055,
        99.4499991280692,
        99.19088309151786,
        98.93663569859096,
        98.68714032854352,
        98.44230651855469,
        98.20206669398716,
        97.96634783063617,
        97.73511069161552,
        97.50829315185547,
        97.2857894897461,
        97.06751251220703,
        96.85338810511998,
        96.64334978376117,
        96.43735613141742,
        96.23533957345145,
        96.03724125453404,
        95.84302302769252,
        95.65264565604073,
        95.46603829520089,
        95.28314317975726,
        95.10390363420758,
        94.92826516287667,
        94.75614602225167,
        94.58748735700335,
        94.42226736886161,
        94.26037488664899,
        94.1017074584961,
        93.94625418526786,
        93.79395294189453,
        93.64471217564174,
        93.49845341273716,
        93.35516466413226,
        93.21483394077846,
        93.07733481270927,
        92.94258117675781,
        92.81051417759487,
        92.68108803885323,
        92.5542242867606,
        92.42983899797711,
        92.30787004743304,
        92.1882825578962,
        92.0710209437779,
        91.95606776646206,
        91.84335000174386,
        91.73280661446708,
        91.62436894008091,
        91.51801300048828,
        91.41370173863002,
        91.31141771589007,
        91.2111064365932,
        91.11271122523716,
        91.01618194580078,
        90.9214608328683,
        90.82851191929409,
        90.73729160853794,
        90.64776938302177,
        90.55994415283203,
        90.4737788609096,
        90.3892320905413,
        90.30630929129464,
        90.22499084472656,
        90.14527239118304,
        90.0670918055943,
        89.99038369315011,
        89.91512516566685,
        89.84129551478794,
        89.76888057163784,
        89.6978291102818,
        89.62809644426618,
        89.55965205601284,
        89.49245779854911,
        89.42650495256696,
        89.36175537109375
    ],
    "valid_losses": [
        353.81274850027904,
        331.4231175013951,
        289.44991193498885,
        244.8581324986049,
        205.29856436593192,
        173.3620888846261,
        149.20543343680245,
        131.92898777553015,
        120.26536778041294,
        112.90311431884766,
        108.63048226492745,
        106.40867287772042,
        105.36972154889789,
        104.85519300188336,
        104.48910086495536,
        104.1460680280413,
        103.81167929513114,
        103.48865073067802,
        103.17595781598773,
        102.87007468087333,
        102.56854466029576,
        102.27062552315849,
        101.97657339913505,
        101.68703787667411,
        101.40255519321987,
        101.12342289515904,
        100.84984806605748,
        100.58182416643415,
        100.31910705566406,
        100.06145259312221,
        99.8086678641183,
        99.56060900006976,
        99.3171637398856,
        99.0782492501395,
        98.84381321498326,
        98.61381530761719,
        98.38821302141461,
        98.16694859095982,
        97.9499282836914,
        97.73710414341518,
        97.52839006696429,
        97.32371629987445,
        97.12301199776786,
        96.9261954171317,
        96.7332523890904,
        96.54413822719029,
        96.3587668282645,
        96.17709568568638,
        95.99907902308873,
        95.82468959263393,
        95.65385001046317,
        95.4865003313337,
        95.32258061000279,
        95.16194479806083,
        95.0044926234654,
        94.85020991734096,
        94.69904327392578,
        94.55090223039899,
        94.40569959368024,
        94.26340920584542,
        94.12399727957589,
        93.98737444196429,
        93.8534916469029,
        93.7222900390625,
        93.59373910086495,
        93.46774509974888,
        93.34423501150948,
        93.22312927246094,
        93.10440063476562,
        92.98799896240234,
        92.87387956891742,
        92.7619857788086,
        92.65225110735211,
        92.5446286882673,
        92.43910108293805,
        92.33566284179688,
        92.23426273890904,
        92.13480922154018,
        92.03725760323661,
        91.94154684884208,
        91.84762682233539,
        91.75545283726284,
        91.66500200544085,
        91.57623944963727,
        91.48915427071708,
        91.40371922084263,
        91.31989179338727,
        91.23766326904297,
        91.15700966971261,
        91.0779059273856,
        91.00032479422433,
        90.92422158377511,
        90.84956904820034,
        90.77634865897042,
        90.70453207833427,
        90.63407461983817,
        90.56494467599052,
        90.49709865025112,
        90.43052019391742,
        90.36517551967076,
        90.30103737967355
    ],