{
    "testproblem": "quadratic_deep",
    "batch_size": 128,
    "num_epochs": 100,
    "random_seed": 42,
    "weight_decay": null,
    "optimizer_name": "PowKernelMomentumOptimizerN",
    "optimizer_hyperparams": {
        "learning_rate": 0.0006290644294586146,
        "power": 0.7000000000000001
    },
    "training_params": {
        "lr_sched_epochs": null,
        "lr_sched_factors": null
    },
    "train_losses": [
        352.8963623046875,
        225.17457362583704,
        122.37438201904297,
        106.71925462995257,
        109.50630623953683,
        105.0857685634068,
        102.48891775948661,
        101.68094526018415,
        100.65031978062221,
        99.72898210797992,
        98.91337476457868,
        98.1383078438895,
        97.41222599574498,
        96.72824423653739,
        96.08537837437221,
        95.48261043003627,
        94.91724177769252,
        94.38687024797711,
        93.88928985595703,
        93.42245592389789,
        92.98439243861607,
        92.57321275983539,
        92.18708038330078,
        91.82434517996651,
        91.48338971819196,
        91.16279711042132,
        90.86121586390904,
        90.57741437639508,
        90.31023842947823,
        90.05865587506976,
        89.82163456508091,
        89.59824044363839,
        89.38759286063058,
        89.18887765066964,
        89.00132097516742,
        88.82417733328683,
        88.65675245012555,
        88.49839128766742,
        88.34852818080357,
        88.20663670131138,
        88.07224600655692,
        87.94488852364677,
        87.8241217476981,
        87.70953914097377,
        87.6007581438337,
        87.49742017473493,
        87.39919172014508,
        87.30574689592633,
        87.21677725655692,
        87.1320070539202,
        87.05116271972656,
        86.97401646205357,
        86.90035247802734,
        86.82996695382255,
        86.7626713344029,
        86.6982912336077,
        86.63667951311383,
        86.57768031529018,
        86.5211410522461,
        86.46694510323661,
        86.4149671282087,
        86.36510358537946,
        86.31724221365792,
        86.27127511160714,
        86.22710527692523,
        86.18465096609933,
        86.14382607596261,
        86.10454995291573,
        86.06675829206195,
        86.0303715297154,
        85.99532645089286,
        85.9615500313895,
        85.92898995535714,
        85.89758736746651,
        85.86728123256138,
        85.83803340366909,
        85.8097915649414,
        85.78251647949219,
        85.75616346086774,
        85.73069545200893,
        85.70607103620257,
        85.68225969587054,
        85.6592287336077,
        85.63695199148995,
        85.61540004185268,
        85.59453473772321,
        85.57433973039899,
        85.5547855922154,
        85.5358418055943,
        85.51749311174665,
        85.4997079031808,
        85.48247310093471,
        85.46575927734375,
        85.44955008370536,
        85.43383244105748,
        85.4185812813895,
        85.40378897530692,
        85.38943154471261,
        85.37549591064453,
        85.36197117396763,
        85.34883335658482
    ],
    "valid_losses": [
        353.812752859933,
        226.1928950718471,
        123.47752925327846,
        107.72751290457589,
        110.33234296526227,
        105.81627219063895,
        103.26304081508091,
        102.54947553362165,
        101.56252615792411,
        100.62480708530971,
        99.78109414236886,
        98.99954332624164,
        98.28647940499442,
        97.61676243373326,
        96.97955867222377,
        96.37713296072823,
        95.812744140625,
        95.28578730991909,
        94.79247501918248,
        94.3292487008231,
        93.89408438546317,
        93.4856458391462,
        93.10232216971261,
        92.74236297607422,
        92.40406908307757,
        92.0860094342913,
        91.78684779575893,
        91.50538853236607,
        91.24046979631696,
        90.99103110177177,
        90.75608498709542,
        90.53473881312779,
        90.32610539027623,
        90.12938036237445,
        89.9437975202288,
        89.76854487827846,
        89.60290200369698,
        89.44621821812221,
        89.29793875558036,
        89.15760585239956,
        89.02476283482143,
        88.89890398297992,
        88.77958025251117,
        88.66637529645648,
        88.55892072405133,
        88.4568361554827,
        88.35979788643974,
        88.26749311174665,
        88.17960684640067,
        88.09586770193917,
        88.01604461669922,
        87.9398912702288,
        87.86718205043248,
        87.79771750313895,
        87.73130362374442,
        87.6677736554827,
        87.60698481968471,
        87.54877253941127,
        87.49298858642578,
        87.43950435093471,
        87.38821956089565,
        87.33902195521763,
        87.29181235177177,
        87.24646650041852,
        87.20289502825055,
        87.16100529261998,
        87.12072862897601,
        87.0819822038923,
        87.04468972342355,
        87.00879342215401,
        86.97422245570591,
        86.94091360909599,
        86.90880911690849,
        86.87784685407367,
        86.8479755946568,
        86.81914302280971,
        86.7913077218192,
        86.7644282749721,
        86.73846217564174,
        86.71336146763393,
        86.68909018380302,
        86.66561889648438,
        86.64291381835938,
        86.62094443184989,
        86.59968893868583,
        86.57912881033761,
        86.55923243931362,
        86.53997911725726,
        86.52133287702289,
        86.50326211111886,
        86.48574393136161,
        86.46876634870257,
        86.45230865478516,
        86.43634360177177,
        86.42086683000836,
        86.40584346226284,
        86.39126695905414,
        86.37713078090123,
        86.36340659005302,
        86.35007803780692,
        86.3371331351144
    ],