{
    "testproblem": "quadratic_deep",
    "batch_size": 128,
    "num_epochs": 100,
    "random_seed": 42,
    "weight_decay": null,
    "optimizer_name": "PowKernelMomentumOptimizerN",
    "optimizer_hyperparams": {
        "learning_rate": 0.12604664585649453,
        "power": 0.5
    },
    "training_params": {
        "lr_sched_epochs": null,
        "lr_sched_factors": null
    },
    "train_losses": [
        352.8963623046875,
        425.6952645438058,
        437.72684587751115,
        422.3615417480469,
        432.83056640625,
        419.6787327357701,
        430.5732901436942,
        418.9131120954241,
        431.3311854771205,
        418.8803187779018,
        431.29480416434154,
        418.89683750697543,
        430.59183175223217,
        418.75242832728793,
        431.14974103655135,
        418.8045741489955,
        431.2331760951451,
        418.8395342145647,
        431.16198294503346,
        418.8111310686384,
        431.20717075892856,
        418.82649884905135,
        431.2052568708147,
        418.8284999302455,
        431.20352608816967,
        418.8299342564174,
        431.2097865513393,
        418.83494785853793,
        431.21031406947543,
        418.8377598353795,
        431.21395438058033,
        418.8417401994978,
        431.217293875558,
        418.8457772391183,
        431.22061593191967,
        418.8497750418527,
        431.22448294503346,
        418.8540344238281,
        431.2283020019531,
        418.8583461216518,
        431.23231288364957,
        418.86277988978793,
        431.2364283970424,
        418.8672572544643,
        431.24068341936385,
        418.871826171875,
        431.24498203822543,
        418.8764430454799,
        431.24932861328125,
        418.8811296735491,
        431.2537841796875,
        418.88585117885043,
        431.25831821986606,
        418.8906467982701,
        431.2628914969308,
        418.8954598563058,
        431.2675258091518,
        418.9003339494978,
        431.2722385951451,
        418.9052516392299,
        431.2769557407924,
        418.9101824079241,
        431.28172084263394,
        418.9151524135045,
        431.2865687779018,
        418.92018345424106,
        431.2914297921317,
        418.9252624511719,
        431.29636928013394,
        418.9303283691406,
        431.3013000488281,
        418.93543788364957,
        431.30627877371654,
        418.9405735560826,
        431.311270577567,
        418.94578770228793,
        431.3163321358817,
        418.9509538922991,
        431.32142421177457,
        418.9561767578125,
        431.32649884905135,
        418.96142142159596,
        431.3316127232143,
        418.96669224330356,
        431.33679635184154,
        418.97200666155135,
        431.34195818219865,
        418.977303641183,
        431.34712873186385,
        418.9825919015067,
        431.3523515973772,
        418.9879237583705,
        431.3575221470424,
        418.9932643345424,
        431.36278860909596,
        418.99864414760043,
        431.36803763253346,
        419.0040021623884,
        431.37325177873885,
        419.0093558175223,
        431.3785487583705
    ],
    "valid_losses": [
        353.812752859933,
        430.0359584263393,
        436.2416730608259,
        426.0539855957031,
        431.7518964494978,
        423.5392761230469,
        429.24110630580356,
        422.71744210379467,
        430.2991725376674,
        422.6831534249442,
        430.24119785853793,
        422.70947701590404,
        429.2904052734375,
        422.54671805245533,
        430.090323311942,
        422.60223388671875,
        430.17643083844865,
        422.64290509905135,
        430.0963396344866,
        422.6070818219866,
        430.147208077567,
        422.62491716657365,
        430.14402988978793,
        422.6266828264509,
        430.1416495186942,
        422.62740652901783,
        430.1480494907924,
        422.63279506138394,
        430.14807564871654,
        422.63536289760043,
        430.15162440708707,
        422.6393040248326,
        430.1548156738281,
        422.643319266183,
        430.157967703683,
        422.64725603376115,
        430.16175624302457,
        422.65149361746654,
        430.1654575892857,
        422.6557835170201,
        430.1693681989397,
        422.6601998465402,
        430.1734183175223,
        422.66465977260043,
        430.17760794503346,
        422.6692330496652,
        430.18182373046875,
        422.673836844308,
        430.18612234933033,
        422.6785234723772,
        430.1905299595424,
        422.6832493373326,
        430.19503348214283,
        422.68802315848217,
        430.19954572405135,
        422.69285365513394,
        430.2041538783482,
        422.6977277483259,
        430.20882742745533,
        422.70264107840404,
        430.2135009765625,
        422.7075980050223,
        430.21824428013394,
        422.7125723702567,
        430.2230660574777,
        422.7176077706473,
        430.2279052734375,
        422.72269548688615,
        430.2328142438616,
        422.72778756277904,
        430.2377493722098,
        422.73289707728793,
        430.2426975795201,
        422.73805018833707,
        430.24767630440846,
        422.74328177315846,
        430.2527160644531,
        422.7484566824777,
        430.25781685965404,
        422.75369698660717,
        430.26285226004467,
        422.7589634486607,
        430.2679530552455,
        422.76426914760043,
        430.27313232421875,
        422.7695617675781,
        430.2782723563058,
        422.7748761858259,
        430.283447265625,
        422.7801818847656,
        430.2886439732143,
        422.78552682059154,
        430.29381888253346,
        422.7908848353795,
        430.29907662527904,
        422.7962864467076,
        430.3043212890625,
        422.80164882114957,
        430.3095179966518,
        422.8070155552455,
        430.3148106166295
    ],