{
    "testproblem": "mnist_vae_no_dropout",
    "batch_size": 64,
    "num_epochs": 50,
    "random_seed": 42,
    "weight_decay": null,
    "optimizer_name": "PowKernelMomentumOptimizerN",
    "optimizer_hyperparams": {
        "learning_rate": 0.014817820606039075,
        "power": 0.4
    },
    "training_params": {
        "allow_early_finish": true
    },
    "train_losses": [
        181.47835364708533,
        181.47835364708533,
        181.47835364708533,
        181.47835364708533,
        181.47835364708533,
        181.47835364708533,
        181.47835364708533,
        181.47835364708533,
        181.47835364708533,
        181.47835364708533,
        181.47835364708533,
        181.47835364708533,
        181.47835364708533,
        181.47835364708533,
        181.47835364708533,
        181.47835364708533,
        181.47835364708533,
        181.47835364708533,
        181.47835364708533,
        181.47835364708533,
        181.47835364708533,
        181.47835364708533,
        181.47835364708533,
        181.47835364708533,
        181.47835364708533,
        181.47835364708533,
        181.47835364708533,
        181.47835364708533,
        181.47835364708533,
        181.47835364708533,
        181.47835364708533,
        181.47835364708533,
        181.47835364708533,
        181.47835364708533,
        181.47835364708533,
        181.47835364708533,
        181.47835364708533,
        181.47835364708533,
        181.47835364708533,
        181.47835364708533,
        181.47835364708533,
        181.47835364708533,
        181.47835364708533,
        181.47835364708533,
        181.47835364708533,
        181.47835364708533,
        181.47835364708533,
        181.47835364708533,
        181.47835364708533,
        181.47835364708533,
        181.47835364708533
    ],
    "valid_losses": [
        181.41603978474936,
        181.41603978474936,
        181.41603978474936,
        181.41603978474936,
        181.41603978474936,
        181.41603978474936,
        181.41603978474936,
        181.41603978474936,
        181.41603978474936,
        181.41603978474936,
        181.41603978474936,
        181.41603978474936,
        181.41603978474936,
        181.41603978474936,
        181.41603978474936,
        181.41603978474936,
        181.41603978474936,
        181.41603978474936,
        181.41603978474936,
        181.41603978474936,
        181.41603978474936,
        181.41603978474936,
        181.41603978474936,
        181.41603978474936,
        181.41603978474936,
        181.41603978474936,
        181.41603978474936,
        181.41603978474936,
        181.41603978474936,
        181.41603978474936,
        181.41603978474936,
        181.41603978474936,
        181.41603978474936,
        181.41603978474936,
        181.41603978474936,
        181.41603978474936,
        181.41603978474936,
        181.41603978474936,
        181.41603978474936,
        181.41603978474936,
        181.41603978474936,
        181.41603978474936,
        181.41603978474936,
        181.41603978474936,
        181.41603978474936,
        181.41603978474936,
        181.41603978474936,
        181.41603978474936,
        181.41603978474936,
        181.41603978474936,
        181.41603978474936
    ],
    "test_losses": [
        181.48047833564954,
        181.48047833564954,
        181.48047833564954,
        181.48047833564954,
        181.48047833564954,
        181.48047833564954,
        181.48047833564954,
        181.48047833564954,
        181.48047833564954,
        181.48047833564954,
        181.48047833564954,
        181.48047833564954,
        181.48047833564954,
        181.48047833564954,
        181.48047833564954,
        181.48047833564954,
        181.48047833564954,
        181.48047833564954,
        181.48047833564954,
        181.48047833564954,
        181.48047833564954,
        181.48047833564954,
        181.48047833564954,
        181.48047833564954,
        181.48047833564954,
        181.48047833564954,
        181.48047833564954,
        181.48047833564954,
        181.48047833564954,
        181.48047833564954,
        181.48047833564954,
        181.48047833564954,
        181.48047833564954,
        181.48047833564954,
        181.48047833564954,
        181.48047833564954,
        181.48047833564954,
        181.48047833564954,
        181.48047833564954,
        181.48047833564954,
        181.48047833564954,
        181.48047833564954,
        181.48047833564954,
        181.48047833564954,
        181.48047833564954,
        181.48047833564954,
        181.48047833564954,
        181.48047833564954,
        181.48047833564954,
        181.48047833564954,
        181.48047833564954
    ],