{
    "testproblem": "quadratic_deep",
    "batch_size": 128,
    "num_epochs": 100,
    "random_seed": 42,
    "weight_decay": null,
    "optimizer_name": "PowKernelGradientDescentOptimizer",
    "optimizer_hyperparams": {
        "learning_rate": 0.009565499215943818,
        "power": 0.6000000000000001
    },
    "training_params": {
        "lr_sched_epochs": null,
        "lr_sched_factors": null
    },
    "train_losses": [
        352.8963535853795,
        128.12784794398718,
        104.4146259852818,
        102.45557839529855,
        101.06932721819196,
        99.81075504847935,
        98.66472734723773,
        97.61822945731026,
        96.6622063773019,
        95.78955514090401,
        94.99293736049107,
        94.26460920061383,
        93.59707205636161,
        92.98587908063617,
        92.42597307477679,
        91.91341073172433,
        91.44344438825335,
        91.0124740600586,
        90.6171373639788,
        90.25423976353237,
        89.92093113490513,
        89.6149400983538,
        89.33378274100167,
        89.07471575055804,
        88.83584267752511,
        88.61518205915179,
        88.41111864362445,
        88.2219009399414,
        88.04652731759208,
        87.88382066999164,
        87.73253958565849,
        87.5916769845145,
        87.4602279663086,
        87.33752005440849,
        87.22280447823661,
        87.11570194789341,
        87.01557922363281,
        86.92181832449776,
        86.8338394165039,
        86.75128827776227,
        86.67378452845982,
        86.60075051443917,
        86.53187016078404,
        86.46674019949776,
        86.4051045009068,
        86.34672001429966,
        86.29141017368862,
        86.23896135602679,
        86.18921443394252,
        86.14193725585938,
        86.0969979422433,
        86.05429295131138,
        86.01366315569196,
        85.97497122628349,
        85.93810926164899,
        85.90297045026507,
        85.86946541922433,
        85.83752550397601,
        85.80707223074776,
        85.77799442836216,
        85.75022234235492,
        85.72367422921317,
        85.69829995291573,
        85.67407117571149,
        85.65087890625,
        85.62868063790458,
        85.607421875,
        85.58706774030414,
        85.56756809779576,
        85.54888044084821,
        85.53097207205636,
        85.51380702427456,
        85.4973384312221,
        85.48155866350446,
        85.4664284842355,
        85.45191519601005,
        85.43802097865513,
        85.42468915666852,
        85.41188703264508,
        85.39960261753627,
        85.38781193324498,
        85.37649427141461,
        85.36563001360211,
        85.35520281110492,
        85.3451919555664,
        85.33558327811105,
        85.32635607038226,
        85.31750379289899,
        85.3090090070452,
        85.30085100446429,
        85.29302651541573,
        85.28551810128349,
        85.27831595284599,
        85.27140045166016,
        85.26476396833148,
        85.25839015415737,
        85.2522713797433,
        85.2464098249163,
        85.24078151157924,
        85.23538534981864,
        85.23020717075893
    ],
    "valid_losses": [
        353.81274850027904,
        129.24075426374162,
        105.40362003871373,
        103.4174314226423,
        102.03393227713448,
        100.78189304896763,
        99.64224897112165,
        98.60175323486328,
        97.65142604282924,
        96.7841295514788,
        95.99264526367188,
        95.26965659005302,
        94.60698481968471,
        94.00072261265346,
        93.44530051095145,
        92.93709455217633,
        92.47113691057477,
        92.04400634765625,
        91.65236227852958,
        91.29288809640067,
        90.96248299734933,
        90.65920148577008,
        90.3808343069894,
        90.12438092912946,
        89.88791765485492,
        89.66950116838727,
        89.46781485421317,
        89.2807366507394,
        89.10732160295758,
        88.94657679966518,
        88.79705047607422,
        88.65784781319755,
        88.52795519147601,
        88.40669904436383,
        88.29329136439732,
        88.1874520438058,
        88.08847045898438,
        87.99582236153739,
        87.90894535609654,
        87.82749502999442,
        87.75100381033761,
        87.67896706717355,
        87.61104038783482,
        87.54680742536273,
        87.4860338483538,
        87.42847333635602,
        87.37394278390067,
        87.32222856794085,
        87.27322823660714,
        87.22662571498326,
        87.18233380998883,
        87.14029366629464,
        87.10023825509208,
        87.06206948416573,
        87.02568817138672,
        86.99099622453961,
        86.95784650530133,
        86.92627607073102,
        86.8961922781808,
        86.86747087751117,
        86.84003666469029,
        86.81381661551339,
        86.78876059395927,
        86.76485334123883,
        86.74195207868304,
        86.7200208391462,
        86.69901711600167,
        86.67889513288226,
        86.65961674281529,
        86.64114161900112,
        86.62343052455357,
        86.60645076206752,
        86.59014238630023,
        86.57452392578125,
        86.55954851422992,
        86.54518781389508,
        86.53144073486328,
        86.51824188232422,
        86.5055661882673,
        86.49339512416294,
        86.4817145211356,
        86.47050040108817,
        86.45973096575055,
        86.4493898664202,
        86.43946293422154,
        86.42993055071149,
        86.4207741873605,
        86.4119851248605,
        86.40354592459542,
        86.39545004708427,
        86.38767896379743,
        86.38022831508091,
        86.37307848249164,
        86.36621420724052,
        86.35962677001953,
        86.35329873221261,
        86.34722682407924,
        86.34139687674386,
        86.33581107003349,
        86.33043997628349,
        86.32529994419643
    ],