{
    "testproblem": "quadratic_deep",
    "batch_size": 128,
    "num_epochs": 100,
    "random_seed": 42,
    "weight_decay": null,
    "optimizer_name": "PowKernelMomentumOptimizerN",
    "optimizer_hyperparams": {
        "learning_rate": 0.014413469371110323,
        "power": 0.5
    },
    "training_params": {
        "lr_sched_epochs": null,
        "lr_sched_factors": null
    },
    "train_losses": [
        352.8963623046875,
        119.96577889578683,
        95.34526824951172,
        90.1225117274693,
        87.9154782976423,
        87.24582890101841,
        86.86899239676339,
        86.63095528738839,
        86.52591487339565,
        86.5003182547433,
        86.50538308279855,
        86.52566419328961,
        86.55895015171596,
        86.59280286516461,
        86.62774004255023,
        86.66500309535435,
        86.70467812674386,
        86.74490356445312,
        86.78424835205078,
        86.82249123709542,
        86.85971505301339,
        86.89608873639789,
        86.93172018868583,
        86.96651567731585,
        87.0006125313895,
        87.03384290422711,
        87.06631251743862,
        87.09804425920758,
        87.1290784563337,
        87.15945543561664,
        87.18919154575893,
        87.21828896658761,
        87.24675750732422,
        87.27461460658482,
        87.30186789376395,
        87.32853044782367,
        87.35460662841797,
        87.38010842459542,
        87.40504455566406,
        87.4294204711914,
        87.45325796944755,
        87.47654397147042,
        87.49931226457868,
        87.52155521937779,
        87.54329136439732,
        87.56451089041573,
        87.58528246198382,
        87.60548836844308,
        87.62536076136998,
        87.64461626325335,
        87.66355242047992,
        87.68194689069476,
        87.7000002179827,
        87.717527117048,
        87.73477172851562,
        87.75148664202008,
        87.76791490827289,
        87.78389304024833,
        87.79948970249721,
        87.81483677455357,
        87.82967158726284,
        87.84427097865513,
        87.85850633893695,
        87.87233516148159,
        87.88601684570312,
        87.89925711495536,
        87.912111554827,
        87.92491803850446,
        87.93729073660714,
        87.94924926757812,
        87.96121651785714,
        87.97278485979352,
        87.98394339425224,
        87.99512808663505,
        88.00594547816685,
        88.01636505126953,
        88.02683694022042,
        88.03695351736886,
        88.04669843401227,
        88.05651201520648,
        88.06598118373326,
        88.07510266985211,
        88.08431025913784,
        88.09317888532367,
        88.10173034667969,
        88.1103766305106,
        88.11868613106864,
        88.12672097342355,
        88.1348408290318,
        88.14263807024274,
        88.15020860944476,
        88.15783255440849,
        88.16516876220703,
        88.17231859479632,
        88.17944989885602,
        88.1863784790039,
        88.1931403023856,
        88.19981929234096,
        88.20635441371373,
        88.21275438581195,
        88.21904536655971
    ],
    "valid_losses": [
        353.812752859933,
        120.60152217320034,
        96.52489907400948,
        91.40960475376674,
        89.22414725167411,
        88.58140345982143,
        88.21709660121373,
        87.98160988943917,
        87.87286158970424,
        87.8436529976981,
        87.84648132324219,
        87.86676134381976,
        87.9017094203404,
        87.93483189174107,
        87.96814618791852,
        88.00377546037946,
        88.0425306047712,
        88.08272334507534,
        88.12227085658482,
        88.16068049839565,
        88.19800676618304,
        88.2344730922154,
        88.27024514334542,
        88.30518995012555,
        88.33948952811105,
        88.37293461390904,
        88.40559714181083,
        88.4375,
        88.46869441441127,
        88.49923597063336,
        88.52913883754185,
        88.55840083530971,
        88.58701978410993,
        88.61502402169364,
        88.64242226736886,
        88.66922106061664,
        88.6954345703125,
        88.7210693359375,
        88.74612862723214,
        88.77062661307198,
        88.79457746233258,
        88.81797354561942,
        88.84085191999164,
        88.86319296700614,
        88.88504137311664,
        88.90634482247489,
        88.9272221156529,
        88.94748360770089,
        88.96750204903739,
        88.98677171979632,
        89.00584193638393,
        89.02427019391742,
        89.0424336024693,
        89.0599866594587,
        89.07735661097935,
        89.09407915387835,
        89.1106185913086,
        89.12662833077567,
        89.14226967947823,
        89.15773010253906,
        89.17255074637276,
        89.18724060058594,
        89.20152609688895,
        89.21536036900112,
        89.22916303362165,
        89.24241093226841,
        89.25524466378349,
        89.2682135445731,
        89.28057970319476,
        89.29249463762555,
        89.30461883544922,
        89.31618826729911,
        89.32729884556362,
        89.33863830566406,
        89.34945024762835,
        89.35982186453683,
        89.37044852120536,
        89.38055310930524,
        89.39024353027344,
        89.40020860944476,
        89.409665788923,
        89.41873277936664,
        89.42808205740792,
        89.43694414411273,
        89.4454345703125,
        89.45422254289899,
        89.46252114432198,
        89.47050258091518,
        89.47875649588448,
        89.48653520856585,
        89.49405888148716,
        89.50179726736886,
        89.50912584577289,
        89.51625497000558,
        89.52344839913505,
        89.53038569859096,
        89.53714861188617,
        89.54385811941964,
        89.55040522984096,
        89.55681828090123,
        89.56312779017857
    ],