{
    "testproblem": "quadratic_deep",
    "batch_size": 128,
    "num_epochs": 100,
    "random_seed": 42,
    "weight_decay": null,
    "optimizer_name": "PowKernelMomentumOptimizer",
    "optimizer_hyperparams": {
        "learning_rate": 0.0038071583792493907,
        "power": 0.7000000000000001
    },
    "training_params": {
        "lr_sched_epochs": null,
        "lr_sched_factors": null
    },
    "train_losses": [
        352.8963535853795,
        120.4348634992327,
        123.66042218889508,
        117.76422446114677,
        101.84441484723773,
        96.07913316999164,
        92.75000326974052,
        90.61622619628906,
        89.28095027378627,
        88.27255467006138,
        87.50511060442243,
        86.91626303536552,
        86.5010005405971,
        86.19006892613002,
        85.95364270891461,
        85.76758575439453,
        85.61923108782086,
        85.49867684500558,
        85.40086364746094,
        85.31952885219029,
        85.25291006905692,
        85.19657135009766,
        85.15016392299107,
        85.11055755615234,
        85.07772500174386,
        85.04953002929688,
        85.02599443708148,
        85.00570460728237,
        84.98869323730469,
        84.97397722516742,
        84.96157400948661,
        84.95082201276507,
        84.9416994367327,
        84.93379756382534,
        84.9270488194057,
        84.92122105189732,
        84.91621943882534,
        84.91190120152065,
        84.9081802368164,
        84.90497262137276,
        84.90220315115792,
        84.89982169015067,
        84.89776284354073,
        84.895993913923,
        84.89447239467076,
        84.89316885811942,
        84.89205932617188,
        84.89111001150948,
        84.8903056553432,
        84.88962990897042,
        84.8890631539481,
        84.88859231131417,
        84.88821084158761,
        84.88790566580636,
        84.8876713344029,
        84.8874980381557,
        84.88738032749721,
        84.88731275285993,
        84.88728332519531,
        84.88729422433036,
        84.88734545026507,
        84.8874261038644,
        84.88753509521484,
        84.88766915457589,
        84.88782828194755,
        84.88800702776227,
        84.8882075718471,
        84.88842337472099,
        84.88865661621094,
        84.88890402657645,
        84.88916560581752,
        84.88943917410714,
        84.88972582135882,
        84.89002118791852,
        84.89032418387276,
        84.89064025878906,
        84.89096178327289,
        84.89129202706474,
        84.8916266305106,
        84.89197322300502,
        84.89232526506696,
        84.8926762172154,
        84.89303806849888,
        84.89340100969586,
        84.89376831054688,
        84.89414651053292,
        84.89452253069196,
        84.8948996407645,
        84.89528547014508,
        84.89567129952567,
        84.89606366838727,
        84.89645385742188,
        84.8968484061105,
        84.89724622453961,
        84.89764622279576,
        84.8980484008789,
        84.89845166887555,
        84.8988527570452,
        84.89925929478237,
        84.89966583251953,
        84.9000745500837
    ],
    "valid_losses": [
        353.81274850027904,
        121.56716482979911,
        124.11605398995536,
        118.81008475167411,
        102.81737518310547,
        96.7518779209682,
        93.89046696254185,
        91.35402461460659,
        90.34373692103794,
        89.13424246651786,
        88.51449040004185,
        87.85713631766183,
        87.49535260881696,
        87.16001456124442,
        86.95266505650112,
        86.75028228759766,
        86.61961800711495,
        86.49105398995536,
        86.40061732700893,
        86.3174057006836,
        86.25253731863839,
        86.1964340209961,
        86.15031106131417,
        86.11089760916573,
        86.07818603515625,
        86.04993111746651,
        86.02647072928292,
        86.00608825683594,
        85.98902457101005,
        85.97426387241909,
        85.9617178780692,
        85.95091247558594,
        85.94148799351284,
        85.93355124337333,
        85.92652021135602,
        85.92059326171875,
        85.91536712646484,
        85.9109137398856,
        85.90699332101005,
        85.90366036551339,
        85.90073503766742,
        85.89823368617466,
        85.89605058942523,
        85.89417484828404,
        85.89254978724888,
        85.89115796770368,
        85.88995906284877,
        85.88893236432757,
        85.88805498395648,
        85.88729967389789,
        85.88666534423828,
        85.88613455636161,
        85.8856953212193,
        85.88533673967633,
        85.88505445207868,
        85.8848375592913,
        85.88468170166016,
        85.88457271030971,
        85.884519304548,
        85.88450295584542,
        85.88452039446149,
        85.88457598005023,
        85.88466426304409,
        85.88477979387555,
        85.88492693219867,
        85.88509041922433,
        85.8852778843471,
        85.88547951834542,
        85.88570513044085,
        85.88594491141183,
        85.88619995117188,
        85.88646697998047,
        85.88675035749164,
        85.8870380946568,
        85.88734000069755,
        85.88764953613281,
        85.88797215053013,
        85.88830021449498,
        85.88863590785435,
        85.88898032052177,
        85.8893323625837,
        85.88968658447266,
        85.89004952566964,
        85.89041464669364,
        85.89078412737165,
        85.8911601475307,
        85.89154161725726,
        85.89192308698382,
        85.8923089163644,
        85.8927001953125,
        85.89309583391461,
        85.89348929268974,
        85.89388711111886,
        85.894287109375,
        85.89468819754464,
        85.89509582519531,
        85.89550236293248,
        85.89590781075614,
        85.89631870814732,
        85.89673178536552,
        85.8971415928432
    ],