{
    "testproblem": "quadratic_deep",
    "batch_size": 128,
    "num_epochs": 100,
    "random_seed": 42,
    "weight_decay": null,
    "optimizer_name": "PowKernelGradientDescentOptimizer",
    "optimizer_hyperparams": {
        "learning_rate": 0.03113095956122122,
        "power": 0.5
    },
    "training_params": {
        "lr_sched_epochs": null,
        "lr_sched_factors": null
    },
    "train_losses": [
        352.8963535853795,
        103.29330117361886,
        99.55155399867466,
        96.71263776506696,
        94.56068529401507,
        92.92196655273438,
        91.71421160016742,
        90.77418627057757,
        90.03873225620815,
        89.4670660836356,
        89.00635746547154,
        88.6308353969029,
        88.3245130266462,
        88.07244110107422,
        87.86523982456752,
        87.69195774623326,
        87.54601396833148,
        87.42236873081752,
        87.31649998256138,
        87.22566986083984,
        87.14847019740513,
        87.08115713936942,
        87.02287183489118,
        86.97252328055245,
        86.92762756347656,
        86.88890402657645,
        86.85525948660714,
        86.82589285714286,
        86.80017525809151,
        86.77814047677177,
        86.75926208496094,
        86.74239676339286,
        86.72762189592633,
        86.71474783761161,
        86.70347486223493,
        86.69355228969029,
        86.68505968366351,
        86.67784336635044,
        86.6717529296875,
        86.66667066301618,
        86.6624984741211,
        86.65914699009487,
        86.65653773716518,
        86.65460641043526,
        86.65327998570034,
        86.65250723702567,
        86.65224238804409,
        86.65243312290737,
        86.65304347446987,
        86.65403856549945,
        86.65537588936942,
        86.65703364780971,
        86.65897805350167,
        86.66119493756976,
        86.6636461530413,
        86.66632625034877,
        86.66920689174107,
        86.67227063860211,
        86.67550332205636,
        86.67889077322823,
        86.68241882324219,
        86.68607657296317,
        86.68985203334263,
        86.6937255859375,
        86.69769396100726,
        86.70174625941685,
        86.70583016531808,
        86.71000671386719,
        86.71425410679409,
        86.71857125418526,
        86.7229505266462,
        86.72738320486886,
        86.73187146868024,
        86.73639896937779,
        86.740964617048,
        86.74556841169085,
        86.75019836425781,
        86.75485447474888,
        86.75953565325055,
        86.7642320905413,
        86.76894269670758,
        86.77366529192243,
        86.77839660644531,
        86.78313337053571,
        86.78787231445312,
        86.79261343819755,
        86.79734802246094,
        86.80207824707031,
        86.80679866245815,
        86.81150272914341,
        86.81623077392578,
        86.82090105329242,
        86.82562473842076,
        86.83025905064174,
        86.83498055594308,
        86.83958544049945,
        86.84425027029855,
        86.84884425571987,
        86.8534665788923,
        86.85803113664899,
        86.86261204310826
    ],
    "valid_losses": [
        353.81274850027904,
        104.33705793108258,
        100.60128675188336,
        97.7822745186942,
        95.64948163713727,
        94.02654702322823,
        92.83926718575614,
        91.90901729038784,
        91.18562316894531,
        90.62762342180524,
        90.1761954171317,
        89.80919102260044,
        89.50982992989677,
        89.26260702950614,
        89.05943625313895,
        88.88955906459263,
        88.74655369349888,
        88.62576402936664,
        88.52178083147321,
        88.43206569126674,
        88.35704803466797,
        88.29107339041573,
        88.23385075160435,
        88.18421282087054,
        88.1391841343471,
        88.10084969656808,
        88.06781005859375,
        88.03911481584821,
        88.01418195452008,
        87.99288940429688,
        87.97475760323661,
        87.95862470354352,
        87.94455827985492,
        87.93236323765346,
        87.92174530029297,
        87.91245814732143,
        87.90462057931083,
        87.89805603027344,
        87.89258902413505,
        87.88812037876674,
        87.88453674316406,
        87.88175092424665,
        87.87969534737724,
        87.87828935895648,
        87.87747737339565,
        87.87720707484654,
        87.87742178780692,
        87.87808554513114,
        87.87915366036552,
        87.88058471679688,
        87.88235364641461,
        87.88442666190011,
        87.88677760532924,
        87.88938467843192,
        87.89222281319755,
        87.89527348109654,
        87.89851706368583,
        87.90194048200335,
        87.90551648821149,
        87.90923963274274,
        87.91310228620257,
        87.91708047049386,
        87.9211665562221,
        87.92534964425224,
        87.92962319510323,
        87.9339621407645,
        87.93833487374442,
        87.94278717041016,
        87.94730813162667,
        87.95189230782645,
        87.95653315952846,
        87.96122305733817,
        87.96595219203404,
        87.97072383335659,
        87.97553035191127,
        87.98036302839007,
        87.98522295270648,
        87.99010249546596,
        87.99500165666852,
        87.99991062709263,
        88.00482722691127,
        88.00975908551898,
        88.01468876429966,
        88.01962171282086,
        88.02455248151507,
        88.02947889055524,
        88.0344009399414,
        88.03931209019252,
        88.04420798165458,
        88.04908425467355,
        88.05398668561664,
        88.05882154192243,
        88.06371307373047,
        88.06850215366909,
        88.07339368547711,
        88.07814352852958,
        88.08296639578683,
        88.08770533970424,
        88.09247807094029,
        88.09718758719308,
        88.10191127232143
    ],