{
    "testproblem": "mnist_vae",
    "batch_size": 64,
    "num_epochs": 50,
    "random_seed": 42,
    "weight_decay": null,
    "optimizer_name": "PowKernelMomentumOptimizerN",
    "optimizer_hyperparams": {
        "learning_rate": 0.024400607090817518,
        "power": 0.5
    },
    "training_params": {
        "allow_early_finish": true
    },
    "train_losses": [
        181.37576088538538,
        181.37576088538538,
        181.37576088538538,
        181.37576088538538,
        181.37576088538538,
        181.37576088538538,
        181.37576088538538,
        181.37576088538538,
        181.37576088538538,
        181.37576088538538,
        181.37576088538538,
        181.37576088538538,
        181.37576088538538,
        181.37576088538538,
        181.37576088538538,
        181.37576088538538,
        181.37576088538538,
        181.37576088538538,
        181.37576088538538,
        181.37576088538538,
        181.37576088538538,
        181.37576088538538,
        181.37576088538538,
        181.37576088538538,
        181.37576088538538,
        181.37576088538538,
        181.37576088538538,
        181.37576088538538,
        181.37576088538538,
        181.37576088538538,
        181.37576088538538,
        181.37576088538538,
        181.37576088538538,
        181.37576088538538,
        181.37576088538538,
        181.37576088538538,
        181.37576088538538,
        181.37576088538538,
        181.37576088538538,
        181.37576088538538,
        181.37576088538538,
        181.37576088538538,
        181.37576088538538,
        181.37576088538538,
        181.37576088538538,
        181.37576088538538,
        181.37576088538538,
        181.37576088538538,
        181.37576088538538,
        181.37576088538538,
        181.37576088538538
    ],
    "valid_losses": [
        181.31722220396384,
        181.31722220396384,
        181.31722220396384,
        181.31722220396384,
        181.31722220396384,
        181.31722220396384,
        181.31722220396384,
        181.31722220396384,
        181.31722220396384,
        181.31722220396384,
        181.31722220396384,
        181.31722220396384,
        181.31722220396384,
        181.31722220396384,
        181.31722220396384,
        181.31722220396384,
        181.31722220396384,
        181.31722220396384,
        181.31722220396384,
        181.31722220396384,
        181.31722220396384,
        181.31722220396384,
        181.31722220396384,
        181.31722220396384,
        181.31722220396384,
        181.31722220396384,
        181.31722220396384,
        181.31722220396384,
        181.31722220396384,
        181.31722220396384,
        181.31722220396384,
        181.31722220396384,
        181.31722220396384,
        181.31722220396384,
        181.31722220396384,
        181.31722220396384,
        181.31722220396384,
        181.31722220396384,
        181.31722220396384,
        181.31722220396384,
        181.31722220396384,
        181.31722220396384,
        181.31722220396384,
        181.31722220396384,
        181.31722220396384,
        181.31722220396384,
        181.31722220396384,
        181.31722220396384,
        181.31722220396384,
        181.31722220396384,
        181.31722220396384
    ],
    "test_losses": [
        181.37621258466672,
        181.37621258466672,
        181.37621258466672,
        181.37621258466672,
        181.37621258466672,
        181.37621258466672,
        181.37621258466672,
        181.37621258466672,
        181.37621258466672,
        181.37621258466672,
        181.37621258466672,
        181.37621258466672,
        181.37621258466672,
        181.37621258466672,
        181.37621258466672,
        181.37621258466672,
        181.37621258466672,
        181.37621258466672,
        181.37621258466672,
        181.37621258466672,
        181.37621258466672,
        181.37621258466672,
        181.37621258466672,
        181.37621258466672,
        181.37621258466672,
        181.37621258466672,
        181.37621258466672,
        181.37621258466672,
        181.37621258466672,
        181.37621258466672,
        181.37621258466672,
        181.37621258466672,
        181.37621258466672,
        181.37621258466672,
        181.37621258466672,
        181.37621258466672,
        181.37621258466672,
        181.37621258466672,
        181.37621258466672,
        181.37621258466672,
        181.37621258466672,
        181.37621258466672,
        181.37621258466672,
        181.37621258466672,
        181.37621258466672,
        181.37621258466672,
        181.37621258466672,
        181.37621258466672,
        181.37621258466672,
        181.37621258466672,
        181.37621258466672
    ],