{
    "testproblem": "quadratic_deep",
    "batch_size": 128,
    "num_epochs": 100,
    "random_seed": 42,
    "weight_decay": null,
    "optimizer_name": "PowKernelMomentumOptimizerN",
    "optimizer_hyperparams": {
        "learning_rate": 0.0001987021538542862,
        "power": 0.4
    },
    "training_params": {
        "lr_sched_epochs": null,
        "lr_sched_factors": null
    },
    "train_losses": [
        352.8963623046875,
        332.65311540876115,
        299.0181143624442,
        262.8007376534598,
        228.9723118373326,
        199.49452645438058,
        174.88511657714844,
        154.99827139718192,
        139.39348493303572,
        127.52358572823661,
        118.81856100899833,
        112.71731349400112,
        108.68089294433594,
        106.21288299560547,
        104.84610639299665,
        104.13358088902065,
        103.7142312186105,
        103.37832859584263,
        103.05178724016461,
        102.7242933000837,
        102.40017373221261,
        102.08202798025948,
        101.7705557686942,
        101.46527426583427,
        101.16581181117466,
        100.87195914132255,
        100.58369445800781,
        100.3008793422154,
        100.02332414899554,
        99.75083705357143,
        99.48331124441964,
        99.22074672154018,
        98.9631587437221,
        98.71045575823102,
        98.46245901925224,
        98.21905517578125,
        97.98021044049945,
        97.74584415980748,
        97.51587241036552,
        97.29021453857422,
        97.06883130754743,
        96.85166386195591,
        96.63864135742188,
        96.42969730922154,
        96.22473471505302,
        96.0237295968192,
        95.82660893031529,
        95.6333258492606,
        95.44388253348214,
        95.25826699393136,
        95.07651083809989,
        94.89845820835659,
        94.72409929547992,
        94.55349840436664,
        94.38647351946149,
        94.22293853759766,
        94.0627920968192,
        93.90593501499721,
        93.75230734688895,
        93.60189056396484,
        93.45461927141461,
        93.31051526750836,
        93.16938999720982,
        93.03113446916852,
        92.89566258021763,
        92.76287405831474,
        92.63274165562221,
        92.50524248395648,
        92.38036346435547,
        92.25796617780414,
        92.13797977992466,
        92.02032470703125,
        91.90499223981585,
        91.7919180733817,
        91.68103790283203,
        91.57229287283761,
        91.46566118512835,
        91.36109379359654,
        91.25857107979911,
        91.15804072788784,
        91.05942971365792,
        90.96272931780133,
        90.86789376395089,
        90.7748554774693,
        90.68360028948102,
        90.59412166050502,
        90.50637490408761,
        90.42030661446708,
        90.33588082449776,
        90.25308663504464,
        90.17191641671317,
        90.0923592703683,
        90.01449257986886,
        89.93826729910714,
        89.86358315604073,
        89.79035949707031,
        89.71856580461774,
        89.64815194266183,
        89.5790786743164,
        89.51130894252232,
        89.44481876918248
    ],
    "valid_losses": [
        353.812752859933,
        333.597664969308,
        300.0123596191406,
        263.85079084123885,
        230.07598658970423,
        200.64360918317522,
        176.0663844517299,
        156.1952405657087,
        140.5881107875279,
        128.69877188546317,
        119.95898873465401,
        113.81134905133929,
        109.72097451346261,
        107.19674137660435,
        105.77847943987165,
        105.02511705671039,
        104.57663290841239,
        104.22354561941964,
        103.88961465018136,
        103.56240517752511,
        103.24322509765625,
        102.93159593854632,
        102.62626647949219,
        102.3258307320731,
        102.02990613664899,
        101.73856026785714,
        101.45213644845145,
        101.17074693952289,
        100.89447021484375,
        100.62327139718192,
        100.35708509172711,
        100.09591565813336,
        99.83977617536273,
        99.58851296561105,
        99.34192766462054,
        99.09990910121373,
        98.8624038696289,
        98.62934330531529,
        98.40070016043526,
        98.1764384678432,
        97.95649828229632,
        97.74080766950335,
        97.52928052629743,
        97.32181331089565,
        97.11830793108258,
        96.91878182547433,
        96.7231205531529,
        96.53126852852958,
        96.34319414411273,
        96.15885816301618,
        95.9783957345145,
        95.80165754045758,
        95.628659929548,
        95.45938110351562,
        95.29368809291294,
        95.13151114327567,
        94.97269766671317,
        94.81712014334542,
        94.66471753801618,
        94.51547568184989,
        94.36928994315011,
        94.2261461530413,
        94.08595275878906,
        93.94864763532367,
        93.81415557861328,
        93.68228912353516,
        93.55300685337612,
        93.42629568917411,
        93.30218287876674,
        93.18054635184151,
        93.0613032749721,
        92.94442967006138,
        92.8299560546875,
        92.71780722481864,
        92.60787418910435,
        92.5000501360212,
        92.39429909842355,
        92.29059709821429,
        92.18894631522042,
        92.08930097307477,
        91.99154336111886,
        91.89561462402344,
        91.80149405343192,
        91.70916094098773,
        91.61862182617188,
        91.52985491071429,
        91.44282640729632,
        91.35748400006976,
        91.27377646309989,
        91.19167763846261,
        91.1111831665039,
        91.03226252964565,
        90.95491245814732,
        90.87914712088448,
        90.80491965157645,
        90.73217664446149,
        90.66085488455636,
        90.59092494419643,
        90.52235630580357,
        90.4551249912807,
        90.38919721330915
    ],