{
    "testproblem": "quadratic_deep",
    "batch_size": 128,
    "num_epochs": 100,
    "random_seed": 47,
    "weight_decay": null,
    "optimizer_name": "PowKernelGradientDescentOptimizer",
    "optimizer_hyperparams": {
        "learning_rate": 0.006870614282613297,
        "power": 0.8
    },
    "training_params": {
        "lr_sched_epochs": null,
        "lr_sched_factors": null
    },
    "train_losses": [
        354.2903747558594,
        117.54797799246651,
        104.03953879220145,
        102.695070539202,
        101.67056056431362,
        100.71604265485492,
        99.82346888950893,
        98.98862021309989,
        98.20720781598773,
        97.47550528390067,
        96.79020363943917,
        96.14811161586216,
        95.54648699079242,
        94.98265184674945,
        94.45394679478237,
        93.95794241768974,
        93.49248722621373,
        93.05530657087054,
        92.64458683558873,
        92.25866045270648,
        91.89571925571987,
        91.55414145333427,
        91.23248400006976,
        90.92943355015346,
        90.64384242466518,
        90.37455204554966,
        90.12046377999442,
        89.88058035714286,
        89.65401131766183,
        89.43994467599052,
        89.2376687186105,
        89.04635838099888,
        88.86533028738839,
        88.69391305106026,
        88.531491960798,
        88.37748500279018,
        88.23137664794922,
        88.09269060407367,
        87.96098218645368,
        87.83583504813058,
        87.71686117989677,
        87.60370091029576,
        87.49600546700614,
        87.3934565952846,
        87.2957534790039,
        87.20262145996094,
        87.11380876813617,
        87.02906908307757,
        86.94818115234375,
        86.87093135288784,
        86.79712459019252,
        86.72658102852958,
        86.65915243966239,
        86.5946295601981,
        86.53286525181362,
        86.47371564592633,
        86.41704450334821,
        86.36271667480469,
        86.3106198992048,
        86.26063428606305,
        86.21266283307757,
        86.1666019984654,
        86.1223645891462,
        86.07985578264508,
        86.03898184640067,
        85.99967084612165,
        85.9618410382952,
        85.92543356759208,
        85.89037540980748,
        85.85661206926618,
        85.8240716116769,
        85.79270826067243,
        85.76246316092355,
        85.73329271589007,
        85.70514896937779,
        85.67799159458706,
        85.6517824445452,
        85.62647138323102,
        85.60202462332589,
        85.5784160069057,
        85.55559430803571,
        85.53353772844586,
        85.51220812116351,
        85.49158150809151,
        85.47162846156529,
        85.4523195539202,
        85.4336406162807,
        85.41555350167411,
        85.39804295131138,
        85.3810806274414,
        85.3646480015346,
        85.34872872488839,
        85.33329663957868,
        85.31834193638393,
        85.30383954729352,
        85.28978075299945,
        85.2761470249721,
        85.26292528424945,
        85.2500970023019,
        85.2376469203404,
        85.22556631905692
    ],
    "valid_losses": [
        353.81274850027904,
        118.40527670724052,
        105.09809112548828,
        103.76816885811942,
        102.7501689365932,
        101.80039433070591,
        100.91210501534599,
        100.08125850132534,
        99.30377415248326,
        98.57587105887276,
        97.89424896240234,
        97.25575256347656,
        96.65759604317802,
        96.09716033935547,
        95.57172393798828,
        95.07887377057757,
        94.61644417898995,
        94.18221282958984,
        93.77434539794922,
        93.39114597865513,
        93.03086526053292,
        92.69186728341239,
        92.37268393380302,
        92.07203020368304,
        91.78875732421875,
        91.52170017787388,
        91.269777570452,
        91.03197261265346,
        90.80740138462612,
        90.59526062011719,
        90.39483206612724,
        90.20530482700893,
        90.02597917829242,
        89.85621425083706,
        89.69537571498326,
        89.54289899553571,
        89.39826311383929,
        89.260988507952,
        89.13064466203961,
        89.00682503836495,
        88.88911764962333,
        88.7771737234933,
        88.67064557756696,
        88.56921822684151,
        88.47259303501674,
        88.38048989432198,
        88.29266139439174,
        88.20886884416852,
        88.12889208112445,
        88.0525142124721,
        87.97954559326172,
        87.90980529785156,
        87.8431396484375,
        87.7793448311942,
        87.71828024727958,
        87.65978349958148,
        87.60373360770089,
        87.54999542236328,
        87.49847957066127,
        87.44906398228237,
        87.4016342163086,
        87.3561041695731,
        87.31236376081195,
        87.27034105573382,
        87.2299336024693,
        87.1910640171596,
        87.15365927559989,
        87.11764853341239,
        87.08296966552734,
        87.04956817626953,
        87.0173819405692,
        86.98635755266461,
        86.95644051688058,
        86.92758505684989,
        86.89973667689732,
        86.87286158970424,
        86.84692055838448,
        86.82186671665737,
        86.79767063685826,
        86.77430616106305,
        86.75171443394252,
        86.72987474714007,
        86.70875331333706,
        86.68832506452289,
        86.66856166294643,
        86.64943259102958,
        86.63091387067523,
        86.6129891531808,
        86.59562465122768,
        86.5788105555943,
        86.56251743861607,
        86.54672350202289,
        86.53141457693917,
        86.51658085414341,
        86.50218963623047,
        86.48823656354632,
        86.47470964704242,
        86.46159035818917,
        86.44885144914899,
        86.43648420061383,
        86.42447444370815
    ],