{
    "testproblem": "quadratic_deep",
    "batch_size": 128,
    "num_epochs": 100,
    "random_seed": 44,
    "weight_decay": null,
    "optimizer_name": "PowKernelGradientDescentOptimizer",
    "optimizer_hyperparams": {
        "learning_rate": 0.006870614282613297,
        "power": 0.8
    },
    "training_params": {
        "lr_sched_epochs": null,
        "lr_sched_factors": null
    },
    "train_losses": [
        353.8855198451451,
        118.78165871756417,
        105.14769308907645,
        103.76097869873047,
        102.72912706647601,
        101.77037157331195,
        100.87365613664899,
        100.03472464425224,
        99.24961199079242,
        98.51448931012835,
        97.82588740757534,
        97.18057904924665,
        96.57565198625836,
        96.00846753801618,
        95.4765134538923,
        94.97735704694476,
        94.50884028843471,
        94.0688956124442,
        93.65563855852399,
        93.2673110961914,
        92.90216064453125,
        92.55864715576172,
        92.23538643973214,
        91.93104662214007,
        91.64447239467076,
        91.37448229108539,
        91.11986105782645,
        90.8796146937779,
        90.65283857073102,
        90.43864440917969,
        90.23622131347656,
        90.04484231131417,
        89.8638185773577,
        89.69251905168805,
        89.53034428187779,
        89.37670462472099,
        89.23104749407086,
        89.09291185651507,
        88.96183013916016,
        88.83734021868024,
        88.71906062534877,
        88.60658155168805,
        88.49956730433873,
        88.39770398821149,
        88.30068097795758,
        88.20821598597935,
        88.12006378173828,
        88.03597368512835,
        87.95572008405414,
        87.87908390590123,
        87.80588095528739,
        87.73592485700335,
        87.66903468540737,
        87.6050295148577,
        87.54376547677177,
        87.4850845336914,
        87.42886025565011,
        87.37495749337333,
        87.32326289585659,
        87.27366529192243,
        87.2260513305664,
        87.18033599853516,
        87.13641357421875,
        87.09420013427734,
        87.05361829485211,
        87.01458740234375,
        86.97704315185547,
        86.94090924944196,
        86.9061257498605,
        86.87262507847377,
        86.84035818917411,
        86.80926186697823,
        86.77928161621094,
        86.75036948067802,
        86.72247532435826,
        86.69555991036552,
        86.6695807320731,
        86.64449964250836,
        86.62027195521763,
        86.59687260219029,
        86.57425798688617,
        86.55240195138114,
        86.53126852852958,
        86.51083265032086,
        86.4910659790039,
        86.47193799700055,
        86.45343344552177,
        86.43551526750836,
        86.41817147391183,
        86.40137154715401,
        86.38510349818638,
        86.36934334891183,
        86.35406603131976,
        86.33926391601562,
        86.32491738455636,
        86.31100572858539,
        86.29751150948661,
        86.28442927769252,
        86.27173178536552,
        86.25941031319755,
        86.24745614188058
    ],
    "valid_losses": [
        353.81274850027904,
        118.86582837785993,
        105.11774444580078,
        103.70254843575614,
        102.6710684640067,
        101.71592494419643,
        100.82305799211774,
        99.98787362234933,
        99.20638166155133,
        98.47477286202567,
        97.78955732073102,
        97.14758191789899,
        96.54596165248326,
        95.98205893380302,
        95.45328957693917,
        94.95719255719867,
        94.49165562220982,
        94.05456433977399,
        93.6440179007394,
        93.25827135358539,
        92.89562007359096,
        92.55453055245536,
        92.23360770089286,
        91.93150765555245,
        91.64705875941685,
        91.37911006382534,
        91.1264899117606,
        90.888181413923,
        90.66328975132534,
        90.450925554548,
        90.25026593889508,
        90.06060682024274,
        89.88121250697544,
        89.71148136683873,
        89.55081503731864,
        89.39862060546875,
        89.25435311453683,
        89.11754172188895,
        88.98772975376674,
        88.86447143554688,
        88.74737439836774,
        88.63602774483817,
        88.53009796142578,
        88.42928205217633,
        88.33325522286552,
        88.24175698416573,
        88.15452248709542,
        88.07131631033761,
        87.9919182913644,
        87.91609627859933,
        87.84366716657367,
        87.77445874895368,
        87.70828574044364,
        87.6449704851423,
        87.58436148507255,
        87.52631160191127,
        87.47069222586495,
        87.41736711774554,
        87.36622183663505,
        87.31715393066406,
        87.27005331856864,
        87.22482517787388,
        87.18137468610492,
        87.13961356026786,
        87.0994633265904,
        87.06084769112724,
        87.02370234898159,
        86.98794773646763,
        86.95352390834263,
        86.92037527901786,
        86.88844408307757,
        86.857668195452,
        86.82799530029297,
        86.79937853131976,
        86.77176666259766,
        86.74512154715401,
        86.71940176827567,
        86.69456045968192,
        86.67057691301618,
        86.64740208217076,
        86.62500326974052,
        86.60335213797433,
        86.58241489955357,
        86.56216648646763,
        86.5425785609654,
        86.52362605503627,
        86.50527736118862,
        86.48752049037388,
        86.47031838553292,
        86.4536634172712,
        86.43752833775112,
        86.42189461844308,
        86.40674373081752,
        86.39205496651786,
        86.37781415666852,
        86.36400495256696,
        86.35061318533761,
        86.33762468610492,
        86.32501765659877,
        86.31278446742466,
        86.30090223039899
    ],