{
    "testproblem": "quadratic_deep",
    "batch_size": 128,
    "num_epochs": 100,
    "random_seed": 51,
    "weight_decay": null,
    "optimizer_name": "PowKernelGradientDescentOptimizer",
    "optimizer_hyperparams": {
        "learning_rate": 0.006870614282613297,
        "power": 0.8
    },
    "training_params": {
        "lr_sched_epochs": null,
        "lr_sched_factors": null
    },
    "train_losses": [
        354.2937229701451,
        118.39525931222099,
        104.53342655726841,
        103.08082362583706,
        102.02517264229911,
        101.04865482875279,
        100.13645499093192,
        99.28354753766742,
        98.48594992501395,
        97.74009704589844,
        97.04266793387276,
        96.39010620117188,
        95.77913229806083,
        95.2068601335798,
        94.67058890206474,
        94.16787937709263,
        93.69645690917969,
        93.2540784563337,
        92.8387941632952,
        92.44879477364677,
        92.0824203491211,
        91.73807198660714,
        91.41435241699219,
        91.10990033830915,
        90.82347324916294,
        90.55401284354073,
        90.30040740966797,
        90.06153433663505,
        89.83632986886161,
        89.6239253452846,
        89.42350224086216,
        89.23434884207589,
        89.05575016566685,
        88.88695853097099,
        88.72733197893415,
        88.57629830496651,
        88.43331691196987,
        88.2978744506836,
        88.16946520124164,
        88.04765101841518,
        87.93202754429409,
        87.82222638811383,
        87.71788460867745,
        87.6186763218471,
        87.52429853166852,
        87.43447766985211,
        87.34893907819476,
        87.26744624546596,
        87.18976157052177,
        87.11566162109375,
        87.04495130266461,
        86.97743770054409,
        86.9129616873605,
        86.85133906773159,
        86.79242488316127,
        86.73607199532645,
        86.6821528843471,
        86.63053131103516,
        86.58109065464565,
        86.53372737339565,
        86.48833574567523,
        86.44479479108539,
        86.40301186697823,
        86.36289978027344,
        86.32437351771763,
        86.28736005510602,
        86.25178636823382,
        86.2175761631557,
        86.18467712402344,
        86.15302494594029,
        86.12255423409599,
        86.09321594238281,
        86.06495884486607,
        86.03773498535156,
        86.0114985874721,
        85.9862082345145,
        85.9618170601981,
        85.93829454694476,
        85.9156025477818,
        85.89370727539062,
        85.87257058279855,
        85.85215759277344,
        85.8324454171317,
        85.81339372907367,
        85.79499271937779,
        85.77719552176339,
        85.75999450683594,
        85.7433613368443,
        85.72726440429688,
        85.7116938999721,
        85.69662693568638,
        85.68204062325614,
        85.6679207938058,
        85.6542467389788,
        85.64100646972656,
        85.62817709786552,
        85.6157466343471,
        85.60370309012276,
        85.59202575683594,
        85.58070918491909,
        85.56973157610211
    ],
    "valid_losses": [
        353.81274850027904,
        118.92206355503627,
        105.12919289725167,
        103.66961233956474,
        102.61402130126953,
        101.64014761788505,
        100.73100171770368,
        99.88116237095424,
        99.08659362792969,
        98.34369332449776,
        97.64911760602679,
        96.99922289167132,
        96.39083644321987,
        95.82105691092355,
        95.2871823992048,
        94.78679438999721,
        94.31761605398995,
        93.87742178780692,
        93.46425410679409,
        93.07628304617745,
        92.71188572474888,
        92.36946214948382,
        92.04761723109654,
        91.74497549874442,
        91.4603031703404,
        91.1925528390067,
        90.9406008039202,
        90.70329938616071,
        90.47960771833148,
        90.26867021833148,
        90.06965637207031,
        89.88186318533761,
        89.70455496651786,
        89.53699384416852,
        89.37855420793805,
        89.22864859444755,
        89.08673422677177,
        88.95233808244977,
        88.82495662144252,
        88.70413861955915,
        88.58948298863002,
        88.48061915806362,
        88.37717873709542,
        88.27884347098214,
        88.18531254359654,
        88.09632001604352,
        88.01155962262835,
        87.93080357142857,
        87.85382298060826,
        87.78040531703404,
        87.71034458705357,
        87.64346095493862,
        87.57957349504743,
        87.51852634974888,
        87.46016911097935,
        87.4043459211077,
        87.35092490059989,
        87.29977634974888,
        87.25079890659877,
        87.20387159075055,
        87.15889304024833,
        87.11576189313617,
        87.07437133789062,
        87.03462982177734,
        86.99646541050502,
        86.95979527064732,
        86.92454637799945,
        86.89065660749164,
        86.85805947440011,
        86.82669394356864,
        86.79650006975446,
        86.7674320765904,
        86.7394300188337,
        86.7124513898577,
        86.6864504132952,
        86.66138022286552,
        86.63720376150948,
        86.61388506208148,
        86.59138597760882,
        86.56967272077289,
        86.54871150425502,
        86.5284652709961,
        86.50891222272601,
        86.49001094273159,
        86.47174508231026,
        86.45408848353794,
        86.43700844900948,
        86.42049189976284,
        86.40451049804688,
        86.38904789515904,
        86.37407793317523,
        86.35958317347935,
        86.34554726736886,
        86.3319571358817,
        86.31879098074776,
        86.30603136335101,
        86.29366956438336,
        86.2816881452288,
        86.27007075718471,
        86.2588119506836,
        86.24788992745536
    ],