{
    "testproblem": "quadratic_deep",
    "batch_size": 128,
    "num_epochs": 100,
    "random_seed": 48,
    "weight_decay": null,
    "optimizer_name": "PowKernelGradientDescentOptimizer",
    "optimizer_hyperparams": {
        "learning_rate": 0.006870614282613297,
        "power": 0.8
    },
    "training_params": {
        "lr_sched_epochs": null,
        "lr_sched_factors": null
    },
    "train_losses": [
        354.5420924595424,
        117.72272491455078,
        104.26889147077289,
        102.95580073765346,
        101.92916761125836,
        100.96300615583148,
        100.05719430106026,
        99.20927429199219,
        98.41563851492745,
        97.67266082763672,
        96.97688511439732,
        96.3249980381557,
        95.71410478864398,
        95.14142499651227,
        94.60445622035435,
        94.10086277553013,
        93.62846374511719,
        93.1851087297712,
        92.76883261544364,
        92.37781306675502,
        92.01033564976284,
        91.66492026192802,
        91.34007481166294,
        91.03442055838448,
        90.74673025948661,
        90.47586059570312,
        90.2206802368164,
        89.98013196672711,
        89.7532479422433,
        89.53916713169643,
        89.33707318987165,
        89.14616285051618,
        88.96568625313895,
        88.79499816894531,
        88.63346426827567,
        88.48053741455078,
        88.33571079799107,
        88.19849722726005,
        88.06836700439453,
        87.94486345563617,
        87.82760075160435,
        87.71618979317802,
        87.6102763584682,
        87.50956399100167,
        87.41373661586216,
        87.32248251778739,
        87.23553575788226,
        87.15265437534877,
        87.07360076904297,
        86.9981711251395,
        86.92615836007255,
        86.85735974993024,
        86.79160635811942,
        86.7287368774414,
        86.66859872000558,
        86.6110371180943,
        86.55592673165458,
        86.50313786097935,
        86.45255388532367,
        86.40406036376953,
        86.35755375453404,
        86.31293269566127,
        86.27010672433036,
        86.22898973737445,
        86.1895010811942,
        86.1515633719308,
        86.11510249546596,
        86.08005087716239,
        86.04634966169085,
        86.01392691476005,
        85.98272269112724,
        85.9526835850307,
        85.9237529209682,
        85.89588383265904,
        85.86903054373605,
        85.84314618791852,
        85.81818498883929,
        85.7941153390067,
        85.77089146205357,
        85.7484850202288,
        85.7268545968192,
        85.70597839355469,
        85.68581717354911,
        85.66634477887835,
        85.6475361415318,
        85.62935856410435,
        85.6117924281529,
        85.59481157575335,
        85.5783920288086,
        85.5625228881836,
        85.54717145647321,
        85.53231811523438,
        85.5179421561105,
        85.50403159005302,
        85.49056461879185,
        85.47752598353794,
        85.46489824567523,
        85.45266941615513,
        85.44082641601562,
        85.42935180664062,
        85.41823032924107
    ],
    "valid_losses": [
        353.81274850027904,
        118.44128308977399,
        105.05617959158761,
        103.71439252580915,
        102.68499101911273,
        101.721681867327,
        100.8196269444057,
        99.97547912597656,
        99.1854716709682,
        98.44596862792969,
        97.75360434395927,
        97.10504586356026,
        96.49742017473493,
        95.9279033115932,
        95.39398847307477,
        94.89346640450614,
        94.42401776994977,
        93.9834725516183,
        93.56992994035993,
        93.18151419503349,
        92.81656428745815,
        92.4735826764788,
        92.15109252929688,
        91.84771401541573,
        91.5622057233538,
        91.29342651367188,
        91.04025377546039,
        90.80163138253349,
        90.57664707728794,
        90.36442347935268,
        90.16410064697266,
        89.97492000034877,
        89.79612949916294,
        89.62708500453404,
        89.46712820870536,
        89.31571306501117,
        89.17235020228794,
        89.03652736118862,
        88.9077627999442,
        88.78557804652623,
        88.6696036202567,
        88.55944933210101,
        88.45477294921875,
        88.35526275634766,
        88.26061902727399,
        88.1705093383789,
        88.08466339111328,
        88.00285339355469,
        87.92485046386719,
        87.85043552943638,
        87.7793938773019,
        87.71154676164899,
        87.64670889718192,
        87.58473205566406,
        87.52546037946429,
        87.46873692103794,
        87.41443307059151,
        87.36243329729352,
        87.31261335100446,
        87.26485552106585,
        87.21904863630023,
        87.17511204310826,
        87.13295091901507,
        87.0924824305943,
        87.05361611502511,
        87.01628657749721,
        86.98040989467076,
        86.94592830113002,
        86.91276114327567,
        86.88087136404855,
        86.85018593924386,
        86.82064492361886,
        86.79219491141183,
        86.76479666573661,
        86.73839678083148,
        86.71295275006976,
        86.68841770717076,
        86.66476004464286,
        86.64193834577289,
        86.61991555350167,
        86.59866333007812,
        86.57814570835659,
        86.55833762032645,
        86.53919873918805,
        86.52072143554688,
        86.5028577532087,
        86.48559897286552,
        86.46891348702567,
        86.4527816772461,
        86.43719482421875,
        86.42211151123047,
        86.40750885009766,
        86.39337812151227,
        86.37969861711774,
        86.36645943777901,
        86.3536376953125,
        86.34121704101562,
        86.32918112618583,
        86.31752232142857,
        86.3062242780413,
        86.29527391706195
    ],