{
    "testproblem": "quadratic_deep",
    "batch_size": 128,
    "num_epochs": 100,
    "random_seed": 46,
    "weight_decay": null,
    "optimizer_name": "PowKernelGradientDescentOptimizer",
    "optimizer_hyperparams": {
        "learning_rate": 0.006870614282613297,
        "power": 0.8
    },
    "training_params": {
        "lr_sched_epochs": null,
        "lr_sched_factors": null
    },
    "train_losses": [
        355.4367414202009,
        118.39386204310826,
        104.52826363699776,
        103.06076158796039,
        101.99507250104632,
        101.01469094412667,
        100.10075923374721,
        99.24698093959263,
        98.4489004952567,
        97.70274680001395,
        97.00494929722377,
        96.35226549421039,
        95.74152047293526,
        95.16981288364956,
        94.6345694405692,
        94.13330514090401,
        93.66362544468471,
        93.22329493931362,
        92.81038338797433,
        92.42296818324498,
        92.05928693498883,
        91.71772112165179,
        91.39674595424107,
        91.09492492675781,
        90.81098066057477,
        90.5437981741769,
        90.2922592163086,
        90.0552956717355,
        89.83195059640067,
        89.62127685546875,
        89.42245919363839,
        89.2347390311105,
        89.05739375523159,
        88.88973345075335,
        88.73114558628627,
        88.5810546875,
        88.43894849504743,
        88.30432673863002,
        88.17670549665179,
        88.05564444405692,
        87.94075230189732,
        87.8316181727818,
        87.72789982386998,
        87.62927791050502,
        87.53545924595424,
        87.4461648123605,
        87.36114501953125,
        87.2801513671875,
        87.20294516427177,
        87.12929207938058,
        87.0590100969587,
        86.99190194266183,
        86.92779650006976,
        86.8665281023298,
        86.80795070103237,
        86.75191497802734,
        86.69828469412667,
        86.64693450927734,
        86.59774126325335,
        86.55060250418526,
        86.50539943150112,
        86.46205248151507,
        86.42045593261719,
        86.38053131103516,
        86.34219469342914,
        86.3053708757673,
        86.26997811453683,
        86.23595428466797,
        86.20323399135044,
        86.17175946916852,
        86.14146968296596,
        86.11231449672154,
        86.08423396519252,
        86.05718340192523,
        86.03111812046596,
        86.00599779401507,
        85.98177882603237,
        85.9584219796317,
        85.93589346749442,
        85.91415514264789,
        85.89316885811942,
        85.87290518624442,
        85.85333142961774,
        85.83441925048828,
        85.81614467075893,
        85.79847935267857,
        85.7813971383231,
        85.76487949916294,
        85.74890572684151,
        85.7334485735212,
        85.71849605015346,
        85.70401872907367,
        85.69000353131976,
        85.67643410818917,
        85.66329193115234,
        85.65056392124721,
        85.6382315499442,
        85.62628718784877,
        85.61470794677734,
        85.60348728724888,
        85.59260777064732
    ],
    "valid_losses": [
        353.81274850027904,
        118.63889748709542,
        105.07380894252232,
        103.63789585658482,
        102.57913534981864,
        101.60301862444196,
        100.69256482805524,
        99.84200613839286,
        99.04696982247489,
        98.30367497035435,
        97.60865020751953,
        96.9586421421596,
        96.3505368913923,
        95.78141021728516,
        95.2487040928432,
        94.7498757498605,
        94.28255244663784,
        93.84449659075055,
        93.43378339494977,
        93.04848153250558,
        92.68682534354073,
        92.34723881312779,
        92.02817208426339,
        91.72817993164062,
        91.44599042619977,
        91.18050711495536,
        90.93056924002511,
        90.69514574323382,
        90.47326987130302,
        90.26402391706195,
        90.06658717564174,
        89.88017817905971,
        89.70409284319196,
        89.53766414097377,
        89.38027954101562,
        89.2313701084682,
        89.0904061453683,
        88.9568852015904,
        88.83031136648995,
        88.71024867466518,
        88.59631020682198,
        88.48810577392578,
        88.38528224400112,
        88.28753444126674,
        88.1945550101144,
        88.10608237130302,
        88.02186802455357,
        87.94166782924107,
        87.86520494733539,
        87.7922592163086,
        87.72264644077846,
        87.6561758858817,
        87.59268188476562,
        87.53200857979911,
        87.47399575369698,
        87.41849953787667,
        87.36539132254464,
        87.31453813825335,
        87.26582445417132,
        87.2191390991211,
        87.17437744140625,
        87.1314446585519,
        87.09024919782367,
        87.05070495605469,
        87.01274108886719,
        86.97626495361328,
        86.94121333530971,
        86.90751538957868,
        86.87510681152344,
        86.84392438616071,
        86.8139179774693,
        86.78503308977399,
        86.75721631731305,
        86.7304197038923,
        86.70459420340401,
        86.67970929827008,
        86.6557115827288,
        86.63257271902901,
        86.61025020054409,
        86.58870806012835,
        86.56790161132812,
        86.54780905587333,
        86.52839878627232,
        86.5096413748605,
        86.49150739397321,
        86.47397940499442,
        86.45703125,
        86.44063568115234,
        86.42477416992188,
        86.409421648298,
        86.39456721714565,
        86.38018580845424,
        86.3662588936942,
        86.35276903424945,
        86.33970751081195,
        86.32704816545758,
        86.31478336879185,
        86.30289786202567,
        86.2913796561105,
        86.28021240234375,
        86.26937975202289
    ],