{
    "testproblem": "quadratic_deep",
    "batch_size": 128,
    "num_epochs": 100,
    "random_seed": 42,
    "weight_decay": null,
    "optimizer_name": "PowKernelGradientDescentOptimizer",
    "optimizer_hyperparams": {
        "learning_rate": 0.006870614282613297,
        "power": 0.8
    },
    "training_params": {
        "lr_sched_epochs": null,
        "lr_sched_factors": null
    },
    "train_losses": [
        352.8963535853795,
        118.17924499511719,
        104.29066685267857,
        102.78220803397042,
        101.71190534319196,
        100.72440011160714,
        99.80284881591797,
        98.94224003383091,
        98.13824789864677,
        97.38702501569476,
        96.68473815917969,
        96.02793666294643,
        95.41356440952846,
        94.83889552525112,
        94.30099269321987,
        93.79738289969308,
        93.32565416608539,
        92.88353402273995,
        92.46898651123047,
        92.08015986851284,
        91.71533530099052,
        91.37291172572544,
        91.05133601597377,
        90.7491934640067,
        90.46521541050502,
        90.19823455810547,
        89.94707271030971,
        89.710695539202,
        89.48808942522321,
        89.27837480817523,
        89.08068193708148,
        88.8941890171596,
        88.71819305419922,
        88.55198233468192,
        88.39490618024554,
        88.2463869367327,
        88.10591452462333,
        87.97292000906808,
        87.84693908691406,
        87.72748565673828,
        87.61414337158203,
        87.50655582972935,
        87.40434919084821,
        87.3071779523577,
        87.21472276960101,
        87.126708984375,
        87.04285866873605,
        86.96291896275112,
        86.8866707938058,
        86.81390053885323,
        86.74441746303013,
        86.67803301130023,
        86.61457170758929,
        86.55387006487165,
        86.4957744053432,
        86.44014413016183,
        86.38685280936105,
        86.33578927176339,
        86.2868161882673,
        86.23983001708984,
        86.19472939627511,
        86.15142277308873,
        86.1098142351423,
        86.06981767926898,
        86.0313470023019,
        85.99434225899833,
        85.9587173461914,
        85.92442212785993,
        85.89139665876117,
        85.8595690046038,
        85.82889338902065,
        85.79931531633649,
        85.77079119001117,
        85.74327087402344,
        85.71671404157367,
        85.69108254568917,
        85.66632843017578,
        85.64242226736886,
        85.61931719098773,
        85.59699467250279,
        85.57540566580636,
        85.55453382219586,
        85.53434535435268,
        85.5148195539202,
        85.49593026297433,
        85.47764042445591,
        85.4599358694894,
        85.4427980695452,
        85.42619868687221,
        85.41011810302734,
        85.39453669956752,
        85.3794424874442,
        85.36481148856026,
        85.35062953404018,
        85.33688245500836,
        85.32354627336774,
        85.31061553955078,
        85.2980728149414,
        85.28590175083706,
        85.27409253801618,
        85.26262991768974
    ],
    "valid_losses": [
        353.81274850027904,
        119.21784101213727,
        105.24086434500558,
        103.71198490687779,
        102.64282553536552,
        101.65951429094586,
        100.7423324584961,
        99.88593074253627,
        99.08599090576172,
        98.33864920479911,
        97.64011710030692,
        96.98698425292969,
        96.37618255615234,
        95.80494362967355,
        95.2703617640904,
        94.76996721540179,
        94.30132511683873,
        93.86215427943638,
        93.45047760009766,
        93.06443895612445,
        92.70230429513114,
        92.36250305175781,
        92.04348536900112,
        91.74381801060268,
        91.46226065499442,
        91.19762529645648,
        90.94871194022042,
        90.71451241629464,
        90.49398803710938,
        90.2862799508231,
        90.0904780796596,
        89.90580204554966,
        89.73154994419643,
        89.56702641078404,
        89.4115731375558,
        89.26462009974888,
        89.12566484723773,
        88.99411446707589,
        88.86950792585101,
        88.75136893136161,
        88.63927568708148,
        88.53287833077567,
        88.43182700020927,
        88.33575766427177,
        88.24437277657645,
        88.15739331926618,
        88.0745359148298,
        87.99556623186383,
        87.9202379499163,
        87.84835597446987,
        87.77971867152623,
        87.71415601457868,
        87.65149579729352,
        87.59156472342355,
        87.53421565464565,
        87.47931235177177,
        87.42671748570034,
        87.37633514404297,
        87.32801927839007,
        87.28166852678571,
        87.23718806675502,
        87.19448634556362,
        87.15345437186105,
        87.11401694161552,
        87.07608468191964,
        87.03959001813617,
        87.0044675554548,
        86.9706529889788,
        86.93808855329242,
        86.90671103341239,
        86.876462663923,
        86.84730093819755,
        86.81917245047433,
        86.7920412336077,
        86.76585497174945,
        86.7405776977539,
        86.71616799490792,
        86.69258771623883,
        86.66980416434151,
        86.64778355189732,
        86.62649427141461,
        86.6059068952288,
        86.58599199567523,
        86.56672668457031,
        86.54808589390346,
        86.53004564557757,
        86.51257433210101,
        86.4956556047712,
        86.47926984514508,
        86.46339852469308,
        86.4480220249721,
        86.43312181745257,
        86.41868046351841,
        86.40468161446708,
        86.39110347202846,
        86.37793295724052,
        86.3651613507952,
        86.35277557373047,
        86.34074946812221,
        86.32908303397042,
        86.31775556291852
    ],