{
    "testproblem": "quadratic_deep",
    "batch_size": 128,
    "num_epochs": 100,
    "random_seed": 50,
    "weight_decay": null,
    "optimizer_name": "PowKernelGradientDescentOptimizer",
    "optimizer_hyperparams": {
        "learning_rate": 0.006870614282613297,
        "power": 0.8
    },
    "training_params": {
        "lr_sched_epochs": null,
        "lr_sched_factors": null
    },
    "train_losses": [
        352.11155482700894,
        117.52943202427456,
        103.7974352155413,
        102.39241899762835,
        101.344240461077,
        100.36483437674386,
        99.44912937709263,
        98.59352329799107,
        97.79372079031808,
        97.04588862827846,
        96.346437726702,
        95.69197518484933,
        95.07948630196708,
        94.50612313406808,
        93.96930694580078,
        93.46663774762835,
        92.99569702148438,
        92.55428859165737,
        92.14040701729911,
        91.752197265625,
        91.3878914969308,
        91.04581233433315,
        90.7244382585798,
        90.42237200055804,
        90.13822937011719,
        89.87075587681362,
        89.6187994820731,
        89.38133566720145,
        89.15739004952567,
        88.94608415876117,
        88.7466288975307,
        88.55826786586216,
        88.38025665283203,
        88.21199580601284,
        88.05281284877232,
        87.90211486816406,
        87.75939069475446,
        87.62412697928292,
        87.49585614885602,
        87.37413569859096,
        87.25854819161552,
        87.14872196742466,
        87.0443115234375,
        86.94498225620815,
        86.85043552943638,
        86.76039450509208,
        86.6746074131557,
        86.59281376429966,
        86.5147955758231,
        86.4403326851981,
        86.36922999790737,
        86.30130985804966,
        86.23638262067523,
        86.17428915841239,
        86.11487688337054,
        86.05801391601562,
        86.00355311802456,
        85.95137132917132,
        85.90136391775948,
        85.85340009416852,
        85.80737849644252,
        85.76319122314453,
        85.72074672154018,
        85.67996869768415,
        85.64076559884208,
        85.6030742100307,
        85.56681169782367,
        85.53192247663226,
        85.49833679199219,
        85.46600232805524,
        85.43485369001117,
        85.40484183175224,
        85.37591879708427,
        85.34803009033203,
        85.32113211495536,
        85.29517691476005,
        85.27013070242745,
        85.24594552176339,
        85.22259739467076,
        85.20004272460938,
        85.17825644356864,
        85.1572014944894,
        85.13685280936105,
        85.11718096051898,
        85.09815870012555,
        85.0797620500837,
        85.06196049281529,
        85.04473440987724,
        85.02806091308594,
        85.01191820417132,
        84.9962899344308,
        84.9811510358538,
        84.96648406982422,
        84.95227922712054,
        84.93850925990513,
        84.92516544886998,
        84.91223035539899,
        84.89969199044364,
        84.88753400530133,
        84.87574332101005,
        84.86430358886719
    ],
    "valid_losses": [
        353.81274850027904,
        118.96793583461216,
        105.0368412562779,
        103.59506552559989,
        102.5473164149693,
        101.57139914376395,
        100.65904998779297,
        99.8066896711077,
        99.01001957484654,
        98.26519557407924,
        97.56864275251117,
        96.91699327741351,
        96.30723789760044,
        95.73649052211216,
        95.20218440464565,
        94.70194135393415,
        94.23336465018136,
        93.79425811767578,
        93.38260323660714,
        92.99656786237445,
        92.63437761579242,
        92.2943137032645,
        91.97488185337612,
        91.67468370710101,
        91.39234052385602,
        91.12659563337054,
        90.87631007603237,
        90.64044189453125,
        90.41803959437779,
        90.20821489606585,
        90.0101819719587,
        89.8231680733817,
        89.6464593069894,
        89.47943224225726,
        89.3214579990932,
        89.17192840576172,
        89.03031921386719,
        88.89612361363002,
        88.76888820103237,
        88.64813886369977,
        88.5334974016462,
        88.4245845249721,
        88.32105146135602,
        88.22257341657367,
        88.12884739467076,
        88.0395998273577,
        87.95457894461495,
        87.87352752685547,
        87.79622214181083,
        87.72245461600167,
        87.65201241629464,
        87.5847418648856,
        87.5204347882952,
        87.45893968854632,
        87.40011269705636,
        87.34380449567523,
        87.28987230573382,
        87.23821149553571,
        87.18870217459542,
        87.14122881208148,
        87.09566061837333,
        87.05191258021763,
        87.00988660539899,
        86.96951184953961,
        86.93070111955915,
        86.89337812151227,
        86.85747310093471,
        86.82292938232422,
        86.78967612130302,
        86.75767299107143,
        86.72684042794364,
        86.69712393624442,
        86.66847664969308,
        86.64085497174945,
        86.6142098563058,
        86.58849988664899,
        86.56368473597935,
        86.5397218976702,
        86.51658085414341,
        86.49422890799386,
        86.47262573242188,
        86.45175061907086,
        86.43157741001674,
        86.41206686837333,
        86.39320264543805,
        86.3749531337193,
        86.35728999546596,
        86.34019361223493,
        86.32364872523716,
        86.307619367327,
        86.29210117885044,
        86.27706800188336,
        86.2625013078962,
        86.24838474818638,
        86.23470851353237,
        86.22144208635602,
        86.20858437674386,
        86.1961179460798,
        86.18402426583427,
        86.1722902570452,
        86.16091047014508
    ],