{
    "testproblem": "quadratic_deep",
    "batch_size": 128,
    "num_epochs": 100,
    "random_seed": 45,
    "weight_decay": null,
    "optimizer_name": "PowKernelGradientDescentOptimizer",
    "optimizer_hyperparams": {
        "learning_rate": 0.006870614282613297,
        "power": 0.8
    },
    "training_params": {
        "lr_sched_epochs": null,
        "lr_sched_factors": null
    },
    "train_losses": [
        354.20138113839283,
        117.92030770438058,
        103.95862579345703,
        102.50154222760882,
        101.44212341308594,
        100.46503121512276,
        99.55321938650948,
        98.70098876953125,
        97.90386090959821,
        97.15800040108817,
        96.46014949253627,
        95.80706351143974,
        95.19575500488281,
        94.62327248709542,
        94.08702850341797,
        93.58438873291016,
        93.11304255894252,
        92.67098672049386,
        92.25615910121373,
        91.86668287004743,
        91.5008065359933,
        91.15692138671875,
        90.83359091622489,
        90.52940368652344,
        90.24309866768974,
        89.97353036063058,
        89.71961648123605,
        89.48031507219586,
        89.25473022460938,
        89.04196384974888,
        88.84120723179409,
        88.65166582380023,
        88.47259412493024,
        88.30329132080078,
        88.1431394304548,
        87.9915542602539,
        87.84800938197544,
        87.71200125558036,
        87.58306884765625,
        87.46078382219586,
        87.34474291120257,
        87.23457336425781,
        87.12991768973214,
        87.03045327322823,
        86.93586077008929,
        86.84584590366909,
        86.76014491489956,
        86.67849404471261,
        86.60065242222377,
        86.52640315464565,
        86.45555114746094,
        86.3878914969308,
        86.32324545724052,
        86.26146153041294,
        86.20237622942243,
        86.14585331508091,
        86.0917467389788,
        86.03992898123605,
        85.99028015136719,
        85.94268689836774,
        85.8970467703683,
        85.85325186593192,
        85.81121935163226,
        85.77084459577289,
        85.7320578438895,
        85.69478825160435,
        85.6589584350586,
        85.62450081961495,
        85.59134674072266,
        85.55944170270648,
        85.52872794015067,
        85.49914223807198,
        85.47063664027623,
        85.44316755022321,
        85.41667720249721,
        85.39113398960659,
        85.36648559570312,
        85.34270368303571,
        85.3197511945452,
        85.29758017403739,
        85.27616337367466,
        85.2554680960519,
        85.23547036307198,
        85.21613529750279,
        85.1974345615932,
        85.17935071672711,
        85.16185215541294,
        85.1449225289481,
        85.12853676932198,
        85.11266980852399,
        85.09730202811105,
        85.08241925920758,
        85.06800188337054,
        85.0540291922433,
        85.04048810686383,
        85.02736227852958,
        85.01464298793248,
        85.00230298723493,
        84.99033791678292,
        84.9787346976144,
        84.96747480119977
    ],
    "valid_losses": [
        353.81274850027904,
        118.87165941510882,
        105.05376434326172,
        103.59871782575335,
        102.54062107631138,
        101.56619153703961,
        100.65702383858817,
        99.80733163016183,
        99.01263754708427,
        98.26912689208984,
        97.57354627336774,
        96.92263357979911,
        96.3134046282087,
        95.74298967633929,
        95.20875331333706,
        94.70809936523438,
        94.23873029436383,
        93.79855455671039,
        93.3855721609933,
        92.99788338797433,
        92.63373783656529,
        92.29153987339565,
        91.96985299246651,
        91.66726793561664,
        91.38253457205636,
        91.11447470528739,
        90.8620376586914,
        90.62419128417969,
        90.40003422328404,
        90.18865421840123,
        89.98926435198102,
        89.80103628976005,
        89.62323216029576,
        89.45515877859933,
        89.29620143345424,
        89.14578574044364,
        89.00337328229632,
        88.8684572492327,
        88.74059186662946,
        88.61934770856585,
        88.50431714739118,
        88.39512416294643,
        88.29140036446708,
        88.1928482055664,
        88.09913090297154,
        88.00997270856585,
        87.9250967843192,
        87.84424918038505,
        87.76718575613839,
        87.69369179861886,
        87.62356458391461,
        87.55661991664341,
        87.49266270228794,
        87.43154035295758,
        87.3730948311942,
        87.31719534737724,
        87.26368495396206,
        87.21244812011719,
        87.16335187639508,
        87.11629486083984,
        87.07116590227399,
        87.02787017822266,
        86.98631286621094,
        86.94640459333148,
        86.90806361607143,
        86.8712180001395,
        86.83579690115792,
        86.80173601422992,
        86.76896122523716,
        86.73741694859096,
        86.7070563180106,
        86.6778095790318,
        86.64962223597935,
        86.62244851248605,
        86.59625898088727,
        86.57100350516183,
        86.54662758963448,
        86.52310398646763,
        86.5003901890346,
        86.47845785958427,
        86.45726558140346,
        86.43679373604911,
        86.41699763706752,
        86.39785766601562,
        86.3793465750558,
        86.36143820626395,
        86.34411076136998,
        86.3273435320173,
        86.3111092703683,
        86.2953872680664,
        86.28016226632255,
        86.26541137695312,
        86.25111934116909,
        86.23727090018136,
        86.22384425571987,
        86.21082414899554,
        86.19819968087333,
        86.18595886230469,
        86.17407880510602,
        86.16255732945034,
        86.15137590680804
    ],