{
    "testproblem": "quadratic_deep",
    "batch_size": 128,
    "num_epochs": 100,
    "random_seed": 43,
    "weight_decay": null,
    "optimizer_name": "PowKernelGradientDescentOptimizer",
    "optimizer_hyperparams": {
        "learning_rate": 0.006870614282613297,
        "power": 0.8
    },
    "training_params": {
        "lr_sched_epochs": null,
        "lr_sched_factors": null
    },
    "train_losses": [
        353.6695295061384,
        118.36946650913784,
        104.37518201555524,
        102.9075197492327,
        101.8629401070731,
        100.89644186837333,
        99.99325997488839,
        99.14861515590123,
        98.35849434988839,
        97.6191635131836,
        96.92721339634487,
        96.27930450439453,
        95.67249407087054,
        95.10392761230469,
        94.57098388671875,
        94.07113320486886,
        93.60220663888114,
        93.16205487932477,
        92.74874986921039,
        92.36046382359096,
        91.99560655866351,
        91.652590070452,
        91.33000946044922,
        91.02640206473214,
        90.74046543666294,
        90.4710715157645,
        90.21709551130023,
        89.9775139944894,
        89.75140162876674,
        89.53788539341518,
        89.33616529192243,
        89.14547075544085,
        88.9651380266462,
        88.79448917933873,
        88.63288879394531,
        88.4797592163086,
        88.3345969063895,
        88.19690813337054,
        88.06622314453125,
        87.94212014334542,
        87.82421548025948,
        87.71214512416294,
        87.60554940359933,
        87.5041024344308,
        87.40750885009766,
        87.31549072265625,
        87.22778974260602,
        87.14417593819755,
        87.06441388811383,
        86.98829977852958,
        86.9156265258789,
        86.84621102469308,
        86.77987125941685,
        86.71644592285156,
        86.65577152797154,
        86.59770747593471,
        86.5421164376395,
        86.48887852260044,
        86.43785095214844,
        86.38894762311664,
        86.34204210553851,
        86.2970439365932,
        86.25385284423828,
        86.21238599504743,
        86.17255619594029,
        86.13428497314453,
        86.09750257219586,
        86.06212942940849,
        86.02811104910714,
        85.99538312639508,
        85.96388135637555,
        85.93354797363281,
        85.90434156145368,
        85.8761978149414,
        85.84908185686383,
        85.82294355119977,
        85.79774257114956,
        85.77343096051898,
        85.74997929164341,
        85.72735268729073,
        85.70550755092076,
        85.68441990443638,
        85.66405705043248,
        85.64438302176339,
        85.62537602015904,
        85.60700334821429,
        85.58924647739956,
        85.57208033970424,
        85.55548095703125,
        85.5394287109375,
        85.52389962332589,
        85.50886644635882,
        85.49431719098773,
        85.48023005894252,
        85.46658652169364,
        85.453369140625,
        85.44056592668805,
        85.42815508161273,
        85.41612788609096,
        85.4044679914202,
        85.3931644984654
    ],
    "valid_losses": [
        353.81274850027904,
        119.17559269496373,
        105.15663146972656,
        103.66176060267857,
        102.61618259974888,
        101.6519295828683,
        100.75120217459542,
        99.90898895263672,
        99.12123652866909,
        98.3842021397182,
        97.69444492885044,
        97.0487311226981,
        96.44403730119977,
        95.8775133405413,
        95.34659358433315,
        94.84877123151507,
        94.38182939801898,
        93.94362095424107,
        93.53219495500836,
        93.14576721191406,
        92.78271811349052,
        92.44146946498326,
        92.120607648577,
        91.81866891043526,
        91.53437914167132,
        91.26660592215401,
        91.01420266287667,
        90.77612413678851,
        90.55148424421039,
        90.33941977364677,
        90.13914271763393,
        89.94984872000558,
        89.77087729317802,
        89.6015374319894,
        89.44118826729911,
        89.28926958356585,
        89.14526476178851,
        89.00869532993862,
        88.87909589494977,
        88.7560555594308,
        88.639162336077,
        88.52808598109654,
        88.42245592389789,
        88.32194083077567,
        88.22625950404576,
        88.13512311662946,
        88.04827662876674,
        87.96548788888114,
        87.88651929582868,
        87.81117030552456,
        87.7392578125,
        87.67056056431362,
        87.60492052350726,
        87.54217311314174,
        87.48214721679688,
        87.42470005580357,
        87.3697030203683,
        87.31703404017857,
        87.2665764944894,
        87.2182126726423,
        87.17184230259487,
        87.12735094342914,
        87.08465031215123,
        87.04366193498883,
        87.00429861886161,
        86.96646990094867,
        86.93011910574776,
        86.89516230991909,
        86.86155264718192,
        86.82921709333148,
        86.79809461321149,
        86.76812635149274,
        86.73926435198102,
        86.71146174839565,
        86.68467276436942,
        86.65884617396763,
        86.63394383021763,
        86.60992431640625,
        86.58674621582031,
        86.5643811907087,
        86.54279327392578,
        86.52195521763393,
        86.50182778494698,
        86.48238372802734,
        86.46359143938336,
        86.44542912074498,
        86.42786843436105,
        86.41088540213448,
        86.39447239467076,
        86.37859671456474,
        86.36323765345982,
        86.34836905343192,
        86.33397892543248,
        86.32004220145089,
        86.30654580252511,
        86.29346793038505,
        86.28079223632812,
        86.26850891113281,
        86.25659833635602,
        86.24504743303571,
        86.23384857177734
    ],