{
    "testproblem": "quadratic_deep",
    "batch_size": 128,
    "num_epochs": 100,
    "random_seed": 49,
    "weight_decay": null,
    "optimizer_name": "PowKernelGradientDescentOptimizer",
    "optimizer_hyperparams": {
        "learning_rate": 0.006870614282613297,
        "power": 0.8
    },
    "training_params": {
        "lr_sched_epochs": null,
        "lr_sched_factors": null
    },
    "train_losses": [
        354.36492919921875,
        117.70155116489956,
        103.9730954851423,
        102.56497846330915,
        101.50787135532924,
        100.52506583077567,
        99.60752759660993,
        98.75050354003906,
        97.94988141741071,
        97.2018072945731,
        96.5025166102818,
        95.84855324881417,
        95.2368403843471,
        94.66456059047154,
        94.12898799351284,
        93.62741524832589,
        93.15752628871373,
        92.71716199602399,
        92.3043441772461,
        91.917236328125,
        91.55409894670758,
        91.21317727225167,
        90.8929922921317,
        90.59214346749442,
        90.3091801234654,
        90.04285975864956,
        89.79206194196429,
        89.55572073800224,
        89.33285413469586,
        89.12256404331752,
        88.92399379185268,
        88.73634665352958,
        88.55892181396484,
        88.3910664149693,
        88.232177734375,
        88.08170427594867,
        87.93914467947823,
        87.8040019444057,
        87.67585100446429,
        87.5542493547712,
        87.43878064836774,
        87.32906559535435,
        87.22476087297711,
        87.12555149623326,
        87.03113882882255,
        86.94125148228237,
        86.85563659667969,
        86.77405875069755,
        86.69627707345145,
        86.62206486293248,
        86.55122920445034,
        86.48357827322823,
        86.41894640241351,
        86.35717010498047,
        86.29809679303851,
        86.24159894670758,
        86.18753269740513,
        86.13575526646206,
        86.0861587524414,
        86.03861672537667,
        85.99302891322544,
        85.94929613385882,
        85.90732247488839,
        85.86702837262835,
        85.8283211844308,
        85.79113442557198,
        85.7553950718471,
        85.72102900913784,
        85.68797738211495,
        85.65617370605469,
        85.6255634852818,
        85.5960933140346,
        85.56771196637835,
        85.54036712646484,
        85.51401628766742,
        85.48861149379185,
        85.464113507952,
        85.44048527308873,
        85.41768864222935,
        85.39568655831474,
        85.37444414411273,
        85.3539308820452,
        85.33411952427456,
        85.31497628348214,
        85.29647282191685,
        85.2785884312221,
        85.26129913330078,
        85.24457659040179,
        85.22840336390904,
        85.21274893624442,
        85.19760567801339,
        85.18294525146484,
        85.16875784737724,
        85.15501403808594,
        85.14170728410993,
        85.12882014683315,
        85.1163351876395,
        85.10423496791294,
        85.09251185825893,
        85.08114406040737,
        85.07012176513672
    ],
    "valid_losses": [
        353.81274850027904,
        118.50949423653739,
        105.01712254115513,
        103.63782174246651,
        102.58830152239118,
        101.6100605555943,
        100.69629887172154,
        99.84279305594308,
        99.0456074305943,
        98.30081939697266,
        97.60465458461216,
        96.9536383492606,
        96.344728742327,
        95.77515847342355,
        95.24219948904855,
        94.74321528843471,
        94.27587563650948,
        93.83797127859933,
        93.42753274100167,
        93.04273114885602,
        92.68184661865234,
        92.34310041155133,
        92.02501678466797,
        91.72620936802456,
        91.44518715994698,
        91.18073381696429,
        90.93171146937779,
        90.69708796909877,
        90.47586168561664,
        90.26717267717633,
        90.07015991210938,
        89.8840092250279,
        89.70802307128906,
        89.5415529523577,
        89.38400377546039,
        89.23481750488281,
        89.09349822998047,
        88.95955221993583,
        88.83255549839565,
        88.71207427978516,
        88.59769221714565,
        88.48902457101005,
        88.38572038922992,
        88.28748430524554,
        88.19401550292969,
        88.10503714425224,
        88.0203105381557,
        87.93958282470703,
        87.86261531284877,
        87.78919873918805,
        87.71912602015904,
        87.65221514020648,
        87.58830261230469,
        87.52721623011998,
        87.4688219342913,
        87.41297258649554,
        87.35952322823661,
        87.30834633963448,
        87.25932856968471,
        87.21234566824776,
        87.16729409354073,
        87.12408229282924,
        87.08260999407086,
        87.04279327392578,
        87.00454820905414,
        86.96780613490513,
        86.93249620710101,
        86.89854431152344,
        86.8658915928432,
        86.83447592599052,
        86.80423845563617,
        86.77512795584542,
        86.74709102085659,
        86.72007969447544,
        86.69405147007534,
        86.66895839146206,
        86.64475686209542,
        86.62141527448382,
        86.59889221191406,
        86.57715388706752,
        86.55616651262555,
        86.53589957101005,
        86.51631600516183,
        86.49739728655133,
        86.47910744803292,
        86.461427961077,
        86.44433266775948,
        86.42779867989677,
        86.41179983956474,
        86.39632197788784,
        86.38133675711495,
        86.36683327811105,
        86.35278647286552,
        86.3391865321568,
        86.32601274762835,
        86.31324659075055,
        86.30087607247489,
        86.28889683314732,
        86.27727835518974,
        86.2660151890346,
        86.25509752546039
    ],