{
    "testproblem": "quadratic_deep",
    "batch_size": 128,
    "num_epochs": 100,
    "random_seed": 42,
    "weight_decay": null,
    "optimizer_name": "PowKernelGradientDescentOptimizer",
    "optimizer_hyperparams": {
        "learning_rate": 0.0006290644294586146,
        "power": 0.7000000000000001
    },
    "training_params": {
        "lr_sched_epochs": null,
        "lr_sched_factors": null
    },
    "train_losses": [
        352.8963535853795,
        315.06691196986606,
        282.3450230189732,
        254.13639613560267,
        229.90370614188058,
        209.16244070870536,
        191.4767303466797,
        176.4555925641741,
        163.74976675851005,
        153.04850551060267,
        144.0754176548549,
        136.58528573172433,
        130.362544468471,
        125.21802193777901,
        120.98617662702289,
        117.52256992885044,
        114.70193263462612,
        112.41695731026786,
        110.57483673095703,
        109.09569331577846,
        107.91233280726841,
        106.96861158098493,
        106.21795872279576,
        105.62059020996094,
        105.14232744489398,
        104.75582340785435,
        104.43999590192523,
        104.17783573695591,
        103.95639256068638,
        103.76556505475726,
        103.59769003731864,
        103.44712175641742,
        103.30925532749721,
        103.1808580671038,
        103.05960845947266,
        102.94373103550502,
        102.83196040562221,
        102.72337232317243,
        102.61731719970703,
        102.51329694475446,
        102.410890851702,
        102.30979810442243,
        102.20984758649554,
        102.11089433942523,
        102.0128424508231,
        101.91560363769531,
        101.8191157749721,
        101.72332872663226,
        101.62820870535714,
        101.53372410365513,
        101.43986293247768,
        101.3466055733817,
        101.25394221714565,
        101.16185542515346,
        101.07034628731864,
        100.97940499441964,
        100.88902609688895,
        100.79919978550502,
        100.70993041992188,
        100.62120710100446,
        100.53302873883929,
        100.44539533342633,
        100.35829271589007,
        100.271728515625,
        100.18569619315011,
        100.10018702915737,
        100.01520102364677,
        99.93074362618583,
        99.84679848807198,
        99.76336887904576,
        99.68045370919364,
        99.5980475289481,
        99.51615469796317,
        99.43476213727679,
        99.35387747628349,
        99.27349199567523,
        99.19360242571149,
        99.11420004708427,
        99.03529793875558,
        98.95687539236886,
        98.87893785749164,
        98.80148642403739,
        98.72450692313058,
        98.64800153459821,
        98.57196916852679,
        98.49640546526227,
        98.42130824497768,
        98.34666987827846,
        98.27249145507812,
        98.19876752580915,
        98.12550027029855,
        98.05268205915179,
        97.98031180245536,
        97.90838732038226,
        97.83690316336495,
        97.76585606166294,
        97.69525582449776,
        97.62508283342633,
        97.55534253801618,
        97.4860338483538,
        97.41715676443917
    ],
    "valid_losses": [
        353.81274850027904,
        316.0143519810268,
        283.31860787527904,
        255.13160269601005,
        230.91627938406808,
        210.18832179478235,
        192.51192365373885,
        177.4965079171317,
        164.79334803989954,
        154.09183175223214,
        145.11579241071428,
        137.6205051967076,
        131.39078630719865,
        126.23788561139789,
        121.99667031424386,
        118.5230244227818,
        115.69182913643974,
        113.39603969029018,
        111.54302651541573,
        110.05320848737445,
        108.85948617117745,
        107.90583256312779,
        107.14593832833427,
        106.54002489362445,
        106.0539300101144,
        105.66014535086495,
        105.33774893624442,
        105.06973593575614,
        104.84311785016742,
        104.64773668561664,
        104.47591509137835,
        104.32200949532645,
        104.18123626708984,
        104.05036381312779,
        103.92704227992466,
        103.80945151192802,
        103.69628361293248,
        103.58657836914062,
        103.47965349469867,
        103.37497929164341,
        103.27210235595703,
        103.17069462367466,
        103.07052503313336,
        102.97145407540458,
        102.87335859026227,
        102.77614484514508,
        102.67975725446429,
        102.58412715366909,
        102.4892109462193,
        102.39497484479632,
        102.30139596121651,
        102.2084481375558,
        102.11611938476562,
        102.0243900844029,
        101.93324497767857,
        101.84268079485211,
        101.752687726702,
        101.6632570539202,
        101.57438441685268,
        101.4860600062779,
        101.39828273228237,
        101.31105368477958,
        101.22435760498047,
        101.13820539202008,
        101.05257851736886,
        100.96747807094029,
        100.88290405273438,
        100.7988521030971,
        100.71531895228794,
        100.63229479108539,
        100.5497817993164,
        100.46777670724052,
        100.3862806047712,
        100.30528804234096,
        100.22480119977679,
        100.14480372837612,
        100.0653076171875,
        99.98630196707589,
        99.90777914864677,
        99.82974897112165,
        99.75220053536552,
        99.67512621198382,
        99.5985336303711,
        99.5224108014788,
        99.44676317487445,
        99.371584211077,
        99.29686519077846,
        99.2226082938058,
        99.14881352015904,
        99.07546888078961,
        99.00258200509208,
        98.93014199393136,
        98.85814884730748,
        98.78660147530692,
        98.71549442836216,
        98.6448255266462,
        98.57459368024554,
        98.50479452950614,
        98.43543025425502,
        98.36649213518415,
        98.29798780168805
    ],