{
    "testproblem": "quadratic_deep",
    "batch_size": 128,
    "num_epochs": 100,
    "random_seed": 42,
    "weight_decay": null,
    "optimizer_name": "PowKernelMomentumOptimizer",
    "optimizer_hyperparams": {
        "learning_rate": 0.00314891164795686,
        "power": 0.8
    },
    "training_params": {
        "lr_sched_epochs": null,
        "lr_sched_factors": null
    },
    "train_losses": [
        352.8963535853795,
        128.70413752964564,
        118.14630671909877,
        118.40797751290458,
        103.19715990339007,
        96.36472974504743,
        93.08038221086774,
        91.27425820486886,
        89.8988538469587,
        88.72006552559989,
        87.8658207484654,
        87.29524666922433,
        86.85951886858258,
        86.5258560180664,
        86.25145830426898,
        86.03456442696708,
        85.8568594796317,
        85.70928737095424,
        85.5877685546875,
        85.48380061558315,
        85.39683314732143,
        85.32159314836774,
        85.25758579799107,
        85.20218440464565,
        85.15435682024274,
        85.11288452148438,
        85.07680838448661,
        85.04534367152623,
        85.01784951346261,
        84.9937275477818,
        84.97253962925502,
        84.95387268066406,
        84.93738882882255,
        84.9228036063058,
        84.9098630632673,
        84.89836011614118,
        84.88811274937221,
        84.87896292550224,
        84.8707754952567,
        84.86343056815011,
        84.85683332170758,
        84.85089220319476,
        84.84552328927177,
        84.84067208426339,
        84.83627537318638,
        84.83227648053851,
        84.8286383492606,
        84.8253173828125,
        84.82228088378906,
        84.81949724469867,
        84.8169446672712,
        84.81459263392857,
        84.8124280657087,
        84.81042916434151,
        84.80857958112445,
        84.80686623709542,
        84.80527823311942,
        84.80379922049386,
        84.80242265973773,
        84.80114419119698,
        84.79994528634208,
        84.79882703508649,
        84.79778398786273,
        84.7968030657087,
        84.79588099888393,
        84.7950188773019,
        84.79421016148159,
        84.79344831194196,
        84.792726789202,
        84.79204777308873,
        84.79140799386161,
        84.79080527169364,
        84.7902352469308,
        84.7896979195731,
        84.7891845703125,
        84.78870500837054,
        84.78824942452567,
        84.78781563895089,
        84.78740583147321,
        84.78701346261161,
        84.78664725167411,
        84.78629847935268,
        84.78596823556083,
        84.78565325055804,
        84.7853513445173,
        84.78507014683315,
        84.78480311802456,
        84.78454480852399,
        84.7843017578125,
        84.78407287597656,
        84.78385380336216,
        84.78364562988281,
        84.78345162527901,
        84.78326525006976,
        84.78308759416852,
        84.78292301722935,
        84.78277151925224,
        84.7826178414481,
        84.78247724260602,
        84.7823464529855,
        84.78221893310547
    ],
    "valid_losses": [
        353.81274850027904,
        129.7693830217634,
        118.63173348563058,
        119.47952706473214,
        104.14723314557757,
        97.0309306553432,
        94.22686658586774,
        92.02004023960659,
        90.9156962803432,
        89.6370119367327,
        88.80773598807198,
        88.27290671212333,
        87.80372837611607,
        87.51624952043805,
        87.21092769077846,
        87.02784402029855,
        86.83070918491909,
        86.69954681396484,
        86.57372937883649,
        86.47208513532367,
        86.38831111363002,
        86.31140027727399,
        86.25017983572823,
        86.19416046142578,
        86.14722442626953,
        86.10590035574776,
        86.07002694266183,
        86.0386712210519,
        86.01123482840401,
        85.98712485177177,
        85.96589660644531,
        85.94719587053571,
        85.93063027518136,
        85.91593606131417,
        85.90291268484933,
        85.89126695905414,
        85.88091169084821,
        85.87162235804966,
        85.86330304827008,
        85.85582624162946,
        85.84908730643136,
        85.84300885881696,
        85.8374993460519,
        85.83251953125,
        85.82799094063895,
        85.82385798863002,
        85.8200912475586,
        85.81664276123047,
        85.81348310198102,
        85.81058502197266,
        85.80791800362724,
        85.80546569824219,
        85.8031997680664,
        85.8010995047433,
        85.79916054861886,
        85.79736219133649,
        85.79568808419364,
        85.79413059779576,
        85.79268101283482,
        85.79132952008929,
        85.79006522042411,
        85.78888484409877,
        85.78777422223773,
        85.78673226492745,
        85.78575788225446,
        85.78484126499721,
        85.78397914341518,
        85.78317042759487,
        85.78240530831474,
        85.78168487548828,
        85.781005859375,
        85.78036281040737,
        85.77975572858539,
        85.77917916434151,
        85.7786385672433,
        85.7781230381557,
        85.77763366699219,
        85.7771726335798,
        85.7767355782645,
        85.77631596156529,
        85.77592468261719,
        85.77554975237165,
        85.7751933506557,
        85.77485765729632,
        85.77453722272601,
        85.77422986711774,
        85.77394104003906,
        85.77367074148995,
        85.77340916224888,
        85.77315848214286,
        85.7729241507394,
        85.772702898298,
        85.77248709542411,
        85.7722909109933,
        85.77209799630302,
        85.77192143031529,
        85.77174813406808,
        85.77158464704242,
        85.77143314906529,
        85.77129146030971,
        85.77115304129464
    ],