{
    "testproblem": "quadratic_deep",
    "batch_size": 128,
    "num_epochs": 100,
    "random_seed": 42,
    "weight_decay": null,
    "optimizer_name": "PowKernelGradientDescentOptimizer",
    "optimizer_hyperparams": {
        "learning_rate": 0.00024079111954644568,
        "power": 0.9
    },
    "training_params": {
        "lr_sched_epochs": null,
        "lr_sched_factors": null
    },
    "train_losses": [
        352.8963535853795,
        325.9020342145647,
        301.7634800502232,
        280.1880536760603,
        260.91200038364957,
        243.69766671316964,
        228.3311026436942,
        214.61977059500558,
        202.39046369280135,
        191.4874485560826,
        181.77078901018416,
        173.11481148856026,
        165.4067164829799,
        158.54532732282365,
        152.4398672921317,
        147.0089852469308,
        142.17977687290735,
        137.8870086669922,
        134.0722176688058,
        130.68311745779855,
        127.67300633021763,
        125.00011444091797,
        122.62713950020927,
        120.52080753871373,
        118.65139443533761,
        116.99239131382534,
        115.52017865862165,
        114.21373421805245,
        113.0542962210519,
        112.02517264229911,
        111.11154065813336,
        110.30020577566964,
        109.57943616594586,
        108.93878064836774,
        108.36899239676339,
        107.86185673304966,
        107.41012355259487,
        107.00731331961495,
        106.64771706717355,
        106.32628086635044,
        106.03848811558315,
        105.78032684326172,
        105.54827771868024,
        105.33918762207031,
        105.15029580252511,
        104.97919464111328,
        104.82374572753906,
        104.68207114083427,
        104.55252293178013,
        104.43363080705915,
        104.32413373674665,
        104.22289712088448,
        104.12892150878906,
        104.04135022844586,
        103.95940944126674,
        103.88242667061942,
        103.80980682373047,
        103.74104963030133,
        103.67570277622768,
        103.6133564540318,
        103.55365317208427,
        103.49629429408482,
        103.44100625174386,
        103.3875492640904,
        103.33571951729911,
        103.2853273664202,
        103.23621804373605,
        103.18824659075055,
        103.14128984723773,
        103.09524318150112,
        103.0500008719308,
        103.00548553466797,
        102.96161760602679,
        102.9183349609375,
        102.87558092389789,
        102.83330426897321,
        102.79146139962333,
        102.75001089913505,
        102.70891898018974,
        102.66816166469029,
        102.62770407540458,
        102.58752114432198,
        102.54759543282645,
        102.50791604178292,
        102.4684579031808,
        102.42920466831752,
        102.39014870779855,
        102.3512682233538,
        102.31256430489677,
        102.27402060372489,
        102.23563385009766,
        102.19739205496651,
        102.15929085867745,
        102.12132808140346,
        102.08349718366351,
        102.04579162597656,
        102.00820486886161,
        101.97074127197266,
        101.93338993617466,
        101.89614977155414,
        101.85902186802456
    ],
    "valid_losses": [
        353.81274850027904,
        326.8329772949219,
        302.70703125,
        281.1424865722656,
        261.8756670270647,
        244.66910443987166,
        229.3089338030134,
        215.60274178641183,
        203.3774174281529,
        192.47732761928015,
        182.76263427734375,
        174.10779026576452,
        166.4000701904297,
        159.53837149483817,
        153.43199157714844,
        147.99964250837053,
        143.16848754882812,
        138.8733411516462,
        135.05579267229353,
        131.6636461530413,
        128.65022495814733,
        125.9738050188337,
        123.59713854108539,
        121.4869886125837,
        119.61366380964007,
        117.95068904331752,
        116.4744622366769,
        115.1639883858817,
        114.0005362374442,
        112.96742139543805,
        112.04983302525112,
        111.23460170200893,
        110.51000867571149,
        109.86561148507255,
        109.29216548374721,
        108.7814701625279,
        108.32627977643695,
        107.92012350899833,
        107.5573000226702,
        107.23275865827289,
        106.94197082519531,
        106.68093545096261,
        106.44613211495536,
        106.23439679827008,
        106.04297855922154,
        105.86945452008929,
        105.71168627057757,
        105.56780569893974,
        105.43615613664899,
        105.31527709960938,
        105.20389665876117,
        105.10087367466518,
        105.00521305629185,
        104.91604941231864,
        104.83260781424386,
        104.75420488630023,
        104.68026406424386,
        104.61025782993862,
        104.54373931884766,
        104.48030090332031,
        104.41959054129464,
        104.36128234863281,
        104.30511038643974,
        104.25082833426339,
        104.19823019845145,
        104.14713287353516,
        104.09736960274833,
        104.04879433768136,
        104.00127846854073,
        103.95471845354352,
        103.90900530133929,
        103.86405835832868,
        103.81979806082589,
        103.77615792410714,
        103.73307800292969,
        103.69050707135882,
        103.64839499337333,
        103.60670580182757,
        103.56540243966239,
        103.52445438929966,
        103.48382786342076,
        103.44351087297711,
        103.4034652709961,
        103.36368015834263,
        103.32413918631417,
        103.28482164655414,
        103.24571228027344,
        103.20679473876953,
        103.1680679321289,
        103.12951333182198,
        103.09112657819476,
        103.05289677211216,
        103.01482282366071,
        102.97688947405133,
        102.93909563337054,
        102.90143585205078,
        102.86390359061105,
        102.82650102887835,
        102.78921399797711,
        102.75205666678292,
        102.71500505719867
    ],