{
    "testproblem": "quadratic_deep",
    "batch_size": 128,
    "num_epochs": 100,
    "random_seed": 42,
    "weight_decay": null,
    "optimizer_name": "PowKernelMomentumOptimizer",
    "optimizer_hyperparams": {
        "learning_rate": 0.0002303699023037864,
        "power": 0.9
    },
    "training_params": {
        "lr_sched_epochs": null,
        "lr_sched_factors": null
    },
    "train_losses": [
        352.8963535853795,
        273.76310076032365,
        170.00433349609375,
        117.418703351702,
        106.21463012695312,
        107.24824632917132,
        106.91171591622489,
        105.05784715924945,
        103.67144121442523,
        103.03374699183873,
        102.64873504638672,
        102.25714220319476,
        101.85973358154297,
        101.48832593645368,
        101.13961356026786,
        100.80198015485492,
        100.47166987827846,
        100.14920479910714,
        99.83482687813895,
        99.52808489118304,
        99.22855595179966,
        98.93603188650948,
        98.65036337716239,
        98.37139238630023,
        98.09896305629185,
        97.83289555140904,
        97.57303292410714,
        97.31922149658203,
        97.0713141305106,
        96.82916695731026,
        96.59262520926339,
        96.36156136648995,
        96.13583047049386,
        95.9153071812221,
        95.69985634940011,
        95.48935808454242,
        95.28368486676898,
        95.08272334507534,
        94.88635689871651,
        94.69447217668805,
        94.50695473807198,
        94.32369668143136,
        94.14459555489677,
        93.96954345703125,
        93.79844338553292,
        93.63119724818638,
        93.4676993233817,
        93.30786786760602,
        93.15159824916294,
        92.99880654471261,
        92.84940992082868,
        92.70331573486328,
        92.5604476928711,
        92.4207273210798,
        92.28407723563058,
        92.15041896275112,
        92.0196772984096,
        91.89178357805524,
        91.76666586739677,
        91.64425877162388,
        91.52449689592633,
        91.40731811523438,
        91.2926526750837,
        91.1804449898856,
        91.07063293457031,
        90.9631576538086,
        90.85796356201172,
        90.75499725341797,
        90.65420423235211,
        90.55553763253349,
        90.45893314906529,
        90.3643548148019,
        90.27174595424107,
        90.18105861118862,
        90.09225899832589,
        90.00528281075614,
        89.92010498046875,
        89.83666883196149,
        89.75494166782924,
        89.67488316127232,
        89.59644862583706,
        89.51960100446429,
        89.44430541992188,
        89.37052154541016,
        89.2982199532645,
        89.22735813685826,
        89.15790557861328,
        89.08982958112445,
        89.02310180664062,
        88.95768301827567,
        88.89354705810547,
        88.83067321777344,
        88.7690189906529,
        88.70856039864677,
        88.6492691040039,
        88.59112657819476,
        88.53409031459263,
        88.4781494140625,
        88.42327226911273,
        88.3694338117327,
        88.31661878313336
    ],
    "valid_losses": [
        353.81274850027904,
        274.71578107561385,
        171.01746695382255,
        118.45228903634208,
        107.2086159842355,
        108.16372462681362,
        107.7507814679827,
        105.84977177211216,
        104.45283508300781,
        103.8327887398856,
        103.47705841064453,
        103.11126382010323,
        102.7284905569894,
        102.36042022705078,
        102.00802067347935,
        101.66470772879464,
        101.3302481515067,
        101.00649806431362,
        100.69335610525948,
        100.38921356201172,
        100.09251948765346,
        99.8023681640625,
        99.51843370710101,
        99.24070630754743,
        98.96927206856864,
        98.70418003627232,
        98.44538988385882,
        98.19275011335101,
        97.94607870919364,
        97.70518602643695,
        97.46988677978516,
        97.24002293178013,
        97.01545824323382,
        96.79608154296875,
        96.58176095145089,
        96.37238202776227,
        96.1678237915039,
        95.9679685320173,
        95.77269526890346,
        95.58189501081195,
        95.39544459751674,
        95.21325138636998,
        95.03519657679966,
        94.86117444719586,
        94.69109126499721,
        94.52484457833427,
        94.36234065464565,
        94.2034890311105,
        94.04819597516742,
        93.89636993408203,
        93.74792589460101,
        93.60277339390346,
        93.46084594726562,
        93.3220454624721,
        93.18631090436664,
        93.05355181012835,
        92.92369951520648,
        92.79668426513672,
        92.67243957519531,
        92.55088588169643,
        92.43197195870536,
        92.3156258719308,
        92.20178767613002,
        92.09039088657924,
        91.98138209751674,
        91.87469918387276,
        91.77029636928013,
        91.66810171944755,
        91.56807381766183,
        91.47015816824776,
        91.37430354527065,
        91.28046308244977,
        91.18858555385044,
        91.09862627301898,
        91.01053728376117,
        90.92427280970982,
        90.83979252406529,
        90.75705065046039,
        90.67600468226841,
        90.59661538260323,
        90.5188467843192,
        90.44266292027065,
        90.36802019391742,
        90.29488808768136,
        90.22322409493583,
        90.15299660818917,
        90.08416857038226,
        90.01671600341797,
        89.95059858049665,
        89.88578578404018,
        89.82225145612445,
        89.75996507917132,
        89.6988994053432,
        89.63902282714844,
        89.58030046735492,
        89.52271706717355,
        89.46624101911273,
        89.41084398542132,
        89.35650961739677,
        89.30320848737445,
        89.25091770717076
    ],