{
    "testproblem": "quadratic_deep",
    "batch_size": 128,
    "num_epochs": 100,
    "random_seed": 42,
    "weight_decay": null,
    "optimizer_name": "PowKernelMomentumOptimizer",
    "optimizer_hyperparams": {
        "learning_rate": 0.014413469371110323,
        "power": 0.5
    },
    "training_params": {
        "lr_sched_epochs": null,
        "lr_sched_factors": null
    },
    "train_losses": [
        352.8963535853795,
        204.43083844866072,
        132.612913949149,
        104.59291730608258,
        94.19381277901786,
        90.64907945905414,
        87.47181483677456,
        87.32577078683036,
        86.38293892996651,
        86.0722427368164,
        86.04625919886998,
        85.96938868931362,
        85.87692151750836,
        85.93909890311105,
        86.0258047921317,
        86.09897177559989,
        86.14822932652065,
        86.18710327148438,
        86.23572867257255,
        86.2849349975586,
        86.31878335135323,
        86.33767482212612,
        86.36265345982143,
        86.39235578264508,
        86.42146737234933,
        86.45140511648995,
        86.48237718854632,
        86.5170407976423,
        86.54882158551898,
        86.5704105922154,
        86.58870152064732,
        86.60718318394252,
        86.62383379255023,
        86.6427753993443,
        86.66330174037388,
        86.6831795828683,
        86.70058005196708,
        86.71715872628349,
        86.73423767089844,
        86.75513022286552,
        86.78054373604911,
        86.80968911307198,
        86.832033429827,
        86.84521048409599,
        86.85648236955915,
        86.86515263148716,
        86.87003108433315,
        86.87937273297992,
        86.89081464494977,
        86.903562273298,
        86.91536058698382,
        86.92598833356585,
        86.9402084350586,
        86.95809718540737,
        86.97578648158482,
        86.98978315080915,
        86.99971662248883,
        87.00864628383091,
        87.01506805419922,
        87.02237374441964,
        87.02916717529297,
        87.03703853062221,
        87.04275185721261,
        87.04798998151507,
        87.05513872419085,
        87.06282697405133,
        87.07256426130023,
        87.08680725097656,
        87.10380336216518,
        87.11449323381696,
        87.12003108433315,
        87.12360382080078,
        87.12723759242466,
        87.1322261265346,
        87.13912963867188,
        87.14696066720145,
        87.1552974155971,
        87.16234152657645,
        87.16780526297433,
        87.1710935320173,
        87.17555018833706,
        87.18456050327846,
        87.19962528773716,
        87.21618761335101,
        87.22769927978516,
        87.23152487618583,
        87.2318605695452,
        87.23265402657645,
        87.23614283970424,
        87.24071284702846,
        87.2466550554548,
        87.2540773664202,
        87.26121956961495,
        87.26746259416852,
        87.27237156459263,
        87.2757808140346,
        87.27991594587054,
        87.287841796875,
        87.29667118617466,
        87.30192565917969,
        87.3047845023019
    ],
    "valid_losses": [
        353.81274850027904,
        205.08001055036272,
        134.18289184570312,
        104.6536396571568,
        95.40920039585659,
        92.17049734933036,
        88.54036821637835,
        88.28806522914341,
        87.33618491036552,
        87.13658905029297,
        87.21961539132255,
        87.10571725027901,
        87.02553994315011,
        87.08450208391461,
        87.14425550188336,
        87.21658543178013,
        87.26298195975167,
        87.28949846540179,
        87.33667428152901,
        87.38699013846261,
        87.42291477748326,
        87.4456035069057,
        87.47056252615792,
        87.49742344447544,
        87.52398899623326,
        87.55184827532086,
        87.58223397391183,
        87.61845397949219,
        87.65091923304966,
        87.67340741838727,
        87.69180733816964,
        87.7100078037807,
        87.72653525216239,
        87.74441201346261,
        87.76397487095424,
        87.78306688581195,
        87.79971422467914,
        87.81562805175781,
        87.83255549839565,
        87.85392434256417,
        87.88023594447544,
        87.91072845458984,
        87.93381609235492,
        87.94610595703125,
        87.95603724888393,
        87.96410260881696,
        87.96976906912667,
        87.97904968261719,
        87.9894790649414,
        88.00156947544643,
        88.01262555803571,
        88.0234375,
        88.03800310407367,
        88.0562504359654,
        88.07535117013114,
        88.08998761858258,
        88.09949057442802,
        88.10625893729073,
        88.10946110316685,
        88.11564636230469,
        88.12508174351284,
        88.13607134137835,
        88.1424320765904,
        88.14761570521763,
        88.15444837297711,
        88.16064889090401,
        88.16897147042411,
        88.1827414376395,
        88.20096588134766,
        88.21253422328404,
        88.21798161097935,
        88.22203390938895,
        88.22544860839844,
        88.23017120361328,
        88.2379390171596,
        88.24586486816406,
        88.25367627825055,
        88.25986589704242,
        88.26486424037388,
        88.26739501953125,
        88.27130889892578,
        88.28028106689453,
        88.29595729282924,
        88.31345912388393,
        88.32547433035714,
        88.3307124546596,
        88.33135659354073,
        88.33136749267578,
        88.33345685686383,
        88.33738381522042,
        88.34326171875,
        88.35077667236328,
        88.35821097237724,
        88.36482565743583,
        88.36960165841239,
        88.37266976492745,
        88.37646811349052,
        88.384519304548,
        88.39402226039341,
        88.39967564174107,
        88.40255737304688
    ],