{
    "testproblem": "quadratic_deep",
    "batch_size": 128,
    "num_epochs": 100,
    "random_seed": 42,
    "weight_decay": null,
    "optimizer_name": "PowKernelMomentumOptimizer",
    "optimizer_hyperparams": {
        "learning_rate": 0.0006080390190296599,
        "power": 0.4
    },
    "training_params": {
        "lr_sched_epochs": null,
        "lr_sched_factors": null
    },
    "train_losses": [
        352.8963535853795,
        303.3607657296317,
        221.6669464111328,
        154.87806919642858,
        117.80456869942802,
        105.9769766671317,
        105.65187617710659,
        104.88702065604073,
        103.18294961111886,
        102.13648768833706,
        101.29337855747768,
        100.39524950299945,
        99.56477791922433,
        98.77819497244698,
        98.02644675118583,
        97.31441279820034,
        96.64009639195034,
        96.00513567243304,
        95.40748051234654,
        94.84507969447544,
        94.31658826555524,
        93.8212650844029,
        93.35757228306362,
        92.92345101492745,
        92.5163824898856,
        92.13444192068917,
        91.77601732526507,
        91.43930925641742,
        91.1224605015346,
        90.8244149344308,
        90.54410226004464,
        90.28024291992188,
        90.03204781668526,
        89.79908534458706,
        89.5802481515067,
        89.37450408935547,
        89.18093872070312,
        88.999025617327,
        88.82805524553571,
        88.66707284109933,
        88.51529148646763,
        88.37224905831474,
        88.2372817993164,
        88.10988507952008,
        87.9895749773298,
        87.87591116768974,
        87.76826804024833,
        87.66607339041573,
        87.56894901820591,
        87.47664097377232,
        87.38887132917132,
        87.3052956717355,
        87.22563171386719,
        87.1497573852539,
        87.07731628417969,
        87.00802612304688,
        86.94173540387835,
        86.8783209664481,
        86.81764330182757,
        86.75955527169364,
        86.7039326259068,
        86.6507568359375,
        86.60006277901786,
        86.55160849434989,
        86.50521305629185,
        86.4607674734933,
        86.41817038399833,
        86.3773171561105,
        86.33809334891183,
        86.30044337681362,
        86.26426151820591,
        86.229490007673,
        86.19605473109654,
        86.16388157435826,
        86.13292694091797,
        86.1031744820731,
        86.07458060128349,
        86.04705047607422,
        86.02052852085659,
        85.99497658865792,
        85.97035326276507,
        85.94662148611886,
        85.92376164027623,
        85.90174538748605,
        85.8805182320731,
        85.8600333077567,
        85.84026118687221,
        85.8211920601981,
        85.80281611851284,
        85.7851072038923,
        85.76803043910435,
        85.7515847342355,
        85.73572649274554,
        85.72041320800781,
        85.70563071114677,
        85.69137246268136,
        85.6776101248605,
        85.66431644984654,
        85.65145874023438,
        85.63903154645648,
        85.62702941894531
    ],
    "valid_losses": [
        353.81274850027904,
        304.3467276436942,
        222.7855006626674,
        156.10946655273438,
        119.04543958391461,
        107.07815769740513,
        106.51576123918805,
        105.5964845929827,
        103.89375305175781,
        102.95215606689453,
        102.20216696602958,
        101.31593540736607,
        100.4502934047154,
        99.63421085902623,
        98.88343811035156,
        98.19250161307198,
        97.53583199637276,
        96.90496390206474,
        96.30570765904018,
        95.7447487967355,
        95.22093200683594,
        94.73023550851005,
        94.27052525111607,
        93.83961704799107,
        93.43506949288505,
        93.05544607979911,
        92.69964817592076,
        92.36581529889789,
        92.05179704938617,
        91.75627136230469,
        91.47824968610492,
        91.21664864676339,
        90.97032710484096,
        90.7387444632394,
        90.5213372366769,
        90.31749289376395,
        90.12619018554688,
        89.94659205845424,
        89.7776358468192,
        89.6186272757394,
        89.46891784667969,
        89.32796478271484,
        89.19479806082589,
        89.06877136230469,
        88.9498792375837,
        88.83782196044922,
        88.73175811767578,
        88.63096400669643,
        88.53503308977399,
        88.4437016078404,
        88.35685185023716,
        88.27430180140904,
        88.19573320661273,
        88.12092590332031,
        88.04942321777344,
        87.98096684047154,
        87.91548592703683,
        87.85284096854073,
        87.79293714250836,
        87.73561641148159,
        87.68077632359096,
        87.62836565290179,
        87.5783211844308,
        87.53044782366071,
        87.48465510777065,
        87.44081115722656,
        87.3988037109375,
        87.35848563058036,
        87.3196770804269,
        87.2824216570173,
        87.2467062813895,
        87.21249498639789,
        87.17956869942802,
        87.14779772077289,
        87.11714826311383,
        87.08761596679688,
        87.0592771257673,
        87.03213065011161,
        87.00609043666294,
        86.98101152692523,
        86.95677621023995,
        86.93339320591518,
        86.9107644217355,
        86.88904571533203,
        86.868161882673,
        86.84801047188895,
        86.82856205531529,
        86.80983516148159,
        86.79179927280971,
        86.7743410382952,
        86.75752912248883,
        86.74135371616909,
        86.72580283028739,
        86.7107925415039,
        86.69622475760323,
        86.68215506417411,
        86.66868373325893,
        86.6556886945452,
        86.64310346330915,
        86.63092694963727,
        86.6191874912807
    ],