{
    "testproblem": "quadratic_deep",
    "batch_size": 128,
    "num_epochs": 100,
    "random_seed": 42,
    "weight_decay": null,
    "optimizer_name": "PowKernelMomentumOptimizerN",
    "optimizer_hyperparams": {
        "learning_rate": 0.0035868164986275477,
        "power": 0.5
    },
    "training_params": {
        "lr_sched_epochs": null,
        "lr_sched_factors": null
    },
    "train_losses": [
        352.8963623046875,
        111.34128788539341,
        121.52012307303292,
        101.76176234654018,
        98.06255994524274,
        94.98685019356864,
        92.49696132114956,
        90.58078438895089,
        89.22408294677734,
        88.25536128452846,
        87.57278115408761,
        87.07980782645089,
        86.71461159842355,
        86.43370819091797,
        86.21362849644252,
        86.03771318708148,
        85.89513179234096,
        85.7778570992606,
        85.68114907400948,
        85.60040283203125,
        85.53291429792132,
        85.4764905657087,
        85.42938232421875,
        85.39011710030692,
        85.35750797816685,
        85.33052062988281,
        85.30840628487724,
        85.29038892473493,
        85.27585819789341,
        85.26426587785993,
        85.2551040649414,
        85.24803052629743,
        85.24273245675224,
        85.2389166695731,
        85.23637063162667,
        85.2348153250558,
        85.23419080461774,
        85.23462785993304,
        85.2356709071568,
        85.23723493303571,
        85.23916299002511,
        85.24136679513114,
        85.24376351492745,
        85.24629756382534,
        85.24896676199776,
        85.25175476074219,
        85.25464739118304,
        85.25755637032645,
        85.2604740687779,
        85.2632816859654,
        85.26609693254743,
        85.2689939226423,
        85.27194431849888,
        85.27491106305804,
        85.27785927908761,
        85.28074210030692,
        85.28359658377511,
        85.28643471854073,
        85.28927176339286,
        85.29209463936942,
        85.29488808768136,
        85.2976564679827,
        85.30039978027344,
        85.30310603550502,
        85.30580139160156,
        85.30844007219586,
        85.31109619140625,
        85.31367819649833,
        85.31628308977399,
        85.31880950927734,
        85.3213642665318,
        85.32383946010044,
        85.32634844098773,
        85.32877131870815,
        85.33123125348773,
        85.33361053466797,
        85.33600834437779,
        85.3383549281529,
        85.34071350097656,
        85.34300885881696,
        85.3453129359654,
        85.34757777622768,
        85.34983934674945,
        85.35206386021206,
        85.35428401402065,
        85.3564682006836,
        85.35865129743304,
        85.36080169677734,
        85.36295318603516,
        85.36506652832031,
        85.36718423025948,
        85.3692626953125,
        85.37135205950055,
        85.37339782714844,
        85.37545558384487,
        85.37747083391461,
        85.37950134277344,
        85.38148825509208,
        85.38348606654576,
        85.3854511805943,
        85.38742174421039
    ],
    "valid_losses": [
        353.812752859933,
        112.57768794468471,
        122.14507947649274,
        102.61742837088448,
        99.09796142578125,
        95.85939461844308,
        93.50692967006138,
        91.56201825823102,
        90.2285908290318,
        89.27778952462333,
        88.6018818446568,
        88.11654990059989,
        87.75774383544922,
        87.48095594133649,
        87.26331438337054,
        87.08950587681362,
        86.9485593523298,
        86.8321762084961,
        86.7362561907087,
        86.65594046456474,
        86.58899797712054,
        86.53316388811383,
        86.48668888636998,
        86.44801112583706,
        86.41575840541294,
        86.38914925711495,
        86.36743273053851,
        86.34966496058873,
        86.3353511265346,
        86.3239974975586,
        86.3150144304548,
        86.30813598632812,
        86.3030537196568,
        86.29943520682198,
        86.29715728759766,
        86.29569135393415,
        86.29503413609096,
        86.29578072684151,
        86.29706355503627,
        86.29889351981026,
        86.30106135777065,
        86.30349404471261,
        86.3060782296317,
        86.30879538399833,
        86.31163133893695,
        86.3145751953125,
        86.31761278424945,
        86.32066127232143,
        86.32374681745257,
        86.32662745884487,
        86.32948521205357,
        86.33246176583427,
        86.33550807407924,
        86.33858707972935,
        86.3416519165039,
        86.34460776192802,
        86.34753744942802,
        86.35043770926339,
        86.35336303710938,
        86.35626547677177,
        86.35914393833706,
        86.36198316301618,
        86.36480603899274,
        86.36758640834263,
        86.370359148298,
        86.37306213378906,
        86.37579563685826,
        86.3784419468471,
        86.38112422398159,
        86.38371058872768,
        86.38634163992745,
        86.38887241908482,
        86.39144788469586,
        86.39393070765904,
        86.39645494733539,
        86.39888545445034,
        86.40134865897042,
        86.40374646868024,
        86.40616825648716,
        86.40850612095424,
        86.41087341308594,
        86.4131851196289,
        86.41550118582589,
        86.41776493617466,
        86.42004721505302,
        86.4222662789481,
        86.4245115007673,
        86.42667061941964,
        86.42891257149833,
        86.43102591378349,
        86.43323625837054,
        86.435302734375,
        86.43748583112445,
        86.43952178955078,
        86.44166782924107,
        86.4436787196568,
        86.44576481410435,
        86.44778115408761,
        86.4498291015625,
        86.45181710379464,
        86.45382799421039
    ],