{
    "testproblem": "quadratic_deep",
    "batch_size": 128,
    "num_epochs": 100,
    "random_seed": 42,
    "weight_decay": null,
    "optimizer_name": "PowKernelGradientDescentOptimizer",
    "optimizer_hyperparams": {
        "learning_rate": 0.0005416754583247456,
        "power": 0.8
    },
    "training_params": {
        "lr_sched_epochs": null,
        "lr_sched_factors": null
    },
    "train_losses": [
        352.8963535853795,
        309.4575849260603,
        273.1031712123326,
        242.76827784946985,
        217.5331529889788,
        196.60555376325334,
        179.3048379080636,
        165.04830496651786,
        153.3387952532087,
        143.75305829729353,
        135.93197631835938,
        129.5715844290597,
        124.41602216448102,
        120.25051661900112,
        116.8952168055943,
        114.20023236955915,
        112.04136330740792,
        110.31568254743304,
        108.93826838902065,
        107.83956909179688,
        106.96314021519252,
        106.26321302141461,
        105.70228140694755,
        105.24972098214286,
        104.88114711216518,
        104.57765306745257,
        104.32436806815011,
        104.10968453543526,
        103.92466081891742,
        103.76232256208148,
        103.6174567086356,
        103.48592812674386,
        103.36460549490792,
        103.25112915039062,
        103.14373234340123,
        103.04104287283761,
        102.94204711914062,
        102.845947265625,
        102.75217764718192,
        102.66029902866909,
        102.56998225620815,
        102.48097120012555,
        102.39305005754743,
        102.30606515066964,
        102.21990639822823,
        102.13447788783482,
        102.04972403390067,
        101.96559034075055,
        101.88202449253627,
        101.79901014055524,
        101.71651349748883,
        101.63452039446149,
        101.55301557268415,
        101.4719728742327,
        101.39139665876117,
        101.31127275739398,
        101.2315913609096,
        101.15235464913505,
        101.07355608258929,
        100.99517822265625,
        100.91723305838448,
        100.83970751081195,
        100.76261029924665,
        100.68592507498605,
        100.60965074811664,
        100.53379494803292,
        100.45834023611886,
        100.383302961077,
        100.30866350446429,
        100.23442731584821,
        100.16059112548828,
        100.08715275355748,
        100.0141100202288,
        99.94145747593471,
        99.86920166015625,
        99.79733276367188,
        99.72584860665458,
        99.65475027901786,
        99.5840345110212,
        99.51370021275112,
        99.44374193464007,
        99.37416294642857,
        99.30495779854911,
        99.23612104143415,
        99.16765703473773,
        99.09956577845982,
        99.03183310372489,
        98.96446990966797,
        98.89746638706752,
        98.83082144601005,
        98.76454707554409,
        98.69861929757255,
        98.63304901123047,
        98.56783403669085,
        98.50296892438617,
        98.4384525844029,
        98.37428174700055,
        98.31045750209263,
        98.24697766985211,
        98.18383353097099,
        98.12103489467076
    ],
    "valid_losses": [
        353.81274850027904,
        310.40299333844865,
        274.07181222098217,
        243.75498744419642,
        218.53328813825334,
        197.6148638044085,
        180.31956263950892,
        166.06527056012834,
        154.35529000418526,
        144.76673671177454,
        136.94081115722656,
        130.57402910505022,
        125.41095297677177,
        121.23715645926339,
        117.87307303292411,
        115.16903577532086,
        113.00103105817523,
        111.26630183628627,
        109.88008444649833,
        108.77290889195034,
        107.88841465541294,
        107.1809834071568,
        106.61309378487724,
        106.15411703927177,
        105.77960750034877,
        105.47069004603794,
        105.21253204345703,
        104.99349866594586,
        104.80459485735211,
        104.63883536202567,
        104.49098532540458,
        104.3568845476423,
        104.23331778390067,
        104.11791120256696,
        104.00888061523438,
        103.9048091343471,
        103.80466134207589,
        103.70760999407086,
        103.61305781773159,
        103.5205579485212,
        103.42975725446429,
        103.34038325718471,
        103.25221143450055,
        103.16505650111607,
        103.07880619594029,
        102.99335261753627,
        102.90861511230469,
        102.82454790387835,
        102.74109976632255,
        102.65823255266461,
        102.57591901506696,
        102.49412863595145,
        102.41285596575055,
        102.33206503731864,
        102.25175040108817,
        102.17190769740513,
        102.09251403808594,
        102.01357596261161,
        101.93508475167411,
        101.85702514648438,
        101.77939932686942,
        101.70220293317523,
        101.62542724609375,
        101.549070085798,
        101.47313145228794,
        101.39760480608258,
        101.3224868774414,
        101.2477798461914,
        101.17347390311105,
        101.09957885742188,
        101.02606855119977,
        100.95296914236886,
        100.88026210239956,
        100.80794525146484,
        100.73601967947823,
        100.66447993687221,
        100.59333256312779,
        100.52256120954242,
        100.45217459542411,
        100.38216727120536,
        100.31253814697266,
        100.24328177315849,
        100.17440468924386,
        100.10589708600726,
        100.03775569370815,
        99.96998596191406,
        99.90257699148995,
        99.83553641183036,
        99.76885223388672,
        99.70252990722656,
        99.63656943184989,
        99.57095881870815,
        99.50570678710938,
        99.44080243791852,
        99.37624904087612,
        99.31204768589565,
        99.2481918334961,
        99.18468148367745,
        99.1215090070452,
        99.05868094308036,
        98.9961907523019
    ],