{
    "testproblem": "fmnist_vae",
    "batch_size": 64,
    "num_epochs": 100,
    "random_seed": 42,
    "weight_decay": null,
    "optimizer_name": "PowKernelMomentumOptimizer",
    "optimizer_hyperparams": {
        "learning_rate": 0.7261414516028825,
        "power": 0.7000000000000001
    },
    "training_params": {
        "lr_sched_epochs": null,
        "lr_sched_factors": null
    },
    "train_losses": [
        133.0419073838454,
        133.0419073838454,
        133.0419073838454,
        133.0419073838454,
        133.0419073838454,
        133.0419073838454,
        133.0419073838454,
        133.0419073838454,
        133.0419073838454,
        133.0419073838454,
        133.0419073838454,
        133.0419073838454,
        133.0419073838454,
        133.0419073838454,
        133.0419073838454,
        133.0419073838454,
        133.0419073838454,
        133.0419073838454,
        133.0419073838454,
        133.0419073838454,
        133.0419073838454,
        133.0419073838454,
        133.0419073838454,
        133.0419073838454,
        133.0419073838454,
        133.0419073838454,
        133.0419073838454,
        133.0419073838454,
        133.0419073838454,
        133.0419073838454,
        133.0419073838454,
        133.0419073838454,
        133.0419073838454,
        133.0419073838454,
        133.0419073838454,
        133.0419073838454,
        133.0419073838454,
        133.0419073838454,
        133.0419073838454,
        133.0419073838454,
        133.0419073838454,
        133.0419073838454,
        133.0419073838454,
        133.0419073838454,
        133.0419073838454,
        133.0419073838454,
        133.0419073838454,
        133.0419073838454,
        133.0419073838454,
        133.0419073838454,
        133.0419073838454,
        133.0419073838454,
        133.0419073838454,
        133.0419073838454,
        133.0419073838454,
        133.0419073838454,
        133.0419073838454,
        133.0419073838454,
        133.0419073838454,
        133.0419073838454,
        133.0419073838454,
        133.0419073838454,
        133.0419073838454,
        133.0419073838454,
        133.0419073838454,
        133.0419073838454,
        133.0419073838454,
        133.0419073838454,
        133.0419073838454,
        133.0419073838454,
        133.0419073838454,
        133.0419073838454,
        133.0419073838454,
        133.0419073838454,
        133.0419073838454,
        133.0419073838454,
        133.0419073838454,
        133.0419073838454,
        133.0419073838454,
        133.0419073838454,
        133.0419073838454,
        133.0419073838454,
        133.0419073838454,
        133.0419073838454,
        133.0419073838454,
        133.0419073838454,
        133.0419073838454,
        133.0419073838454,
        133.0419073838454,
        133.0419073838454,
        133.0419073838454,
        133.0419073838454,
        133.0419073838454,
        133.0419073838454,
        133.0419073838454,
        133.0419073838454,
        133.0419073838454,
        133.0419073838454,
        133.0419073838454,
        133.0419073838454,
        133.0419073838454
    ],
    "valid_losses": [
        134.00498527135605,
        134.00498527135605,
        134.00498527135605,
        134.00498527135605,
        134.00498527135605,
        134.00498527135605,
        134.00498527135605,
        134.00498527135605,
        134.00498527135605,
        134.00498527135605,
        134.00498527135605,
        134.00498527135605,
        134.00498527135605,
        134.00498527135605,
        134.00498527135605,
        134.00498527135605,
        134.00498527135605,
        134.00498527135605,
        134.00498527135605,
        134.00498527135605,
        134.00498527135605,
        134.00498527135605,
        134.00498527135605,
        134.00498527135605,
        134.00498527135605,
        134.00498527135605,
        134.00498527135605,
        134.00498527135605,
        134.00498527135605,
        134.00498527135605,
        134.00498527135605,
        134.00498527135605,
        134.00498527135605,
        134.00498527135605,
        134.00498527135605,
        134.00498527135605,
        134.00498527135605,
        134.00498527135605,
        134.00498527135605,
        134.00498527135605,
        134.00498527135605,
        134.00498527135605,
        134.00498527135605,
        134.00498527135605,
        134.00498527135605,
        134.00498527135605,
        134.00498527135605,
        134.00498527135605,
        134.00498527135605,
        134.00498527135605,
        134.00498527135605,
        134.00498527135605,
        134.00498527135605,
        134.00498527135605,
        134.00498527135605,
        134.00498527135605,
        134.00498527135605,
        134.00498527135605,
        134.00498527135605,
        134.00498527135605,
        134.00498527135605,
        134.00498527135605,
        134.00498527135605,
        134.00498527135605,
        134.00498527135605,
        134.00498527135605,
        134.00498527135605,
        134.00498527135605,
        134.00498527135605,
        134.00498527135605,
        134.00498527135605,
        134.00498527135605,
        134.00498527135605,
        134.00498527135605,
        134.00498527135605,
        134.00498527135605,
        134.00498527135605,
        134.00498527135605,
        134.00498527135605,
        134.00498527135605,
        134.00498527135605,
        134.00498527135605,
        134.00498527135605,
        134.00498527135605,
        134.00498527135605,
        134.00498527135605,
        134.00498527135605,
        134.00498527135605,
        134.00498527135605,
        134.00498527135605,
        134.00498527135605,
        134.00498527135605,
        134.00498527135605,
        134.00498527135605,
        134.00498527135605,
        134.00498527135605,
        134.00498527135605,
        134.00498527135605,
        134.00498527135605,
        134.00498527135605,
        134.00498527135605
    ],