{
    "testproblem": "fmnist_vae_no_dropout",
    "batch_size": 64,
    "num_epochs": 100,
    "random_seed": 42,
    "weight_decay": null,
    "optimizer_name": "PowKernelGradientDescentOptimizerW_scaled",
    "optimizer_hyperparams": {
        "learning_rate": 0.014817820606039075,
        "power": 0.4,
        "weight_decay_opt": 0.0
    },
    "training_params": {
        "allow_early_finish": false
    },
    "train_losses": [
        133.11623778709998,
        69.03358417902237,
        133.11623778709998,
        133.11623778709998,
        133.11623778709998,
        133.11623778709998,
        133.11623778709998,
        133.11623778709998,
        133.11623778709998,
        133.11623778709998,
        133.11623778709998,
        133.11623778709998,
        133.11623778709998,
        133.11623778709998,
        133.11623778709998,
        133.11623778709998,
        133.11623778709998,
        133.11623778709998,
        133.11623778709998,
        133.11623778709998,
        133.11623778709998,
        133.11623778709998,
        133.11623778709998,
        133.11623778709998,
        133.11623778709998,
        133.11623778709998,
        133.11623778709998,
        133.11623778709998,
        133.11623778709998,
        133.11623778709998,
        133.11623778709998,
        133.11623778709998,
        133.11623778709998,
        133.11623778709998,
        133.11623778709998,
        133.11623778709998,
        133.11623778709998,
        133.11623778709998,
        133.11623778709998,
        133.11623778709998,
        133.11623778709998,
        133.11623778709998,
        133.11623778709998,
        133.11623778709998,
        133.11623778709998,
        133.11623778709998,
        133.11623778709998,
        133.11623778709998,
        133.11623778709998,
        133.11623778709998,
        133.11623778709998,
        133.11623778709998,
        133.11623778709998,
        133.11623778709998,
        133.11623778709998,
        133.11623778709998,
        133.11623778709998,
        133.11623778709998,
        133.11623778709998,
        133.11623778709998,
        133.11623778709998,
        133.11623778709998,
        133.11623778709998,
        133.11623778709998,
        133.11623778709998,
        133.11623778709998,
        133.11623778709998,
        133.11623778709998,
        133.11623778709998,
        133.11623778709998,
        133.11623778709998,
        133.11623778709998,
        133.11623778709998,
        133.11623778709998,
        133.11623778709998,
        133.11623778709998,
        133.11623778709998,
        133.11623778709998,
        133.11623778709998,
        133.11623778709998,
        133.11623778709998,
        133.11623778709998,
        133.11623778709998,
        133.11623778709998,
        133.11623778709998,
        133.11623778709998,
        133.11623778709998,
        133.11623778709998,
        133.11623778709998,
        133.11623778709998,
        133.11623778709998,
        133.11623778709998,
        133.11623778709998,
        133.11623778709998,
        133.11623778709998,
        133.11623778709998,
        133.11623778709998,
        133.11623778709998,
        133.11623778709998,
        133.11623778709998,
        133.11623778709998
    ],
    "valid_losses": [
        134.07985119941907,
        69.84303464644995,
        134.07985119941907,
        134.07985119941907,
        134.07985119941907,
        134.07985119941907,
        134.07985119941907,
        134.07985119941907,
        134.07985119941907,
        134.07985119941907,
        134.07985119941907,
        134.07985119941907,
        134.07985119941907,
        134.07985119941907,
        134.07985119941907,
        134.07985119941907,
        134.07985119941907,
        134.07985119941907,
        134.07985119941907,
        134.07985119941907,
        134.07985119941907,
        134.07985119941907,
        134.07985119941907,
        134.07985119941907,
        134.07985119941907,
        134.07985119941907,
        134.07985119941907,
        134.07985119941907,
        134.07985119941907,
        134.07985119941907,
        134.07985119941907,
        134.07985119941907,
        134.07985119941907,
        134.07985119941907,
        134.07985119941907,
        134.07985119941907,
        134.07985119941907,
        134.07985119941907,
        134.07985119941907,
        134.07985119941907,
        134.07985119941907,
        134.07985119941907,
        134.07985119941907,
        134.07985119941907,
        134.07985119941907,
        134.07985119941907,
        134.07985119941907,
        134.07985119941907,
        134.07985119941907,
        134.07985119941907,
        134.07985119941907,
        134.07985119941907,
        134.07985119941907,
        134.07985119941907,
        134.07985119941907,
        134.07985119941907,
        134.07985119941907,
        134.07985119941907,
        134.07985119941907,
        134.07985119941907,
        134.07985119941907,
        134.07985119941907,
        134.07985119941907,
        134.07985119941907,
        134.07985119941907,
        134.07985119941907,
        134.07985119941907,
        134.07985119941907,
        134.07985119941907,
        134.07985119941907,
        134.07985119941907,
        134.07985119941907,
        134.07985119941907,
        134.07985119941907,
        134.07985119941907,
        134.07985119941907,
        134.07985119941907,
        134.07985119941907,
        134.07985119941907,
        134.07985119941907,
        134.07985119941907,
        134.07985119941907,
        134.07985119941907,
        134.07985119941907,
        134.07985119941907,
        134.07985119941907,
        134.07985119941907,
        134.07985119941907,
        134.07985119941907,
        134.07985119941907,
        134.07985119941907,
        134.07985119941907,
        134.07985119941907,
        134.07985119941907,
        134.07985119941907,
        134.07985119941907,
        134.07985119941907,
        134.07985119941907,
        134.07985119941907,
        134.07985119941907,
        134.07985119941907
    ],