{
    "testproblem": "quadratic_deep",
    "batch_size": 128,
    "num_epochs": 100,
    "random_seed": 42,
    "weight_decay": null,
    "optimizer_name": "PowKernelGradientDescentOptimizer",
    "optimizer_hyperparams": {
        "learning_rate": 0.027964859516062437,
        "power": 0.8
    },
    "training_params": {
        "lr_sched_epochs": null,
        "lr_sched_factors": null
    },
    "train_losses": [
        352.8963535853795,
        102.10521371023995,
        98.65784018380302,
        96.02013397216797,
        93.98944418770927,
        92.41598183768136,
        91.19207872663226,
        90.22766440255302,
        89.46118818010602,
        88.84551565987724,
        88.3466796875,
        87.93790326799665,
        87.59986114501953,
        87.3177991594587,
        87.0804694039481,
        86.87928989955357,
        86.70766993931362,
        86.56012616838727,
        86.43263680594308,
        86.32181549072266,
        86.22501809256417,
        86.14005388532367,
        86.06515611921039,
        85.99890790666852,
        85.9401136125837,
        85.88773672921317,
        85.841066632952,
        85.79930005754743,
        85.76183319091797,
        85.72814287458148,
        85.69779532296317,
        85.67039707728794,
        85.64562443324498,
        85.62318311418805,
        85.60282461983817,
        85.5843266078404,
        85.56749180385044,
        85.55215236118862,
        85.53815133231026,
        85.52535683768136,
        85.51364462716239,
        85.50291224888393,
        85.49306270054409,
        85.48401205880302,
        85.47568620954242,
        85.468019757952,
        85.46095057896206,
        85.45442635672433,
        85.44839368547711,
        85.44281768798828,
        85.43765585763114,
        85.43287331717355,
        85.42843082972935,
        85.42430550711495,
        85.42047010149274,
        85.41690281459263,
        85.41357966831752,
        85.41048104422433,
        85.40758841378349,
        85.40489087785993,
        85.4023677280971,
        85.40000806535993,
        85.39779881068638,
        85.39573342459542,
        85.39379555838448,
        85.39197649274554,
        85.39027077811105,
        85.388671875,
        85.38716997419085,
        85.38575853620257,
        85.38442884172711,
        85.38318525041852,
        85.3820081438337,
        85.38090406145368,
        85.37986319405692,
        85.37888554164341,
        85.37796020507812,
        85.37708936418805,
        85.3762686593192,
        85.37549918038505,
        85.37477656773159,
        85.3740964617048,
        85.37345559256417,
        85.3728517804827,
        85.37228284563336,
        85.37174878801618,
        85.37124197823661,
        85.37077113560268,
        85.37032318115234,
        85.36990247453961,
        85.3695068359375,
        85.36913953508649,
        85.36878531319755,
        85.36846269880023,
        85.36815207345145,
        85.36786542619977,
        85.36759403773716,
        85.36734117780414,
        85.36710575648716,
        85.36688123430524,
        85.3666763305664
    ],
    "valid_losses": [
        353.81274850027904,
        103.15594155447823,
        99.72481863839286,
        97.10193198067802,
        95.08427974155971,
        93.52239881243024,
        92.3093490600586,
        91.35397229875836,
        90.59530530657086,
        89.98668234688895,
        89.49440220424107,
        89.0911843436105,
        88.75787680489677,
        88.47991616385323,
        88.24615914481026,
        88.04809134347099,
        87.87921251569476,
        87.73402731759208,
        87.60858481270927,
        87.49955204554966,
        87.40431649344308,
        87.32070813860211,
        87.24697875976562,
        87.18175397600446,
        87.12383815220424,
        87.07217625209263,
        87.0261720929827,
        86.98501804896763,
        86.94809177943638,
        86.91487993512835,
        86.88494328090123,
        86.85791124616351,
        86.83345249720982,
        86.811281476702,
        86.79115622384208,
        86.77285875592914,
        86.75619724818638,
        86.74099949428013,
        86.72711944580078,
        86.71442304338727,
        86.70280129568917,
        86.69213213239398,
        86.68233816964286,
        86.67333112444196,
        86.66503797258649,
        86.65739222935268,
        86.65033721923828,
        86.64382062639508,
        86.63779558454242,
        86.63221413748605,
        86.62704467773438,
        86.62225668770927,
        86.61780439104352,
        86.6136703491211,
        86.60982295445034,
        86.60624149867466,
        86.60290418352399,
        86.59979030064174,
        86.59688350132534,
        86.59416961669922,
        86.5916279384068,
        86.58925410679409,
        86.5870361328125,
        86.58495439801898,
        86.58300345284599,
        86.58116912841797,
        86.57945796421596,
        86.57784380231585,
        86.57632991245815,
        86.57490757533482,
        86.57357243129185,
        86.5723146711077,
        86.57113320486886,
        86.57002258300781,
        86.56897517613002,
        86.56798989432198,
        86.56706237792969,
        86.56618172781808,
        86.56536211286273,
        86.56459045410156,
        86.5638678414481,
        86.56318664550781,
        86.56255122593471,
        86.56194959368024,
        86.56138283865792,
        86.56084769112724,
        86.5603496006557,
        86.55987984793526,
        86.55943843296596,
        86.55902426583427,
        86.55863625662667,
        86.55827113560268,
        86.55792999267578,
        86.55760846819196,
        86.55730874197823,
        86.5570319039481,
        86.55676923479352,
        86.55652509416852,
        86.55629512241909,
        86.55608694893974,
        86.55588858468192
    ],