{
    "testproblem": "fmnist_vae",
    "batch_size": 64,
    "num_epochs": 100,
    "random_seed": 42,
    "weight_decay": null,
    "optimizer_name": "PowKernelGradientDescentOptimizer",
    "optimizer_hyperparams": {
        "learning_rate": 0.6245139574743064,
        "power": 0.7000000000000001
    },
    "training_params": {
        "lr_sched_epochs": null,
        "lr_sched_factors": null
    },
    "train_losses": [
        133.04190723712628,
        133.04190723712628,
        133.04190723712628,
        133.04190723712628,
        133.04190723712628,
        133.04190723712628,
        133.04190723712628,
        133.04190723712628,
        133.04190723712628,
        133.04190723712628,
        133.04190723712628,
        133.04190723712628,
        133.04190723712628,
        133.04190723712628,
        133.04190723712628,
        133.04190723712628,
        133.04190723712628,
        133.04190723712628,
        133.04190723712628,
        133.04190723712628,
        133.04190723712628,
        133.04190723712628,
        133.04190723712628,
        133.04190723712628,
        133.04190723712628,
        133.04190723712628,
        133.04190723712628,
        133.04190723712628,
        133.04190723712628,
        133.04190723712628,
        133.04190723712628,
        133.04190723712628,
        133.04190723712628,
        133.04190723712628,
        133.04190723712628,
        133.04190723712628,
        133.04190723712628,
        133.04190723712628,
        133.04190723712628,
        133.04190723712628,
        133.04190723712628,
        133.04190723712628,
        133.04190723712628,
        133.04190723712628,
        133.04190723712628,
        133.04190723712628,
        133.04190723712628,
        133.04190723712628,
        133.04190723712628,
        133.04190723712628,
        133.04190723712628,
        133.04190723712628,
        133.04190723712628,
        133.04190723712628,
        133.04190723712628,
        133.04190723712628,
        133.04190723712628,
        133.04190723712628,
        133.04190723712628,
        133.04190723712628,
        133.04190723712628,
        133.04190723712628,
        133.04190723712628,
        133.04190723712628,
        133.04190723712628,
        133.04190723712628,
        133.04190723712628,
        133.04190723712628,
        133.04190723712628,
        133.04190723712628,
        133.04190723712628,
        133.04190723712628,
        133.04190723712628,
        133.04190723712628,
        133.04190723712628,
        133.04190723712628,
        133.04190723712628,
        133.04190723712628,
        133.04190723712628,
        133.04190723712628,
        133.04190723712628,
        133.04190723712628,
        133.04190723712628,
        133.04190723712628,
        133.04190723712628,
        133.04190723712628,
        133.04190723712628,
        133.04190723712628,
        133.04190723712628,
        133.04190723712628,
        133.04190723712628,
        133.04190723712628,
        133.04190723712628,
        133.04190723712628,
        133.04190723712628,
        133.04190723712628,
        133.04190723712628,
        133.04190723712628,
        133.04190723712628,
        133.04190723712628,
        133.04190723712628
    ],
    "valid_losses": [
        134.00498556479428,
        134.00498556479428,
        134.00498556479428,
        134.00498556479428,
        134.00498556479428,
        134.00498556479428,
        134.00498556479428,
        134.00498556479428,
        134.00498556479428,
        134.00498556479428,
        134.00498556479428,
        134.00498556479428,
        134.00498556479428,
        134.00498556479428,
        134.00498556479428,
        134.00498556479428,
        134.00498556479428,
        134.00498556479428,
        134.00498556479428,
        134.00498556479428,
        134.00498556479428,
        134.00498556479428,
        134.00498556479428,
        134.00498556479428,
        134.00498556479428,
        134.00498556479428,
        134.00498556479428,
        134.00498556479428,
        134.00498556479428,
        134.00498556479428,
        134.00498556479428,
        134.00498556479428,
        134.00498556479428,
        134.00498556479428,
        134.00498556479428,
        134.00498556479428,
        134.00498556479428,
        134.00498556479428,
        134.00498556479428,
        134.00498556479428,
        134.00498556479428,
        134.00498556479428,
        134.00498556479428,
        134.00498556479428,
        134.00498556479428,
        134.00498556479428,
        134.00498556479428,
        134.00498556479428,
        134.00498556479428,
        134.00498556479428,
        134.00498556479428,
        134.00498556479428,
        134.00498556479428,
        134.00498556479428,
        134.00498556479428,
        134.00498556479428,
        134.00498556479428,
        134.00498556479428,
        134.00498556479428,
        134.00498556479428,
        134.00498556479428,
        134.00498556479428,
        134.00498556479428,
        134.00498556479428,
        134.00498556479428,
        134.00498556479428,
        134.00498556479428,
        134.00498556479428,
        134.00498556479428,
        134.00498556479428,
        134.00498556479428,
        134.00498556479428,
        134.00498556479428,
        134.00498556479428,
        134.00498556479428,
        134.00498556479428,
        134.00498556479428,
        134.00498556479428,
        134.00498556479428,
        134.00498556479428,
        134.00498556479428,
        134.00498556479428,
        134.00498556479428,
        134.00498556479428,
        134.00498556479428,
        134.00498556479428,
        134.00498556479428,
        134.00498556479428,
        134.00498556479428,
        134.00498556479428,
        134.00498556479428,
        134.00498556479428,
        134.00498556479428,
        134.00498556479428,
        134.00498556479428,
        134.00498556479428,
        134.00498556479428,
        134.00498556479428,
        134.00498556479428,
        134.00498556479428,
        134.00498556479428
    ],