{
    "testproblem": "quadratic_deep",
    "batch_size": 128,
    "num_epochs": 100,
    "random_seed": 42,
    "weight_decay": null,
    "optimizer_name": "PowKernelMomentumOptimizer",
    "optimizer_hyperparams": {
        "learning_rate": 0.0001987021538542862,
        "power": 0.4
    },
    "training_params": {
        "lr_sched_epochs": null,
        "lr_sched_factors": null
    },
    "train_losses": [
        352.8963535853795,
        335.98695155552457,
        303.4157453264509,
        267.1299787248884,
        232.75229971749442,
        202.57531084333147,
        177.27373395647322,
        156.77110072544642,
        140.6524701799665,
        128.37363651820593,
        119.35749053955078,
        113.03284890311105,
        108.8481946672712,
        106.29532623291016,
        104.89354160853794,
        104.18260955810547,
        103.77608272007534,
        103.44647434779576,
        103.11878422328404,
        102.7874777657645,
        102.45944431849888,
        102.1378152029855,
        101.82359531947544,
        101.51612854003906,
        101.21474129813058,
        100.91907501220703,
        100.62898799351284,
        100.34434727260044,
        100.06512015206474,
        99.79108319963727,
        99.52208818708148,
        99.258054460798,
        98.999021257673,
        98.74489920479911,
        98.49552263532367,
        98.25076947893415,
        98.01059068952289,
        97.77490125383649,
        97.54359980991909,
        97.31665148053851,
        97.09400612967355,
        96.87559836251395,
        96.66135733468192,
        96.45124271937779,
        96.24517713274274,
        96.04309844970703,
        95.8448954990932,
        95.65051378522601,
        95.45994022914341,
        95.2731443132673,
        95.09014565604073,
        94.91090938023159,
        94.73533521379743,
        94.56353868756976,
        94.3954609462193,
        94.23090580531529,
        94.06974683489118,
        93.91193062918526,
        93.75746590750558,
        93.60631888253349,
        93.45836748395648,
        93.31347111293248,
        93.17163957868304,
        93.03272138323102,
        92.89664568219867,
        92.76332092285156,
        92.63267626081195,
        92.50461796351841,
        92.37911442347935,
        92.25622122628349,
        92.1358141217913,
        92.01782553536552,
        91.90215410505023,
        91.78873552594867,
        91.67750440325055,
        91.5684095110212,
        91.46141052246094,
        91.35646275111607,
        91.25355638776507,
        91.1526358468192,
        91.0536608014788,
        90.9565898350307,
        90.86139242989677,
        90.76805550711495,
        90.67655944824219,
        90.58683013916016,
        90.4988261631557,
        90.41249738420758,
        90.32781546456474,
        90.24475642613002,
        90.1633061000279,
        90.08347974504743,
        90.00530242919922,
        89.92876543317523,
        89.8538349696568,
        89.78043147495815,
        89.70849173409599,
        89.63795035226005,
        89.56875828334263,
        89.50088174002511,
        89.43428693498883
    ],
    "valid_losses": [
        353.81274850027904,
        336.92650059291293,
        304.4033769880022,
        268.1737278529576,
        233.8511505126953,
        203.72200666155135,
        178.45570155552454,
        157.97220502580916,
        141.85443551199776,
        129.5583735874721,
        120.5085209437779,
        114.13724517822266,
        109.89688219342914,
        107.28483254568917,
        105.82721492222377,
        105.0707757132394,
        104.6320299421038,
        104.28369249616351,
        103.94874245779855,
        103.61866760253906,
        103.29717145647321,
        102.98395538330078,
        102.67730712890625,
        102.3755122593471,
        102.07779475620815,
        101.7843747820173,
        101.49571337018695,
        101.21218545096261,
        100.93411908830915,
        100.66136387416294,
        100.39373888288226,
        100.13113294328961,
        99.87356567382812,
        99.62090192522321,
        99.37301526750836,
        99.12973458426339,
        98.89096396309989,
        98.65663691929409,
        98.42670004708427,
        98.20111519949776,
        97.97986275809151,
        97.76288713727679,
        97.55013057163784,
        97.34151022774833,
        97.13690294538226,
        96.93626294817243,
        96.73946271623883,
        96.5464619227818,
        96.35727364676339,
        96.17183467320034,
        95.9902103969029,
        95.81235722133091,
        95.6381607055664,
        95.4676993233817,
        95.30090441022601,
        95.13759395054409,
        94.97768293108258,
        94.82111576625279,
        94.66789245605469,
        94.51796613420758,
        94.3711438860212,
        94.22727748325893,
        94.0863538469587,
        93.94830867222377,
        93.81313214983258,
        93.68071746826172,
        93.55094255719867,
        93.42369406563895,
        93.29896327427456,
        93.17676871163505,
        93.05708421979632,
        92.93991960797992,
        92.82511138916016,
        92.71260506766183,
        92.60230255126953,
        92.49411882672992,
        92.38798304966518,
        92.28386579241071,
        92.18174089704242,
        92.08157021658761,
        91.98334394182477,
        91.8870380946568,
        91.79260580880302,
        91.70006997244698,
        91.60940987723214,
        91.52051217215401,
        91.43332018171039,
        91.3477783203125,
        91.26383100237165,
        91.18146078927177,
        91.10066550118583,
        91.02144622802734,
        90.94380296979632,
        90.8677237374442,
        90.79319436209542,
        90.72020285470145,
        90.64871324811664,
        90.57865905761719,
        90.50999341692243,
        90.44266727992466,
        90.37663813999721
    ],