{
    "testproblem": "mnist_vae",
    "batch_size": 64,
    "num_epochs": 50,
    "random_seed": 42,
    "weight_decay": null,
    "optimizer_name": "PowKernelMomentumOptimizerN",
    "optimizer_hyperparams": {
        "learning_rate": 0.43379206974909357,
        "power": 0.7000000000000001
    },
    "training_params": {
        "allow_early_finish": true
    },
    "train_losses": [
        181.3757607875726,
        181.3757607875726,
        181.3757607875726,
        181.3757607875726,
        181.3757607875726,
        181.3757607875726,
        181.3757607875726,
        181.3757607875726,
        181.3757607875726,
        181.3757607875726,
        181.3757607875726,
        181.3757607875726,
        181.3757607875726,
        181.3757607875726,
        181.3757607875726,
        181.3757607875726,
        181.3757607875726,
        181.3757607875726,
        181.3757607875726,
        181.3757607875726,
        181.3757607875726,
        181.3757607875726,
        181.3757607875726,
        181.3757607875726,
        181.3757607875726,
        181.3757607875726,
        181.3757607875726,
        181.3757607875726,
        181.3757607875726,
        181.3757607875726,
        181.3757607875726,
        181.3757607875726,
        181.3757607875726,
        181.3757607875726,
        181.3757607875726,
        181.3757607875726,
        181.3757607875726,
        181.3757607875726,
        181.3757607875726,
        181.3757607875726,
        181.3757607875726,
        181.3757607875726,
        181.3757607875726,
        181.3757607875726,
        181.3757607875726,
        181.3757607875726,
        181.3757607875726,
        181.3757607875726,
        181.3757607875726,
        181.3757607875726,
        181.3757607875726
    ],
    "valid_losses": [
        181.3172224974021,
        181.3172224974021,
        181.3172224974021,
        181.3172224974021,
        181.3172224974021,
        181.3172224974021,
        181.3172224974021,
        181.3172224974021,
        181.3172224974021,
        181.3172224974021,
        181.3172224974021,
        181.3172224974021,
        181.3172224974021,
        181.3172224974021,
        181.3172224974021,
        181.3172224974021,
        181.3172224974021,
        181.3172224974021,
        181.3172224974021,
        181.3172224974021,
        181.3172224974021,
        181.3172224974021,
        181.3172224974021,
        181.3172224974021,
        181.3172224974021,
        181.3172224974021,
        181.3172224974021,
        181.3172224974021,
        181.3172224974021,
        181.3172224974021,
        181.3172224974021,
        181.3172224974021,
        181.3172224974021,
        181.3172224974021,
        181.3172224974021,
        181.3172224974021,
        181.3172224974021,
        181.3172224974021,
        181.3172224974021,
        181.3172224974021,
        181.3172224974021,
        181.3172224974021,
        181.3172224974021,
        181.3172224974021,
        181.3172224974021,
        181.3172224974021,
        181.3172224974021,
        181.3172224974021,
        181.3172224974021,
        181.3172224974021,
        181.3172224974021
    ],
    "test_losses": [
        181.37621238904123,
        181.37621238904123,
        181.37621238904123,
        181.37621238904123,
        181.37621238904123,
        181.37621238904123,
        181.37621238904123,
        181.37621238904123,
        181.37621238904123,
        181.37621238904123,
        181.37621238904123,
        181.37621238904123,
        181.37621238904123,
        181.37621238904123,
        181.37621238904123,
        181.37621238904123,
        181.37621238904123,
        181.37621238904123,
        181.37621238904123,
        181.37621238904123,
        181.37621238904123,
        181.37621238904123,
        181.37621238904123,
        181.37621238904123,
        181.37621238904123,
        181.37621238904123,
        181.37621238904123,
        181.37621238904123,
        181.37621238904123,
        181.37621238904123,
        181.37621238904123,
        181.37621238904123,
        181.37621238904123,
        181.37621238904123,
        181.37621238904123,
        181.37621238904123,
        181.37621238904123,
        181.37621238904123,
        181.37621238904123,
        181.37621238904123,
        181.37621238904123,
        181.37621238904123,
        181.37621238904123,
        181.37621238904123,
        181.37621238904123,
        181.37621238904123,
        181.37621238904123,
        181.37621238904123,
        181.37621238904123,
        181.37621238904123,
        181.37621238904123
    ],