{
    "testproblem": "quadratic_deep",
    "batch_size": 128,
    "num_epochs": 100,
    "random_seed": 42,
    "weight_decay": null,
    "optimizer_name": "PowKernelGradientDescentOptimizer",
    "optimizer_hyperparams": {
        "learning_rate": 0.025378155082656628,
        "power": 0.6000000000000001
    },
    "training_params": {
        "lr_sched_epochs": null,
        "lr_sched_factors": null
    },
    "train_losses": [
        352.8963535853795,
        103.39993940080915,
        100.0995864868164,
        97.48311288016183,
        95.40414646693638,
        93.75141034807477,
        92.42967224121094,
        91.3650403703962,
        90.50653948102679,
        89.80978829520089,
        89.24352918352399,
        88.77633666992188,
        88.3874740600586,
        88.06211635044643,
        87.78695569719586,
        87.551513671875,
        87.34893798828125,
        87.17390550885882,
        87.02188546316964,
        86.88914925711495,
        86.77267565046039,
        86.6700199672154,
        86.57942962646484,
        86.49954114641461,
        86.42802974155971,
        86.36412811279297,
        86.30684116908482,
        86.25533730643136,
        86.20893314906529,
        86.16708156040737,
        86.12926483154297,
        86.0948006766183,
        86.06380353655133,
        86.03587559291294,
        86.01071058000836,
        85.98795863560268,
        85.9673592703683,
        85.94867161342076,
        85.9317136492048,
        85.91632843017578,
        85.90238298688617,
        85.88978794642857,
        85.8783678327288,
        85.8680169241769,
        85.85865456717355,
        85.85019792829242,
        85.84256308419364,
        85.83567701067243,
        85.82948739188058,
        85.82394191196987,
        85.81898280552456,
        85.81457955496651,
        85.8107158115932,
        85.80733380998883,
        85.80429295131138,
        85.80163901192802,
        85.79935128348214,
        85.79740905761719,
        85.7957763671875,
        85.79443468366351,
        85.79336438860211,
        85.79254695347377,
        85.7919671194894,
        85.79162706647601,
        85.79149954659599,
        85.79154750279018,
        85.79175894601005,
        85.79212079729352,
        85.79261997767857,
        85.79324231828961,
        85.79398672921317,
        85.79483141217914,
        85.79577963692802,
        85.79682050432477,
        85.79794093540737,
        85.7991441999163,
        85.80041939871651,
        85.8017578125,
        85.80315944126674,
        85.8046133858817,
        85.80612182617188,
        85.80767495291573,
        85.80927167619977,
        85.81090545654297,
        85.8125752040318,
        85.81427873883929,
        85.81601170131138,
        85.81776864188058,
        85.81955283028739,
        85.82135772705078,
        85.82318333217076,
        85.8250263759068,
        85.82688358851841,
        85.82875714983258,
        85.83064379010882,
        85.83254023960659,
        85.83444213867188,
        85.83635820661273,
        85.8382797241211,
        85.84020124162946,
        85.84213038853237
    ],
    "valid_losses": [
        353.81274850027904,
        104.46291133335659,
        101.17884281703404,
        98.57555389404297,
        96.50905173165458,
        94.86871446881976,
        93.55796160016742,
        92.50284358433315,
        91.6524429321289,
        90.9624252319336,
        90.40249633789062,
        89.94081660679409,
        89.55701228550502,
        89.23629760742188,
        88.96571350097656,
        88.73390524727958,
        88.53449031284877,
        88.36221640450614,
        88.21273258754185,
        88.0823484148298,
        87.968017578125,
        87.86731066022601,
        87.77861676897321,
        87.70066288539341,
        87.63048880440849,
        87.56771305629185,
        87.51133946010044,
        87.4606203351702,
        87.41488320486886,
        87.37361580984933,
        87.3362285069057,
        87.30191911969867,
        87.27127620152065,
        87.24369049072266,
        87.21884046282086,
        87.19637080601284,
        87.17605154854911,
        87.15763636997768,
        87.14092799595424,
        87.1257792881557,
        87.11205291748047,
        87.09966496058873,
        87.08843340192523,
        87.07826450892857,
        87.06906454903739,
        87.06076049804688,
        87.05326843261719,
        87.04652404785156,
        87.04046412876674,
        87.03503526960101,
        87.03019387381417,
        87.02589961460659,
        87.02215031215123,
        87.01887512207031,
        87.01592690604073,
        87.01335144042969,
        87.01113455636161,
        87.0092522757394,
        87.00768062046596,
        87.00640215192523,
        87.00539180210659,
        87.00463976178851,
        87.00411878313336,
        87.00382777622768,
        87.00375802176339,
        87.00386374337333,
        87.00413949148995,
        87.0045634678432,
        87.005124773298,
        87.00581686837333,
        87.00661795479911,
        87.00753457205636,
        87.00855037144252,
        87.00965881347656,
        87.01084790910993,
        87.01211874825614,
        87.01346588134766,
        87.01487949916294,
        87.01635415213448,
        87.01788548060826,
        87.01946912493024,
        87.02109636579242,
        87.02276938302177,
        87.02447291782924,
        87.02621677943638,
        87.02799551827567,
        87.02979823521206,
        87.03163146972656,
        87.03348868233817,
        87.03536442347935,
        87.03726305280414,
        87.03917585100446,
        87.04110281808036,
        87.04304940359933,
        87.04500688825335,
        87.0469720023019,
        87.04894583565849,
        87.05093274797711,
        87.05292184012276,
        87.05491311209542,
        87.0569087437221
    ],