{
    "testproblem": "quadratic_deep",
    "batch_size": 128,
    "num_epochs": 100,
    "random_seed": 42,
    "weight_decay": null,
    "optimizer_name": "PowKernelMomentumOptimizer",
    "optimizer_hyperparams": {
        "learning_rate": 0.6993395623207707,
        "power": 0.8
    },
    "training_params": {
        "lr_sched_epochs": null,
        "lr_sched_factors": null
    },
    "train_losses": [
        352.8963535853795,
        6671533275.428572,
        5710819840.0,
        5373905773.714286,
        4996488630.857142,
        4670246765.714286,
        4386488612.571428,
        4169073225.142857,
        4018515053.714286,
        3917934592.0,
        3856508635.428571,
        3821603803.428571,
        3801059840.0,
        3790001627.428571,
        3783518317.714286,
        3781055926.857143,
        3779939949.714286,
        3780602624.0,
        3781079222.857143,
        3782373485.714286,
        3782935954.285714,
        3784042057.142857,
        3784314514.285714,
        3785109577.142857,
        3785097801.142857,
        3785655771.428571,
        3785464320.0,
        3785896045.714286,
        3785615762.285714,
        3785986560.0,
        3785659721.142857,
        3786003565.714286,
        3785666523.428571,
        3786004370.285714,
        3785659282.285714,
        3785992374.857143,
        3785651126.857143,
        3785990217.142857,
        3785652333.714286,
        3785987510.857143,
        3785648347.428571,
        3785988717.714286,
        3785650688.0,
        3785987401.142857,
        3785650322.285714,
        3785984365.714286,
        3785649225.142857,
        3785984146.285714,
        3785646116.571429,
        3785980598.857143,
        3785641289.142857,
        3785977892.571429,
        3785641984.0,
        3785982646.857143,
        3785644726.857143,
        3785983049.142857,
        3785649956.571429,
        3785984073.142857,
        3785645860.571429,
        3785982134.857143,
        3785642422.857143,
        3785982208.0,
        3785647762.285714,
        3785984292.571429,
        3785649810.285714,
        3785986742.857143,
        3785645202.285714,
        3785984073.142857,
        3785646957.714286,
        3785984109.714286,
        3785643629.714286,
        3785983780.571429,
        3785645385.142857,
        3785985206.857143,
        3785646738.285714,
        3785985060.571429,
        3785650541.714286,
        3785986450.285714,
        3785648018.285714,
        3785989010.285714,
        3785649042.285714,
        3785987291.428571,
        3785648018.285714,
        3785982902.857143,
        3785643337.142857,
        3785980598.857143,
        3785643556.571429,
        3785977929.142857,
        3785637814.857143,
        3785974820.571429,
        3785640155.428571,
        3785977709.714286,
        3785639204.571429,
        3785976502.857143,
        3785637339.428571,
        3785973979.428571,
        3785638875.428571,
        3785972516.571429,
        3785638875.428571,
        3785974345.142857,
        3785638875.428571
    ],
    "valid_losses": [
        353.81274850027904,
        6671550537.142858,
        5710803309.714286,
        5373925814.857142,
        4996473929.142858,
        4670261101.714286,
        4386473691.428572,
        4169087707.428571,
        4018500461.714286,
        3917948489.142857,
        3856494628.571429,
        3821617517.714286,
        3801045942.857143,
        3790015524.571429,
        3783504457.142857,
        3781069860.571429,
        3779926198.857143,
        3780616484.571429,
        3781065398.857143,
        3782387346.285714,
        3782922166.857143,
        3784055990.857143,
        3784300580.571429,
        3785123474.285714,
        3785083830.857143,
        3785669741.714286,
        3785450386.285714,
        3785909979.428571,
        3785601865.142857,
        3786000274.285714,
        3785645933.714286,
        3786017536.0,
        3785652809.142857,
        3786018194.285714,
        3785645348.571429,
        3786006308.571429,
        3785637229.714286,
        3786004114.285714,
        3785638473.142857,
        3786001408.0,
        3785634413.714286,
        3786002468.571429,
        3785636754.285714,
        3786001261.714286,
        3785636534.857143,
        3785998262.857143,
        3785635364.571429,
        3785998080.0,
        3785632365.714286,
        3785994459.428571,
        3785627574.857143,
        3785991533.714286,
        3785628086.857143,
        3785996580.571429,
        3785630829.714286,
        3785996836.571429,
        3785636059.428571,
        3785997970.285714,
        3785632000.0,
        3785996032.0,
        3785628562.285714,
        3785996105.142857,
        3785633938.285714,
        3785998116.571429,
        3785635949.714286,
        3786000566.857143,
        3785631414.857143,
        3785997860.571429,
        3785633060.571429,
        3785997970.285714,
        3785629769.142857,
        3785997641.142857,
        3785631634.285714,
        3785999067.428571,
        3785632658.285714,
        3785998884.571429,
        3785636608.0,
        3786000274.285714,
        3785634084.571429,
        3786002870.857143,
        3785635108.571429,
        3786001225.142857,
        3785634121.142857,
        3785996653.714286,
        3785629659.428571,
        3785994349.714286,
        3785629659.428571,
        3785991753.142857,
        3785623990.857143,
        3785988681.142857,
        3785626368.0,
        3785991533.714286,
        3785625307.428571,
        3785990363.428571,
        3785623552.0,
        3785987913.142857,
        3785625051.428571,
        3785986377.142857,
        3785625051.428571,
        3785988205.714286,
        3785625124.571429
    ],