{
    "testproblem": "quadratic_deep",
    "batch_size": 128,
    "num_epochs": 100,
    "random_seed": 42,
    "weight_decay": null,
    "optimizer_name": "PowKernelGradientDescentOptimizer",
    "optimizer_hyperparams": {
        "learning_rate": 0.00019777828512462716,
        "power": 0.5
    },
    "training_params": {
        "lr_sched_epochs": null,
        "lr_sched_factors": null
    },
    "train_losses": [
        352.8963535853795,
        345.9710388183594,
        339.195303780692,
        332.5668727329799,
        326.08353097098217,
        319.7430899483817,
        313.54332188197543,
        307.4820556640625,
        301.557137625558,
        295.7664358956473,
        290.1078098842076,
        284.5791582380022,
        279.1783752441406,
        273.9034336635045,
        268.7522888183594,
        263.72284153529574,
        258.8131212506975,
        254.02112688337053,
        249.34487915039062,
        244.7824423653739,
        240.3318154471261,
        235.99109976632255,
        231.75837925502233,
        227.63177708217077,
        223.6094207763672,
        219.68946620396204,
        215.87005833217077,
        212.14937918526786,
        208.52565438406808,
        204.99710300990515,
        201.5619158063616,
        198.21832275390625,
        194.96457999093192,
        191.7989959716797,
        188.7198965890067,
        185.7256099155971,
        182.81447056361608,
        179.9848349434989,
        177.23509870256697,
        174.56371416364397,
        171.96901375906808,
        169.44945635114397,
        167.00352913992745,
        164.62969316755022,
        162.3263876778739,
        160.09211948939733,
        157.92531258719308,
        155.8244846888951,
        153.78824288504464,
        151.81512233189173,
        149.9037126813616,
        148.05260358537947,
        146.26042829241072,
        144.52582441057478,
        142.84747750418526,
        141.2240753173828,
        139.65433611188615,
        138.136967250279,
        136.67072187151228,
        135.2543433053153,
        133.88660430908203,
        132.56629180908203,
        131.2921916416713,
        130.06318555559432,
        128.87811606270927,
        127.73584093366351,
        126.63522120884487,
        125.57513972691127,
        124.55454581124442,
        123.57235826764789,
        122.6275394984654,
        121.71908569335938,
        120.84601266043526,
        120.0072511945452,
        119.20177568708148,
        118.42855181012835,
        117.68660954066685,
        116.97500174386161,
        116.29283905029297,
        115.63920484270368,
        115.01328931535993,
        114.41418130057198,
        113.8409402029855,
        113.29272787911552,
        112.76873452322823,
        112.26814270019531,
        111.79025377546039,
        111.33418709891183,
        110.899167742048,
        110.48435320172992,
        110.08901650565011,
        109.71244049072266,
        109.3539559500558,
        109.01284354073661,
        108.68839045933315,
        108.3799329485212,
        108.08685084751674,
        107.80858503069196,
        107.54457419259208,
        107.29418182373047,
        107.05685206821987
    ],
    "valid_losses": [
        353.81274850027904,
        346.8957737513951,
        340.12815638950894,
        333.5076904296875,
        327.0321132114955,
        320.69925362723217,
        314.5068795340402,
        308.4528241838728,
        302.5349426269531,
        296.75109427315846,
        291.09916033063615,
        285.57700892857144,
        280.1825866699219,
        274.9138445172991,
        269.7687203543527,
        264.7451433454241,
        259.8411342075893,
        255.05464390345983,
        250.38374546595983,
        245.82647269112724,
        241.38083975655692,
        237.0449480329241,
        232.81685747419084,
        228.6947065080915,
        224.6766074044364,
        220.76070731026786,
        216.94514901297433,
        213.22811671665735,
        209.60780334472656,
        206.0824475969587,
        202.65025111607142,
        199.3094700404576,
        196.05833871023995,
        192.89518519810267,
        189.81832231794084,
        186.8260781424386,
        183.91680036272322,
        181.08885846819197,
        178.3406219482422,
        175.67052350725447,
        173.07694789341517,
        170.5583212716239,
        168.11312866210938,
        165.73982892717635,
        163.4368613106864,
        161.2027130126953,
        159.03583199637276,
        156.93474469866072,
        154.8980473109654,
        152.92431422642298,
        151.01213945661272,
        149.16012573242188,
        147.3669150216239,
        145.6311492919922,
        143.9515141078404,
        142.326655796596,
        140.75532967703683,
        139.23623657226562,
        137.76812962123327,
        136.34976850237166,
        134.97994777134485,
        133.65742928641183,
        132.3810294015067,
        131.14959280831474,
        129.96199798583984,
        128.81708090645927,
        127.71373966761998,
        126.65086473737445,
        125.62740761893136,
        124.64227730887276,
        123.69444928850446,
        122.78295135498047,
        121.90676007952008,
        121.06480734688895,
        120.25606209891183,
        119.47950308663505,
        118.73416137695312,
        118.01908765520368,
        117.33340018136161,
        116.6761714390346,
        116.0465589250837,
        115.44369070870536,
        114.86664799281529,
        114.31460898263114,
        113.78680637904576,
        113.28242601667132,
        112.80079977852958,
        112.34100450788226,
        111.90227726527623,
        111.48375810895648,
        111.08472442626953,
        110.70443180629185,
        110.34224700927734,
        109.9974365234375,
        109.66929517473493,
        109.35718645368304,
        109.06046840122768,
        108.77860369001117,
        108.51099831717355,
        108.25704956054688,
        108.01619829450335
    ],