{
    "testproblem": "quadratic_deep",
    "batch_size": 128,
    "num_epochs": 100,
    "random_seed": 42,
    "weight_decay": null,
    "optimizer_name": "PowKernelGradientDescentOptimizer",
    "optimizer_hyperparams": {
        "learning_rate": 0.0234238498471129,
        "power": 0.6000000000000001
    },
    "training_params": {
        "lr_sched_epochs": null,
        "lr_sched_factors": null
    },
    "train_losses": [
        352.8963535853795,
        103.58236258370536,
        100.44856480189732,
        97.91932133265904,
        95.87260981968471,
        94.22170039585659,
        92.88538033621651,
        91.79295785086495,
        90.89663369315011,
        90.1616962977818,
        89.55371965680804,
        89.04873984200614,
        88.62586321149554,
        88.26818084716797,
        87.96403394426618,
        87.70419311523438,
        87.48064749581474,
        87.28585924421039,
        87.11620766775948,
        86.96743774414062,
        86.83671024867466,
        86.72130693708148,
        86.61919294084821,
        86.52834865025112,
        86.44718824114118,
        86.37441689627511,
        86.30905478341239,
        86.25002070835659,
        86.19666399274554,
        86.14837319510323,
        86.10461752755302,
        86.06499917166573,
        86.0290287562779,
        85.99630410330636,
        85.96652330671039,
        85.93933868408203,
        85.91445050920758,
        85.89153725760323,
        85.87051064627511,
        85.85151890345982,
        85.83416857038226,
        85.81830596923828,
        85.80379595075335,
        85.79053388323102,
        85.77840096609933,
        85.76731981549945,
        85.75719233921596,
        85.74795532226562,
        85.7395248413086,
        85.73185294015067,
        85.72484697614398,
        85.71844700404576,
        85.71266828264508,
        85.70744214739118,
        85.70272827148438,
        85.69849504743304,
        85.69469887869698,
        85.69131360735211,
        85.6883054460798,
        85.68565477643695,
        85.68332781110492,
        85.68130275181362,
        85.67955998011998,
        85.67808205740792,
        85.67684500558036,
        85.67583792550224,
        85.67503356933594,
        85.67442539760044,
        85.67399597167969,
        85.67373330252511,
        85.67362431117466,
        85.67366245814732,
        85.673828125,
        85.6741213117327,
        85.67452784946987,
        85.67504010881696,
        85.67565373011998,
        85.67636108398438,
        85.67715127127511,
        85.67801993233817,
        85.67896597726005,
        85.6799795968192,
        85.6810542515346,
        85.68218776157924,
        85.68337576729911,
        85.6846171787807,
        85.68590109688895,
        85.6872329711914,
        85.68860190255302,
        85.69001007080078,
        85.69144984654018,
        85.69292340959821,
        85.69442313058036,
        85.69595009940011,
        85.69750540597099,
        85.69907706124442,
        85.70066942487445,
        85.70228358677456,
        85.70391627720424,
        85.70556095668248,
        85.70722198486328
    ],
    "valid_losses": [
        353.81274850027904,
        104.63544573102679,
        101.52225930350167,
        99.0046877179827,
        96.96976688929966,
        95.33075714111328,
        94.00433458600726,
        92.92064775739398,
        92.03266252790179,
        91.30508095877511,
        90.70329829624721,
        90.20370374407086,
        89.78648703438895,
        89.43398066929409,
        89.13458469935826,
        88.87943921770368,
        88.66009303501674,
        88.46851675851005,
        88.30181448800224,
        88.15574537004743,
        88.02740696498326,
        87.91417149135044,
        87.81394958496094,
        87.72478485107422,
        87.6451187133789,
        87.57362256731305,
        87.5094015938895,
        87.451416015625,
        87.39901188441685,
        87.35156794956752,
        87.30856759207589,
        87.2696042742048,
        87.23421151297433,
        87.20198604038784,
        87.1726542881557,
        87.1458489554269,
        87.12127576555524,
        87.09854670933315,
        87.07760947091239,
        87.05885314941406,
        87.04173060825893,
        87.02608380998883,
        87.01178305489677,
        86.9987040928432,
        86.98675319126674,
        86.97583334786552,
        86.96585736955915,
        86.95675659179688,
        86.94844709123883,
        86.94087328229632,
        86.93395124162946,
        86.92763955252511,
        86.92194257463727,
        86.91680036272321,
        86.91216496058873,
        86.90799931117466,
        86.9042739868164,
        86.9009541102818,
        86.89800480433873,
        86.8954086303711,
        86.89313289097377,
        86.89115578787667,
        86.88945770263672,
        86.88801683698382,
        86.8868168422154,
        86.88584354945591,
        86.88507734026227,
        86.8844985961914,
        86.8841051374163,
        86.88387298583984,
        86.88379887172154,
        86.88386644635882,
        86.88406699044364,
        86.88439396449498,
        86.88483428955078,
        86.88537924630302,
        86.88602774483817,
        86.8867688860212,
        86.88759395054409,
        86.8885007585798,
        86.8894784109933,
        86.8905279976981,
        86.89163970947266,
        86.89281136648995,
        86.89404296875,
        86.89532143729073,
        86.89664677211216,
        86.89801679338727,
        86.89942496163505,
        86.90087563650948,
        86.90236009870257,
        86.90387398856026,
        86.9054194859096,
        86.90698787144252,
        86.90858350481305,
        86.9102031162807,
        86.91184452601841,
        86.91350446428571,
        86.91517857142857,
        86.91687120710101,
        86.9185791015625
    ],