{
    "testproblem": "quadratic_deep",
    "batch_size": 128,
    "num_epochs": 100,
    "random_seed": 42,
    "weight_decay": null,
    "optimizer_name": "PowKernelGradientDescentOptimizer",
    "optimizer_hyperparams": {
        "learning_rate": 0.00292043384718141,
        "power": 0.9
    },
    "training_params": {
        "lr_sched_epochs": null,
        "lr_sched_factors": null
    },
    "train_losses": [
        352.8963535853795,
        160.84925842285156,
        116.59973035539899,
        106.76593235560826,
        104.37557983398438,
        103.49540601457868,
        102.92869894845145,
        102.4392580304827,
        101.97791181291852,
        101.53348214285714,
        101.1029804774693,
        100.6853779384068,
        100.28009796142578,
        99.886716570173,
        99.50484357561383,
        99.13411712646484,
        98.77419607979911,
        98.4247567313058,
        98.0854721069336,
        97.75602722167969,
        97.43612343924386,
        97.12545122419085,
        96.82373046875,
        96.53068324497768,
        96.24603162493024,
        95.96951075962612,
        95.7008797781808,
        95.43988800048828,
        95.18629237583706,
        94.93985966273716,
        94.70037405831474,
        94.4676262991769,
        94.2414060320173,
        94.02149963378906,
        93.80772508893695,
        93.59988403320312,
        93.3978031703404,
        93.20130811418805,
        93.01022665841239,
        92.82439967564174,
        92.6436516898019,
        92.46784210205078,
        92.29682268415179,
        92.13043866838727,
        91.96855163574219,
        91.81102425711495,
        91.65772683279855,
        91.50852421351841,
        91.36329541887555,
        91.22192709786552,
        91.0843004499163,
        90.95030648367745,
        90.81983293805804,
        90.69277736118862,
        90.56903948102679,
        90.44852011544364,
        90.3311277117048,
        90.21676635742188,
        90.10535212925502,
        89.99679020472935,
        89.89100319998605,
        89.7879137311663,
        89.68744005475726,
        89.58950587681362,
        89.49403599330357,
        89.40096827915737,
        89.31021772112165,
        89.22172219412667,
        89.13541521344867,
        89.05123247419085,
        88.96910967145648,
        88.88899230957031,
        88.81081826346261,
        88.73453739711216,
        88.66009085518974,
        88.58743395124164,
        88.5165045601981,
        88.447265625,
        88.37966047014508,
        88.3136487688337,
        88.24918147495815,
        88.18621826171875,
        88.12471335274833,
        88.0646253313337,
        88.00591823032924,
        87.94855717250279,
        87.8925029209682,
        87.83771514892578,
        87.78416442871094,
        87.73181588309151,
        87.68063245500836,
        87.63058907645089,
        87.58165087018695,
        87.53379494803292,
        87.48698425292969,
        87.44119480678013,
        87.39639609200614,
        87.3525619506836,
        87.3096684047154,
        87.26768820626395,
        87.22660064697266
    ],
    "valid_losses": [
        353.81274850027904,
        161.86133902413505,
        117.5818841116769,
        107.70250919886998,
        105.28173719133649,
        104.38659123011998,
        103.81397792271206,
        103.32313428606305,
        102.86231885637555,
        102.41924939836774,
        101.99041094098773,
        101.57455226353237,
        101.17102704729352,
        100.77937970842633,
        100.39920915876117,
        100.03015790666852,
        99.67187826974052,
        99.32405853271484,
        98.98636954171317,
        98.6584963117327,
        98.34014129638672,
        98.031003679548,
        97.73080117361886,
        97.4392580304827,
        97.15608869280133,
        96.8810283115932,
        96.61383601597377,
        96.35426439557757,
        96.10206495012555,
        95.85701206752232,
        95.61888122558594,
        95.38746425083706,
        95.16256059919085,
        94.94395555768695,
        94.73145948137555,
        94.52488708496094,
        94.32405090332031,
        94.12878308977399,
        93.9389157976423,
        93.75428227015904,
        93.57471466064453,
        93.40006801060268,
        93.23018646240234,
        93.06492723737445,
        92.9041497366769,
        92.74771881103516,
        92.59549386160714,
        92.44735608782086,
        92.30317796979632,
        92.16283743722099,
        92.02622549874442,
        91.89323207310268,
        91.7637448992048,
        91.63766152518136,
        91.51488167898995,
        91.3953127179827,
        91.27885219029018,
        91.16541181291852,
        91.05490221296039,
        90.9472405569894,
        90.84232984270368,
        90.74011121477399,
        90.64049421037946,
        90.5434068952288,
        90.44877515520368,
        90.35652814592633,
        90.26658630371094,
        90.17889295305524,
        90.09337397984096,
        90.00996725899833,
        89.9286139351981,
        89.8492453438895,
        89.77181897844586,
        89.69627053397042,
        89.62254769461495,
        89.55060359409877,
        89.48037937709263,
        89.41182599748883,
        89.3448976789202,
        89.27955409458706,
        89.21574183872768,
        89.15342385428292,
        89.09255654471261,
        89.03309740339007,
        88.97501046316964,
        88.91825648716518,
        88.86279841831752,
        88.80860246930804,
        88.75563594273159,
        88.70385851178851,
        88.65324183872768,
        88.60375431605748,
        88.55536433628627,
        88.50804356166294,
        88.46176256452289,
        88.41649191720145,
        88.37220873151507,
        88.3288803100586,
        88.28648267473493,
        88.24499620710101,
        88.2043925694057
    ],