{
    "testproblem": "quadratic_deep",
    "batch_size": 128,
    "num_epochs": 100,
    "random_seed": 42,
    "weight_decay": null,
    "optimizer_name": "PowKernelMomentumOptimizerN",
    "optimizer_hyperparams": {
        "learning_rate": 0.024637685958997447,
        "power": 0.9
    },
    "training_params": {
        "lr_sched_epochs": null,
        "lr_sched_factors": null
    },
    "train_losses": [
        352.8963623046875,
        95.78110722133091,
        88.48244149344308,
        87.458254132952,
        86.93358503069196,
        86.53207397460938,
        86.45560455322266,
        86.41968209402901,
        86.37121691022601,
        86.34425462995257,
        86.33192225864956,
        86.32479531424386,
        86.3214133126395,
        86.32008034842355,
        86.31952885219029,
        86.31924002511161,
        86.31901114327567,
        86.31872449602399,
        86.31835828508649,
        86.31793430873326,
        86.31748526436942,
        86.31703839983258,
        86.31660897391183,
        86.31620243617466,
        86.31582205636161,
        86.31547328404018,
        86.31515284946987,
        86.31485966273716,
        86.31459263392857,
        86.31434740339007,
        86.31412615094867,
        86.31392669677734,
        86.31374904087612,
        86.31359100341797,
        86.31344931466239,
        86.3133294241769,
        86.31322479248047,
        86.3131354195731,
        86.3130613054548,
        86.31300136021206,
        86.31295558384487,
        86.31292397635323,
        86.31289563860211,
        86.31288364955357,
        86.31288255964007,
        86.31288473946708,
        86.31289999825614,
        86.31292070661273,
        86.31294686453683,
        86.31298501150948,
        86.31302097865513,
        86.31306784493583,
        86.31311471121651,
        86.31316702706474,
        86.31322588239398,
        86.31328364780971,
        86.31335122244698,
        86.31341988699776,
        86.31348855154855,
        86.31355612618583,
        86.31363242013114,
        86.31370762416294,
        86.31378064836774,
        86.31386021205357,
        86.3139397757394,
        86.31402042933873,
        86.31410217285156,
        86.31418282645089,
        86.31426783970424,
        86.31434958321708,
        86.31443241664341,
        86.31451525006976,
        86.31460244315011,
        86.31468200683594,
        86.31476811000279,
        86.31485203334263,
        86.31493704659599,
        86.31501879010882,
        86.31510380336216,
        86.31518990652901,
        86.31527382986886,
        86.3153544834682,
        86.31543949672154,
        86.31552015032086,
        86.3156018938337,
        86.31568690708706,
        86.3157708304269,
        86.31584930419922,
        86.31592995779855,
        86.31601170131138,
        86.31609344482422,
        86.31616973876953,
        86.31625257219586,
        86.3163321358817,
        86.31641278948102,
        86.31649235316685,
        86.31656973702567,
        86.31664712088448,
        86.31672668457031,
        86.31680079868862,
        86.31688036237445
    ],
    "valid_losses": [
        353.812752859933,
        96.80124119349888,
        89.5678231375558,
        88.58153315952846,
        88.06429290771484,
        87.65282876150948,
        87.56359754289899,
        87.51880209786552,
        87.46646336146763,
        87.4388918195452,
        87.42725808279855,
        87.42100742885044,
        87.41832297188895,
        87.41736384800502,
        87.41690826416016,
        87.41656494140625,
        87.4162128993443,
        87.41580854143415,
        87.41534859793526,
        87.41485486711774,
        87.41433824811664,
        87.41383361816406,
        87.41333879743304,
        87.41288321358817,
        87.41244942801339,
        87.41205378941127,
        87.41167994907924,
        87.41134098597935,
        87.41102491106305,
        87.41073717389789,
        87.4104723249163,
        87.4102281842913,
        87.41001238141742,
        87.40981837681362,
        87.40963854108539,
        87.40948268345424,
        87.40934644426618,
        87.4092265537807,
        87.40912410191127,
        87.40903145926339,
        87.4089584350586,
        87.40890066964286,
        87.40884835379464,
        87.4088112967355,
        87.40878404889789,
        87.4087644304548,
        87.40875789097377,
        87.40876225062779,
        87.4087655203683,
        87.40878186907086,
        87.40880257742745,
        87.40882873535156,
        87.4088625226702,
        87.40889848981585,
        87.40894208635602,
        87.4089856828962,
        87.40903799874442,
        87.40908813476562,
        87.40914699009487,
        87.4092047555106,
        87.40926252092633,
        87.40932791573661,
        87.40939331054688,
        87.40946197509766,
        87.40952627999442,
        87.40960039411273,
        87.40967123849052,
        87.4097431727818,
        87.40981728690011,
        87.40989140101841,
        87.40996769496373,
        87.41004180908203,
        87.41011810302734,
        87.41019766671317,
        87.41027069091797,
        87.41034480503627,
        87.41042654854911,
        87.41050175258091,
        87.41057695661273,
        87.41065979003906,
        87.41073499407086,
        87.4108145577567,
        87.410888671875,
        87.41096496582031,
        87.41104452950614,
        87.41111973353794,
        87.41119711739677,
        87.41127668108258,
        87.41135079520089,
        87.41142817905971,
        87.41150447300502,
        87.41158076695034,
        87.41165379115513,
        87.41173117501395,
        87.41180855887276,
        87.41187831333706,
        87.41195678710938,
        87.41202981131417,
        87.41210501534599,
        87.41217803955078,
        87.41225106375558
    ],