{
    "testproblem": "quadratic_deep",
    "batch_size": 128,
    "num_epochs": 100,
    "random_seed": 42,
    "weight_decay": null,
    "optimizer_name": "PowKernelMomentumOptimizerN",
    "optimizer_hyperparams": {
        "learning_rate": 0.0006080390190296599,
        "power": 0.4
    },
    "training_params": {
        "lr_sched_epochs": null,
        "lr_sched_factors": null
    },
    "train_losses": [
        352.8963623046875,
        294.2462376185826,
        212.60781860351562,
        149.4876251220703,
        115.83287375313895,
        105.55072675432477,
        104.9857646397182,
        104.09137943812779,
        102.71458762032645,
        101.74545724051339,
        100.880129132952,
        100.0170429774693,
        99.20465305873326,
        98.43483298165458,
        97.70484161376953,
        97.01476614815849,
        96.36375754220145,
        95.75010354178292,
        95.17248971121651,
        94.63040161132812,
        94.12216622488839,
        93.64552307128906,
        93.19889831542969,
        92.7798320225307,
        92.38659994942802,
        92.01756177629743,
        91.6708755493164,
        91.34477996826172,
        91.03757040841239,
        90.74830845424107,
        90.47607530866351,
        90.21963282993862,
        89.97794778006417,
        89.75088936941964,
        89.53741455078125,
        89.33680398123605,
        89.14829363141742,
        88.97115979875836,
        88.8045894077846,
        88.64781515938895,
        88.50021471296039,
        88.36121804373605,
        88.23016466413226,
        88.1064202444894,
        87.98938969203404,
        87.87843322753906,
        87.77302987234933,
        87.67294747488839,
        87.57785034179688,
        87.48739079066685,
        87.40128544398716,
        87.31920623779297,
        87.24106161934989,
        87.16647774832589,
        87.09523010253906,
        87.02715192522321,
        86.96202632359096,
        86.89966692243304,
        86.83992658342633,
        86.78269522530692,
        86.72794342041016,
        86.67550768171039,
        86.6253422328404,
        86.57738494873047,
        86.53155408586774,
        86.48765563964844,
        86.44554792131696,
        86.40509796142578,
        86.36620984758649,
        86.32881818498883,
        86.29283796037946,
        86.25822121756417,
        86.2249014718192,
        86.19280678885323,
        86.16195678710938,
        86.13229152134487,
        86.10374886648995,
        86.07630048479352,
        86.04989733014789,
        86.02447836739677,
        85.99998692103794,
        85.97639574323382,
        85.95367213657924,
        85.93176705496651,
        85.91064780099052,
        85.89025442940849,
        85.87057822091239,
        85.85160827636719,
        85.83332933698382,
        85.81570325578961,
        85.79871913364956,
        85.78235626220703,
        85.76658957345145,
        85.75138528006417,
        85.73675319126674,
        85.72266060965401,
        85.7090813773019,
        85.69596862792969,
        85.68330383300781,
        85.67107718331474,
        85.65927015032086
    ],
    "valid_losses": [
        353.812752859933,
        295.2464512416295,
        213.73976571219308,
        150.71493530273438,
        117.04258510044643,
        106.60762786865234,
        105.83095332554409,
        104.82938385009766,
        103.47723824637276,
        102.59263174874442,
        101.78304944719586,
        100.92177908761161,
        100.09094674246651,
        99.31023406982422,
        98.58372170584542,
        97.90436335972377,
        97.26204354422433,
        96.65272086007255,
        96.07797568184989,
        95.53952353341239,
        95.0356924874442,
        94.56316811697823,
        94.11976950509208,
        93.70372554234096,
        93.31320299421039,
        92.94677407400948,
        92.60289764404297,
        92.27964455740792,
        91.97495487758091,
        91.68789454868862,
        91.41784123011998,
        91.16355569022042,
        90.9239273071289,
        90.69835989815849,
        90.4863531930106,
        90.2875497000558,
        90.10119192940849,
        89.92630658830915,
        89.7616936819894,
        89.60661969866071,
        89.46095711844308,
        89.32395826067243,
        89.19471631731305,
        89.07239968436105,
        88.95665958949498,
        88.84716905866351,
        88.74322400774274,
        88.64444623674665,
        88.55067443847656,
        88.46145738874164,
        88.37652151925224,
        88.29542432512555,
        88.21815599714007,
        88.14441462925502,
        88.0741195678711,
        88.00699942452567,
        87.94278172084263,
        87.8812735421317,
        87.8223386492048,
        87.76591273716518,
        87.71205575125558,
        87.66048540387835,
        87.61113630022321,
        87.56400626046317,
        87.51880863734654,
        87.47543552943638,
        87.4338847569057,
        87.39397212437221,
        87.35557447160993,
        87.31865474155971,
        87.28313882010323,
        87.2489733014788,
        87.21606336321149,
        87.18431091308594,
        87.15370178222656,
        87.12431335449219,
        87.09619685581752,
        87.06922040666852,
        87.04325321742466,
        87.01819501604352,
        86.99403926304409,
        86.97084590366909,
        86.94849177769252,
        86.92692129952567,
        86.90607343401227,
        86.88597978864398,
        86.86664799281529,
        86.84807586669922,
        86.83020128522601,
        86.81293596540179,
        86.79631587437221,
        86.78033338274274,
        86.76488494873047,
        86.74996403285435,
        86.7354965209961,
        86.72158813476562,
        86.70827920096261,
        86.69549778529576,
        86.68312617710659,
        86.67121887207031,
        86.65970284598214
    ],