{
    "testproblem": "quadratic_deep",
    "batch_size": 128,
    "num_epochs": 100,
    "random_seed": 42,
    "weight_decay": null,
    "optimizer_name": "PowKernelMomentumOptimizer",
    "optimizer_hyperparams": {
        "learning_rate": 0.00029072088906598436,
        "power": 0.4
    },
    "training_params": {
        "lr_sched_epochs": null,
        "lr_sched_factors": null
    },
    "train_losses": [
        352.8963535853795,
        328.39530290876115,
        282.73191615513394,
        234.77439444405692,
        193.0149405343192,
        160.28423418317522,
        136.64047023228235,
        120.9191142490932,
        111.4979019165039,
        106.65411594935826,
        104.71905081612724,
        104.09100777762276,
        103.67752729143415,
        103.19263676234654,
        102.68317304338727,
        102.1962171282087,
        101.73429761614118,
        101.28828539167132,
        100.85451071602958,
        100.43259538922992,
        100.02211434500558,
        99.6227057320731,
        99.23401859828404,
        98.85587964739118,
        98.48828233991351,
        98.13084956577846,
        97.78326307024274,
        97.44524383544922,
        97.1165302821568,
        96.79687826974052,
        96.48616572788784,
        96.18416268484933,
        95.8906740461077,
        95.605466570173,
        95.32853589739118,
        95.05995178222656,
        94.79942975725446,
        94.5468521118164,
        94.30199432373047,
        94.06448582240513,
        93.83417728969029,
        93.61097608293805,
        93.39462716238839,
        93.18492562430245,
        92.9815434047154,
        92.7842548915318,
        92.5927734375,
        92.40684182303292,
        92.22649165562221,
        92.05144936697823,
        91.88152858189174,
        91.71647208077567,
        91.55606188092914,
        91.40016828264508,
        91.24867793491909,
        91.10144914899554,
        90.95835658482143,
        90.81936427525112,
        90.68435232979911,
        90.55316380092076,
        90.42566680908203,
        90.30171421595982,
        90.1812264578683,
        90.06417737688336,
        89.95072392054966,
        89.84071132114956,
        89.73394230433873,
        89.63025883265904,
        89.52948869977679,
        89.43153490339007,
        89.3363037109375,
        89.2437515258789,
        89.15382930210659,
        89.06652396065849,
        88.98169381277901,
        88.89932141985211,
        88.81935010637555,
        88.74168178013393,
        88.66619219098773,
        88.59277670724052,
        88.52132633754185,
        88.45181056431362,
        88.38414982386998,
        88.31832013811383,
        88.25421796526227,
        88.19181060791016,
        88.13110678536552,
        88.07203892299107,
        88.01456996372768,
        87.9587173461914,
        87.90436226981026,
        87.85146004813058,
        87.79995291573661,
        87.74975040980748,
        87.70077841622489,
        87.6529791695731,
        87.60632651192802,
        87.56077902657645,
        87.51630292619977,
        87.47286333356585,
        87.43043082101005
    ],
    "valid_losses": [
        353.81274850027904,
        329.34542410714283,
        283.7508326939174,
        235.87052045549666,
        194.1794913155692,
        161.49240112304688,
        137.85810198102678,
        122.10704803466797,
        112.62147848946708,
        107.68940843854632,
        105.65836443219867,
        104.94708578927177,
        104.48224312918526,
        103.98434230259487,
        103.4907455444336,
        103.03062220982143,
        102.5926513671875,
        102.16080583844867,
        101.7313951764788,
        101.3082526070731,
        100.89517320905414,
        100.49451446533203,
        100.10653795514789,
        99.7304207938058,
        99.36519731794085,
        99.01006426130023,
        98.6646706717355,
        98.32883562360492,
        98.00229862758091,
        97.68482753208706,
        97.37631334577289,
        97.07646179199219,
        96.7850821358817,
        96.50191061837333,
        96.22693961007255,
        95.96025085449219,
        95.7015871320452,
        95.45091792515346,
        95.20806884765625,
        94.97255597795758,
        94.74416896275112,
        94.52273123604911,
        94.30798775809151,
        94.0996584211077,
        93.89755249023438,
        93.70155770438058,
        93.51132202148438,
        93.32655225481305,
        93.14722660609654,
        92.97329275948661,
        92.804689679827,
        92.64104679652623,
        92.48202623639789,
        92.32742091587612,
        92.17709459577289,
        92.03094264439174,
        91.88892037527901,
        91.75103759765625,
        91.61722019740513,
        91.48727634974888,
        91.36095755440849,
        91.23810032435826,
        91.11862073625836,
        91.00248718261719,
        90.88973999023438,
        90.7802985055106,
        90.67411150251117,
        90.5710950578962,
        90.47110094342914,
        90.37396349225726,
        90.27958134242466,
        90.18795994349888,
        90.0990491594587,
        90.01280975341797,
        89.92902047293526,
        89.84765298025948,
        89.76862117222377,
        89.6918454851423,
        89.61720602852958,
        89.54464285714286,
        89.47409275599888,
        89.40551866803851,
        89.3387941632952,
        89.27393559047154,
        89.21068681989398,
        89.14902823311942,
        89.0890393938337,
        89.03068106515067,
        88.97388894217355,
        88.91873059953961,
        88.86506761823382,
        88.81282588413784,
        88.76195744105748,
        88.71237400599888,
        88.66400146484375,
        88.61678423200335,
        88.57067435128349,
        88.52564784458706,
        88.48166002546039,
        88.43866511753627,
        88.39663805280414
    ],