{
    "testproblem": "fmnist_vae",
    "batch_size": 64,
    "num_epochs": 100,
    "random_seed": 42,
    "weight_decay": null,
    "optimizer_name": "PowKernelGradientDescentOptimizer",
    "optimizer_hyperparams": {
        "learning_rate": 0.025378155082656628,
        "power": 0.6000000000000001
    },
    "training_params": {
        "lr_sched_epochs": null,
        "lr_sched_factors": null
    },
    "train_losses": [
        133.04190733493903,
        69.29028926751552,
        133.04190733493903,
        133.04190733493903,
        133.04190733493903,
        133.04190733493903,
        133.04190733493903,
        133.04190733493903,
        133.04190733493903,
        133.04190733493903,
        133.04190733493903,
        133.04190733493903,
        133.04190733493903,
        133.04190733493903,
        133.04190733493903,
        133.04190733493903,
        133.04190733493903,
        133.04190733493903,
        133.04190733493903,
        133.04190733493903,
        133.04190733493903,
        133.04190733493903,
        133.04190733493903,
        133.04190733493903,
        133.04190733493903,
        133.04190733493903,
        133.04190733493903,
        133.04190733493903,
        133.04190733493903,
        133.04190733493903,
        133.04190733493903,
        133.04190733493903,
        133.04190733493903,
        133.04190733493903,
        133.04190733493903,
        133.04190733493903,
        133.04190733493903,
        133.04190733493903,
        133.04190733493903,
        133.04190733493903,
        133.04190733493903,
        133.04190733493903,
        133.04190733493903,
        133.04190733493903,
        133.04190733493903,
        133.04190733493903,
        133.04190733493903,
        133.04190733493903,
        133.04190733493903,
        133.04190733493903,
        133.04190733493903,
        133.04190733493903,
        133.04190733493903,
        133.04190733493903,
        133.04190733493903,
        133.04190733493903,
        133.04190733493903,
        133.04190733493903,
        133.04190733493903,
        133.04190733493903,
        133.04190733493903,
        133.04190733493903,
        133.04190733493903,
        133.04190733493903,
        133.04190733493903,
        133.04190733493903,
        133.04190733493903,
        133.04190733493903,
        133.04190733493903,
        133.04190733493903,
        133.04190733493903,
        133.04190733493903,
        133.04190733493903,
        133.04190733493903,
        133.04190733493903,
        133.04190733493903,
        133.04190733493903,
        133.04190733493903,
        133.04190733493903,
        133.04190733493903,
        133.04190733493903,
        133.04190733493903,
        133.04190733493903,
        133.04190733493903,
        133.04190733493903,
        133.04190733493903,
        133.04190733493903,
        133.04190733493903,
        133.04190733493903,
        133.04190733493903,
        133.04190733493903,
        133.04190733493903,
        133.04190733493903,
        133.04190733493903,
        133.04190733493903,
        133.04190733493903,
        133.04190733493903,
        133.04190733493903,
        133.04190733493903,
        133.04190733493903,
        133.04190733493903
    ],
    "valid_losses": [
        134.0049859560453,
        70.140378120618,
        134.0049859560453,
        134.0049859560453,
        134.0049859560453,
        134.0049859560453,
        134.0049859560453,
        134.0049859560453,
        134.0049859560453,
        134.0049859560453,
        134.0049859560453,
        134.0049859560453,
        134.0049859560453,
        134.0049859560453,
        134.0049859560453,
        134.0049859560453,
        134.0049859560453,
        134.0049859560453,
        134.0049859560453,
        134.0049859560453,
        134.0049859560453,
        134.0049859560453,
        134.0049859560453,
        134.0049859560453,
        134.0049859560453,
        134.0049859560453,
        134.0049859560453,
        134.0049859560453,
        134.0049859560453,
        134.0049859560453,
        134.0049859560453,
        134.0049859560453,
        134.0049859560453,
        134.0049859560453,
        134.0049859560453,
        134.0049859560453,
        134.0049859560453,
        134.0049859560453,
        134.0049859560453,
        134.0049859560453,
        134.0049859560453,
        134.0049859560453,
        134.0049859560453,
        134.0049859560453,
        134.0049859560453,
        134.0049859560453,
        134.0049859560453,
        134.0049859560453,
        134.0049859560453,
        134.0049859560453,
        134.0049859560453,
        134.0049859560453,
        134.0049859560453,
        134.0049859560453,
        134.0049859560453,
        134.0049859560453,
        134.0049859560453,
        134.0049859560453,
        134.0049859560453,
        134.0049859560453,
        134.0049859560453,
        134.0049859560453,
        134.0049859560453,
        134.0049859560453,
        134.0049859560453,
        134.0049859560453,
        134.0049859560453,
        134.0049859560453,
        134.0049859560453,
        134.0049859560453,
        134.0049859560453,
        134.0049859560453,
        134.0049859560453,
        134.0049859560453,
        134.0049859560453,
        134.0049859560453,
        134.0049859560453,
        134.0049859560453,
        134.0049859560453,
        134.0049859560453,
        134.0049859560453,
        134.0049859560453,
        134.0049859560453,
        134.0049859560453,
        134.0049859560453,
        134.0049859560453,
        134.0049859560453,
        134.0049859560453,
        134.0049859560453,
        134.0049859560453,
        134.0049859560453,
        134.0049859560453,
        134.0049859560453,
        134.0049859560453,
        134.0049859560453,
        134.0049859560453,
        134.0049859560453,
        134.0049859560453,
        134.0049859560453,
        134.0049859560453,
        134.0049859560453
    ],