{
    "testproblem": "quadratic_deep",
    "batch_size": 128,
    "num_epochs": 100,
    "random_seed": 42,
    "weight_decay": null,
    "optimizer_name": "PowKernelMomentumOptimizer",
    "optimizer_hyperparams": {
        "learning_rate": 0.0006788387912421218,
        "power": 0.7000000000000001
    },
    "training_params": {
        "lr_sched_epochs": null,
        "lr_sched_factors": null
    },
    "train_losses": [
        352.8963535853795,
        234.3617401123047,
        121.21597072056362,
        109.5855473109654,
        114.31040518624442,
        106.15032523018974,
        102.8062002999442,
        102.22817993164062,
        100.7380131312779,
        99.7258780343192,
        98.84550149100167,
        97.99163709368024,
        97.21760559082031,
        96.48355102539062,
        95.80159432547433,
        95.16766030447823,
        94.57428414481026,
        94.02047620500836,
        93.50382123674665,
        93.02164350237165,
        92.57186235700335,
        92.1519284929548,
        91.7597176688058,
        91.39329092843192,
        91.05070277622768,
        90.73020608084542,
        90.43024008614677,
        90.14940534319196,
        89.88628823416573,
        89.63961247035435,
        89.40821620396206,
        89.19102587018695,
        88.98706817626953,
        88.79544176374164,
        88.61527034214565,
        88.44572448730469,
        88.28603907993862,
        88.13553292410714,
        87.9935782296317,
        87.85959298270089,
        87.73305075509208,
        87.61345781598773,
        87.50033896309989,
        87.39325605119977,
        87.29182434082031,
        87.19567762102399,
        87.10446058000836,
        87.01785605294364,
        86.93555341448102,
        86.85727909633091,
        86.78277696881976,
        86.7118159702846,
        86.6441901070731,
        86.57969883510044,
        86.5181644984654,
        86.45940508161273,
        86.40326363699776,
        86.34958975655692,
        86.29823303222656,
        86.2490735735212,
        86.20198277064732,
        86.15685381208148,
        86.11358315604073,
        86.07208469935826,
        86.03226143973214,
        85.99403381347656,
        85.95732007707868,
        85.92204175676618,
        85.88812582833427,
        85.85549926757812,
        85.82411520821708,
        85.79390607561383,
        85.76481519426618,
        85.7367935180664,
        85.70978546142578,
        85.68374415806362,
        85.65862819126674,
        85.63440268380302,
        85.61102294921875,
        85.5884530203683,
        85.56666346958706,
        85.54562595912388,
        85.52530234200614,
        85.50565992082868,
        85.4866703578404,
        85.4683096749442,
        85.45054626464844,
        85.43336486816406,
        85.41673605782645,
        85.40063803536552,
        85.38505336216518,
        85.36996568952289,
        85.35534994942802,
        85.34119524274554,
        85.32747541155133,
        85.3141850062779,
        85.30130222865513,
        85.28881181989398,
        85.27670397077289,
        85.2649645124163,
        85.25357709612165
    ],
    "valid_losses": [
        353.81274850027904,
        235.37091282435827,
        122.33447156633649,
        110.6096442086356,
        115.1136223929269,
        106.82314082554409,
        103.54095458984375,
        103.11399405343192,
        101.68755994524274,
        100.62689099993024,
        99.68082318987165,
        98.82091086251395,
        98.08736528669085,
        97.38336290631976,
        96.699216570173,
        96.05271802629743,
        95.45772988455636,
        94.91314152308873,
        94.40506962367466,
        93.9258804321289,
        93.47698538643974,
        93.05944497244698,
        92.67095947265625,
        92.30793762207031,
        91.96789986746651,
        91.6497083391462,
        91.35227639334542,
        91.0740225655692,
        90.81331525530133,
        90.56885092599052,
        90.33957127162388,
        90.12451062883649,
        89.9226793561663,
        89.73310089111328,
        89.55482700892857,
        89.38704572405133,
        89.22907366071429,
        89.08027648925781,
        88.9399882725307,
        88.8075932094029,
        88.6825419834682,
        88.56437138148716,
        88.45264434814453,
        88.34689331054688,
        88.24673352922711,
        88.15177808489118,
        88.0616923740932,
        87.97618212018695,
        87.89495522635323,
        87.81771305629185,
        87.74419403076172,
        87.67417580740792,
        87.60745021275112,
        87.54382760184151,
        87.48312595912388,
        87.42516544886998,
        87.36978803362165,
        87.31685420445034,
        87.26622554234096,
        87.21775926862445,
        87.17132568359375,
        87.12681361607143,
        87.0841293334961,
        87.04318673270089,
        87.00390625,
        86.96619306291852,
        86.92997414725167,
        86.89517211914062,
        86.86171504429409,
        86.8295397077288,
        86.798586164202,
        86.76880427769252,
        86.74013846261161,
        86.71252005440849,
        86.68590109688895,
        86.66023254394531,
        86.63547951834542,
        86.61160605294364,
        86.58856310163226,
        86.5663092476981,
        86.54482705252511,
        86.52409907749721,
        86.50408608572823,
        86.48473140171596,
        86.46601322719029,
        86.44790540422711,
        86.43038831438336,
        86.41344451904297,
        86.3970456804548,
        86.38116891043526,
        86.36580113002232,
        86.35091291155133,
        86.33649444580078,
        86.32252938406808,
        86.30899810791016,
        86.29588208879743,
        86.28316933768136,
        86.2708500453404,
        86.25890459333148,
        86.24732426234654,
        86.23610142299107
    ],