{
    "testproblem": "quadratic_deep",
    "batch_size": 128,
    "num_epochs": 100,
    "random_seed": 42,
    "weight_decay": null,
    "optimizer_name": "PowKernelMomentumOptimizerN",
    "optimizer_hyperparams": {
        "learning_rate": 0.0016536937182824417,
        "power": 0.8
    },
    "training_params": {
        "lr_sched_epochs": null,
        "lr_sched_factors": null
    },
    "train_losses": [
        352.8963623046875,
        109.62261744907924,
        126.4728502546038,
        102.97405896868024,
        101.70142146519252,
        98.27084459577289,
        96.41948590959821,
        94.84860011509487,
        93.49447304861886,
        92.3532954624721,
        91.38927459716797,
        90.5729479108538,
        89.87963758196149,
        89.29157475062779,
        88.79049246651786,
        88.36120060511998,
        87.99193246023995,
        87.67270333426339,
        87.3952157156808,
        87.1527818952288,
        86.93995121547154,
        86.75211552211216,
        86.58552006312779,
        86.43708256312779,
        86.30426352364677,
        86.18495723179409,
        86.07739802769252,
        85.98011016845703,
        85.89185333251953,
        85.81156267438617,
        85.7383302961077,
        85.67137472970145,
        85.6100354875837,
        85.5537349155971,
        85.50198364257812,
        85.45433262416294,
        85.41039930071149,
        85.36984470912388,
        85.33235495431083,
        85.29766409737724,
        85.26553235735211,
        85.2357417515346,
        85.20810263497489,
        85.18242972237724,
        85.15856170654297,
        85.13636234828404,
        85.11568668910435,
        85.09642246791294,
        85.07845633370536,
        85.06168692452567,
        85.04603140694755,
        85.03139822823661,
        85.01771872384208,
        85.00491550990513,
        84.99293191092355,
        84.98170907156808,
        84.97119140625,
        84.96132550920758,
        84.95207105364118,
        84.94337899344308,
        84.93521445138114,
        84.9275392804827,
        84.92031969342914,
        84.91352953229632,
        84.90713174002511,
        84.90110560825893,
        84.89542715890067,
        84.89007132393974,
        84.88501739501953,
        84.88024357386998,
        84.875734601702,
        84.87147412981305,
        84.86744362967355,
        84.86363220214844,
        84.86001913888114,
        84.85659681047711,
        84.85335867745536,
        84.85028403145927,
        84.84736633300781,
        84.84459795270648,
        84.8419658115932,
        84.83946990966797,
        84.83709062848773,
        84.83482905796596,
        84.83267865862165,
        84.83063071114677,
        84.82867540631976,
        84.82681601388114,
        84.82503836495536,
        84.82334354945591,
        84.82172393798828,
        84.82017844063895,
        84.8187026977539,
        84.81729125976562,
        84.8159419468471,
        84.8146471296038,
        84.81340898786273,
        84.81222207205636,
        84.81108638218471,
        84.80999428885323,
        84.80895124162946
    ],
    "valid_losses": [
        353.812752859933,
        110.69548034667969,
        127.25016130719867,
        103.67737688337054,
        102.66107613699776,
        99.21350206647601,
        97.26702226911273,
        95.75838034493583,
        94.43188585553851,
        93.27337210518974,
        92.31902858189174,
        91.51625605991909,
        90.82657732282367,
        90.24351065499442,
        89.74850027901786,
        89.32384381975446,
        88.95876094273159,
        88.64344896589007,
        88.36944035121373,
        88.13021632603237,
        87.92027173723493,
        87.73494720458984,
        87.57065255301339,
        87.42430332728794,
        87.29337528773716,
        87.17577253069196,
        87.06973375592914,
        86.97384207589286,
        86.88685389927456,
        86.80771309988839,
        86.73552594866071,
        86.66952405657086,
        86.6090327671596,
        86.55350058419364,
        86.50244031633649,
        86.45540945870536,
        86.41204289027623,
        86.37198638916016,
        86.33494676862445,
        86.30066026960101,
        86.26889474051339,
        86.2394289289202,
        86.21206883021763,
        86.18666076660156,
        86.16303362165179,
        86.14103698730469,
        86.12054443359375,
        86.10143715994698,
        86.08360726492745,
        86.06696537562779,
        86.05141339983258,
        86.03687286376953,
        86.0232663835798,
        86.01052965436664,
        85.99859837123326,
        85.98741367885044,
        85.97692980085101,
        85.96708570207868,
        85.95784650530133,
        85.94916316441127,
        85.94100516183036,
        85.93332127162388,
        85.92609187534877,
        85.91928427559989,
        85.9128657749721,
        85.90681675502232,
        85.90110996791294,
        85.89571925571987,
        85.890625,
        85.88581194196429,
        85.88126046316964,
        85.876950945173,
        85.87287030901227,
        85.86900874546596,
        85.86534445626395,
        85.86187199183873,
        85.85857609340123,
        85.85544804164341,
        85.85247911725726,
        85.84965515136719,
        85.8469706944057,
        85.84441484723773,
        85.84198543003627,
        85.83966718401227,
        85.83746010916573,
        85.83535875592914,
        85.8333500453404,
        85.83143615722656,
        85.82960728236607,
        85.82786233084542,
        85.82619040352958,
        85.82459477015904,
        85.8230710710798,
        85.8216062273298,
        85.82020786830357,
        85.81886836460659,
        85.81758117675781,
        85.81635393415179,
        85.81516701834542,
        85.81403241838727,
        85.81294250488281
    ],