{
    "testproblem": "quadratic_deep",
    "batch_size": 128,
    "num_epochs": 100,
    "random_seed": 42,
    "weight_decay": null,
    "optimizer_name": "PowKernelGradientDescentOptimizer",
    "optimizer_hyperparams": {
        "learning_rate": 0.0006788387912421218,
        "power": 0.7000000000000001
    },
    "training_params": {
        "lr_sched_epochs": null,
        "lr_sched_factors": null
    },
    "train_losses": [
        352.8963535853795,
        312.28761509486606,
        277.5737827845982,
        248.01610020228796,
        222.9522465297154,
        201.79019818987166,
        184.00238255092077,
        169.12020874023438,
        156.7300306047712,
        146.46710423060827,
        138.0105263846261,
        131.08031136648995,
        125.43307931082589,
        120.85809653145927,
        117.1734390258789,
        114.22323826381138,
        111.87542724609375,
        110.01726967947823,
        108.55306679861886,
        107.40394483293805,
        106.50538199288505,
        105.80382864815849,
        105.2535422188895,
        104.81742531912667,
        104.46752820696149,
        104.18182918003627,
        103.9437986101423,
        103.74078042166573,
        103.56347002301898,
        103.40499005998883,
        103.26004573277065,
        103.124997820173,
        102.99725450788226,
        102.8749247959682,
        102.75667136056083,
        102.64158194405692,
        102.52898188999721,
        102.41832951136998,
        102.30921936035156,
        102.20143781389508,
        102.09480503627232,
        101.98920331682477,
        101.88452911376953,
        101.7807126726423,
        101.67769077845982,
        101.57542964390346,
        101.47390965053013,
        101.37308720179966,
        101.27295902797154,
        101.17351313999721,
        101.0747310093471,
        100.9766115461077,
        100.879148210798,
        100.78232792445591,
        100.68615286690849,
        100.59061649867466,
        100.49571010044643,
        100.40143149239677,
        100.30777958461216,
        100.2147467476981,
        100.12232426234654,
        100.03051430838448,
        99.93931797572544,
        99.84872218540737,
        99.75872475760323,
        99.66932460239956,
        99.58052280970982,
        99.49231066022601,
        99.40469142368862,
        99.31765638078961,
        99.23120444161552,
        99.14532143729073,
        99.06001499720982,
        98.97527204241071,
        98.89109475272042,
        98.80747549874442,
        98.72441101074219,
        98.64189910888672,
        98.5599387032645,
        98.47852325439453,
        98.39764186314174,
        98.31729670933315,
        98.23748997279576,
        98.15820966448102,
        98.07945905412946,
        98.00122724260602,
        97.92351422991071,
        97.84631674630302,
        97.7696282523019,
        97.6934563773019,
        97.61778804234096,
        97.54262215750558,
        97.46795218331474,
        97.39378901890346,
        97.32012285505023,
        97.24695260184151,
        97.1742673601423,
        97.10207257952008,
        97.03035518101284,
        96.95910971505302,
        96.88834381103516
    ],
    "valid_losses": [
        353.81274850027904,
        313.2373570033482,
        278.5511910574777,
        249.01594979422433,
        223.96964154924666,
        202.82041931152344,
        185.04090009416853,
        170.16319710867745,
        157.77399553571428,
        147.50884791782923,
        139.04729352678572,
        132.109858921596,
        126.45370701381138,
        121.86863490513393,
        118.173097882952,
        115.2114486694336,
        112.85193634033203,
        110.98214394705636,
        109.50652749197823,
        108.34642137799945,
        107.43750871930804,
        106.72647530691964,
        106.16753714425224,
        105.72342790876117,
        105.36634063720703,
        105.0742928641183,
        104.83068956647601,
        104.62283434186664,
        104.44140298025948,
        104.27945164271763,
        104.13152422223773,
        103.99400656563895,
        103.86421966552734,
        103.74025290352958,
        103.62069593157086,
        103.50459616524833,
        103.39125605991909,
        103.2800761631557,
        103.17061941964286,
        103.06260463169643,
        102.95585087367466,
        102.8502175467355,
        102.74560001918248,
        102.64191000802177,
        102.53908102852958,
        102.43706512451172,
        102.33582959856305,
        102.23534284319196,
        102.13556780133929,
        102.03649466378349,
        101.93811471121651,
        101.84039960588727,
        101.74335370744977,
        101.64695957728794,
        101.55121394566127,
        101.45610700334821,
        101.36163439069476,
        101.26779283796039,
        101.17458016531808,
        101.08198765345982,
        100.99000767299107,
        100.89864240373883,
        100.80788203648159,
        100.7177254813058,
        100.62816619873047,
        100.53920200892857,
        100.45083182198661,
        100.36305236816406,
        100.27585710797992,
        100.18924277169364,
        100.10321262904576,
        100.01775251116071,
        99.93286677769252,
        99.84854125976562,
        99.76478140694755,
        99.68158176967076,
        99.59893035888672,
        99.51683480398995,
        99.43528747558594,
        99.35428728376117,
        99.27381896972656,
        99.19389234270368,
        99.11449868338448,
        99.03562491280692,
        98.95727975027901,
        98.87945665631976,
        98.80215127127511,
        98.72536032540458,
        98.64908272879464,
        98.57330976213727,
        98.49803924560547,
        98.42327989850726,
        98.34901428222656,
        98.27525220598493,
        98.20198931012835,
        98.12921687534877,
        98.0569316319057,
        97.9851324898856,
        97.91380964006696,
        97.84296635219029,
        97.77259281703404
    ],