{
    "testproblem": "quadratic_deep",
    "batch_size": 128,
    "num_epochs": 100,
    "random_seed": 42,
    "weight_decay": null,
    "optimizer_name": "PowKernelMomentumOptimizerN",
    "optimizer_hyperparams": {
        "learning_rate": 0.006338653441536255,
        "power": 0.5
    },
    "training_params": {
        "lr_sched_epochs": null,
        "lr_sched_factors": null
    },
    "train_losses": [
        352.8963623046875,
        116.94020080566406,
        102.30143301827567,
        97.2611552647182,
        92.95068904331752,
        90.02696772984096,
        88.27230834960938,
        87.27213396344867,
        86.69286346435547,
        86.32254028320312,
        86.06449781145368,
        85.87853349958148,
        85.74376896449498,
        85.64655303955078,
        85.57737077985492,
        85.52866472516742,
        85.49394880022321,
        85.4697036743164,
        85.45315551757812,
        85.44275774274554,
        85.4369877406529,
        85.43470110212054,
        85.43549019949776,
        85.4384296962193,
        85.44313485281808,
        85.44913264683315,
        85.45608956473214,
        85.46372549874442,
        85.47184426443917,
        85.4802965436663,
        85.48897552490234,
        85.49780382428851,
        85.50672367640904,
        85.51568603515625,
        85.52466256277901,
        85.53362383161273,
        85.54254586356026,
        85.55141339983258,
        85.56021336146763,
        85.56893811907086,
        85.57757568359375,
        85.58611733572823,
        85.59456743512835,
        85.60290854317802,
        85.61114828927177,
        85.61928340366909,
        85.62731061662946,
        85.6352299281529,
        85.6430424281529,
        85.65074375697544,
        85.65834045410156,
        85.66582924979073,
        85.67321232386998,
        85.68048967633929,
        85.68766348702567,
        85.69473375592914,
        85.70170593261719,
        85.70857674734933,
        85.71534620012555,
        85.72202410016742,
        85.72860935756138,
        85.73509216308594,
        85.74149322509766,
        85.74780818394252,
        85.7540305001395,
        85.7601558140346,
        85.76620483398438,
        85.77217429024833,
        85.77806418282645,
        85.78387560163226,
        85.78960200718471,
        85.79525211879185,
        85.8008292061942,
        85.80633544921875,
        85.811767578125,
        85.81712886265346,
        85.82242257254464,
        85.82764652797154,
        85.83280726841518,
        85.83789825439453,
        85.84293038504464,
        85.84789930071149,
        85.85279955182757,
        85.8576431274414,
        85.8624289376395,
        85.86714826311383,
        85.87181091308594,
        85.87640925816127,
        85.88095201764789,
        85.8854490007673,
        85.88991328648159,
        85.89432198660714,
        85.89867510114398,
        85.90296064104352,
        85.9072025844029,
        85.9113998413086,
        85.91556767054966,
        85.91969953264508,
        85.92378561837333,
        85.92782701764789,
        85.93182591029576
    ],
    "valid_losses": [
        353.812752859933,
        117.98594447544643,
        103.00811113630023,
        98.33767918178013,
        93.9770998273577,
        91.09622955322266,
        89.36167471749442,
        88.38087899344308,
        87.81206621442523,
        87.44893210274833,
        87.1944351196289,
        87.0107890537807,
        86.8760964529855,
        86.77857208251953,
        86.70931025913784,
        86.66041346958706,
        86.62565612792969,
        86.60142735072544,
        86.58468191964286,
        86.5741468157087,
        86.56813158307757,
        86.56537737165179,
        86.56592668805804,
        86.56859806605748,
        86.57307543073382,
        86.57890973772321,
        86.58577510288784,
        86.5933587210519,
        86.6014654976981,
        86.60992540631976,
        86.61863272530692,
        86.62750135149274,
        86.63647133963448,
        86.64549691336495,
        86.65453774588448,
        86.66356440952846,
        86.67256382533482,
        86.68150438581195,
        86.69038609095982,
        86.69919150216239,
        86.7079097202846,
        86.71653311593192,
        86.72506386893136,
        86.73348781040737,
        86.74181147984096,
        86.7500250680106,
        86.7581318446568,
        86.76613071986607,
        86.77401515415737,
        86.78179495675224,
        86.78946685791016,
        86.79702649797711,
        86.80447932652065,
        86.81182752336774,
        86.81906563895089,
        86.82620566231864,
        86.83323778424945,
        86.84017290387835,
        86.84700339181083,
        86.85374123709542,
        86.86038099016461,
        86.86692265101841,
        86.87337493896484,
        86.87973894391742,
        86.88601248604911,
        86.89219011579242,
        86.89828382219586,
        86.904296875,
        86.91023363385882,
        86.91608210972377,
        86.9218510219029,
        86.9275381905692,
        86.9331534249442,
        86.93869236537388,
        86.94416046142578,
        86.9495598929269,
        86.95487976074219,
        86.96013641357422,
        86.96532331194196,
        86.97044372558594,
        86.97549765450614,
        86.98049054827008,
        86.98541913713727,
        86.9902834211077,
        86.99508884974888,
        86.99983433314732,
        87.00450788225446,
        87.00911930629185,
        87.01368277413505,
        87.01822008405414,
        87.02269526890346,
        87.02711050851005,
        87.03145490373883,
        87.0357644217355,
        87.04002489362445,
        87.04424721854073,
        87.04843575613839,
        87.05258396693638,
        87.05665806361607,
        87.06070709228516,
        87.06471579415458
    ],