{
    "testproblem": "mnist_vae_no_dropout",
    "batch_size": 64,
    "num_epochs": 50,
    "random_seed": 42,
    "weight_decay": null,
    "optimizer_name": "PowKernelMomentumOptimizerN",
    "optimizer_hyperparams": {
        "learning_rate": 0.14477786306928653,
        "power": 0.6000000000000001
    },
    "training_params": {
        "allow_early_finish": true
    },
    "train_losses": [
        181.47835364708533,
        181.47835364708533,
        181.47835364708533,
        181.47835364708533,
        181.47835364708533,
        181.47835364708533,
        181.47835364708533,
        181.47835364708533,
        181.47835364708533,
        181.47835364708533,
        181.47835364708533,
        181.47835364708533,
        181.47835364708533,
        181.47835364708533,
        181.47835364708533,
        181.47835364708533,
        181.47835364708533,
        181.47835364708533,
        181.47835364708533,
        181.47835364708533,
        181.47835364708533,
        181.47835364708533,
        181.47835364708533,
        181.47835364708533,
        181.47835364708533,
        181.47835364708533,
        181.47835364708533,
        181.47835364708533,
        181.47835364708533,
        181.47835364708533,
        181.47835364708533,
        181.47835364708533,
        181.47835364708533,
        181.47835364708533,
        181.47835364708533,
        181.47835364708533,
        181.47835364708533,
        181.47835364708533,
        181.47835364708533,
        181.47835364708533,
        181.47835364708533,
        181.47835364708533,
        181.47835364708533,
        181.47835364708533,
        181.47835364708533,
        181.47835364708533,
        181.47835364708533,
        181.47835364708533,
        181.47835364708533,
        181.47835364708533,
        181.47835364708533
    ],
    "valid_losses": [
        181.4160400781876,
        181.4160400781876,
        181.4160400781876,
        181.4160400781876,
        181.4160400781876,
        181.4160400781876,
        181.4160400781876,
        181.4160400781876,
        181.4160400781876,
        181.4160400781876,
        181.4160400781876,
        181.4160400781876,
        181.4160400781876,
        181.4160400781876,
        181.4160400781876,
        181.4160400781876,
        181.4160400781876,
        181.4160400781876,
        181.4160400781876,
        181.4160400781876,
        181.4160400781876,
        181.4160400781876,
        181.4160400781876,
        181.4160400781876,
        181.4160400781876,
        181.4160400781876,
        181.4160400781876,
        181.4160400781876,
        181.4160400781876,
        181.4160400781876,
        181.4160400781876,
        181.4160400781876,
        181.4160400781876,
        181.4160400781876,
        181.4160400781876,
        181.4160400781876,
        181.4160400781876,
        181.4160400781876,
        181.4160400781876,
        181.4160400781876,
        181.4160400781876,
        181.4160400781876,
        181.4160400781876,
        181.4160400781876,
        181.4160400781876,
        181.4160400781876,
        181.4160400781876,
        181.4160400781876,
        181.4160400781876,
        181.4160400781876,
        181.4160400781876
    ],
    "test_losses": [
        181.48047853127505,
        181.48047853127505,
        181.48047853127505,
        181.48047853127505,
        181.48047853127505,
        181.48047853127505,
        181.48047853127505,
        181.48047853127505,
        181.48047853127505,
        181.48047853127505,
        181.48047853127505,
        181.48047853127505,
        181.48047853127505,
        181.48047853127505,
        181.48047853127505,
        181.48047853127505,
        181.48047853127505,
        181.48047853127505,
        181.48047853127505,
        181.48047853127505,
        181.48047853127505,
        181.48047853127505,
        181.48047853127505,
        181.48047853127505,
        181.48047853127505,
        181.48047853127505,
        181.48047853127505,
        181.48047853127505,
        181.48047853127505,
        181.48047853127505,
        181.48047853127505,
        181.48047853127505,
        181.48047853127505,
        181.48047853127505,
        181.48047853127505,
        181.48047853127505,
        181.48047853127505,
        181.48047853127505,
        181.48047853127505,
        181.48047853127505,
        181.48047853127505,
        181.48047853127505,
        181.48047853127505,
        181.48047853127505,
        181.48047853127505,
        181.48047853127505,
        181.48047853127505,
        181.48047853127505,
        181.48047853127505,
        181.48047853127505,
        181.48047853127505
    ],