{
    "testproblem": "quadratic_deep",
    "batch_size": 128,
    "num_epochs": 100,
    "random_seed": 42,
    "weight_decay": null,
    "optimizer_name": "PowKernelGradientDescentOptimizer",
    "optimizer_hyperparams": {
        "learning_rate": 0.0008386394780402556,
        "power": 0.7000000000000001
    },
    "training_params": {
        "lr_sched_epochs": null,
        "lr_sched_factors": null
    },
    "train_losses": [
        352.8963535853795,
        303.56700352260043,
        262.97968619210377,
        229.7893785749163,
        202.82301766531808,
        181.0620618547712,
        163.62687465122767,
        149.76339285714286,
        138.82710702078683,
        130.27084895542689,
        123.634519304548,
        118.53329249790737,
        114.64697810581752,
        111.71349661690849,
        109.51778738839286,
        107.8853258405413,
        106.67879813058036,
        105.79046848842076,
        105.13231004987445,
        104.6367906842913,
        104.25580814906529,
        103.953855242048,
        103.70608302525112,
        103.49530683244977,
        103.30946895054409,
        103.14039175851005,
        102.98280770438058,
        102.83318110874721,
        102.689208984375,
        102.54940468924386,
        102.41270228794643,
        102.278322492327,
        102.14587511335101,
        102.01508004324776,
        101.88572910853794,
        101.75767953055245,
        101.6308343069894,
        101.50513240269252,
        101.38052259172711,
        101.25696672712054,
        101.13444519042969,
        101.01293073381696,
        100.89242008754185,
        100.77289690290179,
        100.6543470110212,
        100.53677368164062,
        100.42015511648995,
        100.30449567522321,
        100.18977682931083,
        100.07600402832031,
        99.96315656389508,
        99.85123552594867,
        99.740234375,
        99.63014330182757,
        99.52096448625836,
        99.41267939976284,
        99.30528041294643,
        99.19876316615513,
        99.09311022077289,
        98.9883313860212,
        98.88440922328404,
        98.78133828299386,
        98.67911856515067,
        98.5777348109654,
        98.47717721121651,
        98.37744903564453,
        98.27853175571987,
        98.18042537144252,
        98.08312007359096,
        97.98660823277065,
        97.89089093889508,
        97.79595620291573,
        97.70180293491909,
        97.60842568533761,
        97.51581682477679,
        97.4239730834961,
        97.33289119175502,
        97.24255916050502,
        97.15296827043805,
        97.0641098022461,
        96.97599029541016,
        96.88858795166016,
        96.80190713065011,
        96.71593802315849,
        96.63066973005023,
        96.54610116141183,
        96.4622323172433,
        96.3790522984096,
        96.29655347551618,
        96.2147445678711,
        96.13359941755023,
        96.05312892368862,
        95.97331237792969,
        95.89415305001395,
        95.81564222063336,
        95.73777662004743,
        95.66055079868862,
        95.5839603969029,
        95.50801413399833,
        95.4326891217913,
        95.35798754010882
    ],
    "valid_losses": [
        353.81274850027904,
        304.5239693777902,
        263.9686584472656,
        230.80260358537947,
        203.85323442731584,
        182.10233415876115,
        164.67144993373327,
        150.8071550641741,
        139.865478515625,
        131.3003431047712,
        124.65265328543526,
        119.53851645333427,
        115.63825116838727,
        112.69035121372768,
        110.48031725202289,
        108.83398001534599,
        107.61439623151507,
        106.7143064226423,
        106.04559108189174,
        105.54052080426898,
        105.1513181413923,
        104.84237779889789,
        104.58873530796596,
        104.37318420410156,
        104.18341391427177,
        104.01117597307477,
        103.85109601702008,
        103.69956643240792,
        103.55418613978794,
        103.41339002336774,
        103.27602822440011,
        103.14124625069755,
        103.00857434953961,
        102.87770516531808,
        102.74840763636998,
        102.6205335344587,
        102.49395098005023,
        102.3685793195452,
        102.24435751778739,
        102.12123434884208,
        101.99917711530414,
        101.87815747942243,
        101.7581547328404,
        101.63915143694196,
        101.52113560267857,
        101.40409306117466,
        101.28801945277623,
        101.17289515904018,
        101.05871909005302,
        100.94548797607422,
        100.83318110874721,
        100.72180066789899,
        100.61133684430804,
        100.5017809186663,
        100.39313289097377,
        100.2853753226144,
        100.17851039341518,
        100.07251630510602,
        99.96739305768695,
        99.8631362915039,
        99.75973401750836,
        99.65718514578683,
        99.55547332763672,
        99.45460510253906,
        99.3545663016183,
        99.2553471156529,
        99.15694209507534,
        99.05934252057757,
        98.96254621233258,
        98.86654118129185,
        98.77133178710938,
        98.67689514160156,
        98.58324323381696,
        98.49036625453404,
        98.39825439453125,
        98.30691201346261,
        98.21632385253906,
        98.12648664202008,
        98.03739166259766,
        97.94902801513672,
        97.86139351981026,
        97.7744859967913,
        97.68828909737724,
        97.60280500139508,
        97.51802389962333,
        97.43394470214844,
        97.3505608694894,
        97.2678713117327,
        97.1858651297433,
        97.10453360421317,
        97.02388218470982,
        96.94389125279018,
        96.86455644880023,
        96.78588104248047,
        96.70785086495536,
        96.63046264648438,
        96.55370766775948,
        96.47759355817523,
        96.40211377825055,
        96.32725851876395,
        96.25302233014789
    ],