{
    "testproblem": "quadratic_deep",
    "batch_size": 128,
    "num_epochs": 100,
    "random_seed": 42,
    "weight_decay": null,
    "optimizer_name": "PowKernelMomentumOptimizerN",
    "optimizer_hyperparams": {
        "learning_rate": 0.00015369603110608834,
        "power": 0.7000000000000001
    },
    "training_params": {
        "lr_sched_epochs": null,
        "lr_sched_factors": null
    },
    "train_losses": [
        352.8963623046875,
        315.7848336356027,
        259.3632114955357,
        206.84256853376115,
        166.56415448869978,
        139.17547607421875,
        122.26353236607143,
        112.73882947649274,
        107.87135096958706,
        105.62410409109933,
        104.6485617501395,
        104.17607661655971,
        103.85733686174665,
        103.57596152169364,
        103.30672672816685,
        103.04548863002232,
        102.7905752999442,
        102.54056767054966,
        102.29465593610492,
        102.05253383091518,
        101.8141337803432,
        101.57942199707031,
        101.34834616524833,
        101.12080601283482,
        100.896728515625,
        100.67604064941406,
        100.45868355887276,
        100.24459729875836,
        100.03373718261719,
        99.82605961390904,
        99.6215079171317,
        99.42006029401507,
        99.2216567993164,
        99.02624620710101,
        98.83379146030971,
        98.64424678257534,
        98.4575696672712,
        98.27371215820312,
        98.09263937813895,
        97.91429356166294,
        97.73865182059151,
        97.56566074916294,
        97.39528547014508,
        97.22749546595982,
        97.06225258963448,
        96.89951869419643,
        96.739255632673,
        96.5814208984375,
        96.4259785243443,
        96.27289472307477,
        96.12213679722377,
        95.97366333007812,
        95.82744598388672,
        95.6834466116769,
        95.54164014543805,
        95.40198189871651,
        95.26444244384766,
        95.12899780273438,
        94.99562072753906,
        94.86426762172154,
        94.73491668701172,
        94.6075417654855,
        94.48210797991071,
        94.3585957118443,
        94.2369613647461,
        94.11717006138393,
        93.99918365478516,
        93.88297925676618,
        93.76852852957589,
        93.65580095563617,
        93.54478563581195,
        93.43545096261161,
        93.32776205880302,
        93.22169385637555,
        93.1172103881836,
        93.01428658621651,
        92.91289956229073,
        92.81301879882812,
        92.71462685721261,
        92.61769648960659,
        92.52220589773995,
        92.42814091273716,
        92.33546883719308,
        92.2441656930106,
        92.15421186174665,
        92.06558663504464,
        91.97827475411552,
        91.89225333077567,
        91.80751255580357,
        91.72401428222656,
        91.64174216134208,
        91.56067984444755,
        91.48080553327289,
        91.40208653041294,
        91.32451520647321,
        91.24806322370257,
        91.17271314348493,
        91.09844752720424,
        91.02525220598493,
        90.95310538155692,
        90.88199833461216
    ],
    "valid_losses": [
        353.812752859933,
        316.72940935407365,
        260.35523986816406,
        207.8799089704241,
        167.63206917898995,
        140.25338745117188,
        123.33040945870536,
        113.7771737234933,
        108.86941092354911,
        106.57681710379464,
        105.55843571254185,
        105.05100468226841,
        104.70837838309151,
        104.41386195591518,
        104.13993399483817,
        103.87970188685826,
        103.62890951974052,
        103.38409423828125,
        103.14308057512555,
        102.90491594587054,
        102.6694085257394,
        102.43668801443917,
        102.20696040562221,
        101.98040989467076,
        101.75715092250279,
        101.5372565133231,
        101.32071903773716,
        101.10752323695591,
        100.89761352539062,
        100.690920148577,
        100.4873788016183,
        100.28692299979073,
        100.08950914655414,
        99.89508165631976,
        99.70359475272042,
        99.51500047956195,
        99.32926722935268,
        99.14634050641742,
        98.96618979317802,
        98.78875950404576,
        98.614015851702,
        98.44192395891461,
        98.27244131905692,
        98.10553741455078,
        97.94117845807757,
        97.77933611188617,
        97.61995152064732,
        97.46299634660993,
        97.30842590332031,
        97.15621403285435,
        97.00631822858539,
        96.85870034354073,
        96.71333857945034,
        96.57019369942802,
        96.42923518589565,
        96.29042380196708,
        96.15372903006417,
        96.01913125174386,
        95.88659340994698,
        95.7560795375279,
        95.62755475725446,
        95.50099073137555,
        95.37635585239956,
        95.25362505231585,
        95.1327634538923,
        95.01373073032924,
        94.89650399344308,
        94.78105163574219,
        94.66735403878349,
        94.55538068498883,
        94.44510432652065,
        94.3364998953683,
        94.2295412336077,
        94.1241956438337,
        94.0204326084682,
        93.91822705950055,
        93.81754411969867,
        93.7183609008789,
        93.62065996442523,
        93.52441733224052,
        93.42961011614118,
        93.3362067086356,
        93.2441885811942,
        93.15353393554688,
        93.06422533307757,
        92.97623661586216,
        92.88955906459263,
        92.80416979108539,
        92.72005135672433,
        92.63717760358539,
        92.55552019391742,
        92.47505950927734,
        92.3957748413086,
        92.31764766148159,
        92.24065508161273,
        92.16479165213448,
        92.09002358572823,
        92.01633780343192,
        91.94371904645648,
        91.8721433367048,
        91.80159759521484
    ],