{
    "testproblem": "mnist_vae",
    "batch_size": 64,
    "num_epochs": 50,
    "random_seed": 42,
    "weight_decay": null,
    "optimizer_name": "PowKernelMomentumOptimizerN",
    "optimizer_hyperparams": {
        "learning_rate": 0.017912362571043654,
        "power": 0.5
    },
    "training_params": {
        "allow_early_finish": true
    },
    "train_losses": [
        181.3757607875726,
        181.3757607875726,
        181.3757607875726,
        181.3757607875726,
        181.3757607875726,
        181.3757607875726,
        181.3757607875726,
        181.3757607875726,
        181.3757607875726,
        181.3757607875726,
        181.3757607875726,
        181.3757607875726,
        181.3757607875726,
        181.3757607875726,
        181.3757607875726,
        181.3757607875726,
        181.3757607875726,
        181.3757607875726,
        181.3757607875726,
        181.3757607875726,
        181.3757607875726,
        181.3757607875726,
        181.3757607875726,
        181.3757607875726,
        181.3757607875726,
        181.3757607875726,
        181.3757607875726,
        181.3757607875726,
        181.3757607875726,
        181.3757607875726,
        181.3757607875726,
        181.3757607875726,
        181.3757607875726,
        181.3757607875726,
        181.3757607875726,
        181.3757607875726,
        181.3757607875726,
        181.3757607875726,
        181.3757607875726,
        181.3757607875726,
        181.3757607875726,
        181.3757607875726,
        181.3757607875726,
        181.3757607875726,
        181.3757607875726,
        181.3757607875726,
        181.3757607875726,
        181.3757607875726,
        181.3757607875726,
        181.3757607875726,
        181.3757607875726
    ],
    "valid_losses": [
        181.31722181271283,
        181.31722181271283,
        181.31722181271283,
        181.31722181271283,
        181.31722181271283,
        181.31722181271283,
        181.31722181271283,
        181.31722181271283,
        181.31722181271283,
        181.31722181271283,
        181.31722181271283,
        181.31722181271283,
        181.31722181271283,
        181.31722181271283,
        181.31722181271283,
        181.31722181271283,
        181.31722181271283,
        181.31722181271283,
        181.31722181271283,
        181.31722181271283,
        181.31722181271283,
        181.31722181271283,
        181.31722181271283,
        181.31722181271283,
        181.31722181271283,
        181.31722181271283,
        181.31722181271283,
        181.31722181271283,
        181.31722181271283,
        181.31722181271283,
        181.31722181271283,
        181.31722181271283,
        181.31722181271283,
        181.31722181271283,
        181.31722181271283,
        181.31722181271283,
        181.31722181271283,
        181.31722181271283,
        181.31722181271283,
        181.31722181271283,
        181.31722181271283,
        181.31722181271283,
        181.31722181271283,
        181.31722181271283,
        181.31722181271283,
        181.31722181271283,
        181.31722181271283,
        181.31722181271283,
        181.31722181271283,
        181.31722181271283,
        181.31722181271283
    ],
    "test_losses": [
        181.37621258466672,
        181.37621258466672,
        181.37621258466672,
        181.37621258466672,
        181.37621258466672,
        181.37621258466672,
        181.37621258466672,
        181.37621258466672,
        181.37621258466672,
        181.37621258466672,
        181.37621258466672,
        181.37621258466672,
        181.37621258466672,
        181.37621258466672,
        181.37621258466672,
        181.37621258466672,
        181.37621258466672,
        181.37621258466672,
        181.37621258466672,
        181.37621258466672,
        181.37621258466672,
        181.37621258466672,
        181.37621258466672,
        181.37621258466672,
        181.37621258466672,
        181.37621258466672,
        181.37621258466672,
        181.37621258466672,
        181.37621258466672,
        181.37621258466672,
        181.37621258466672,
        181.37621258466672,
        181.37621258466672,
        181.37621258466672,
        181.37621258466672,
        181.37621258466672,
        181.37621258466672,
        181.37621258466672,
        181.37621258466672,
        181.37621258466672,
        181.37621258466672,
        181.37621258466672,
        181.37621258466672,
        181.37621258466672,
        181.37621258466672,
        181.37621258466672,
        181.37621258466672,
        181.37621258466672,
        181.37621258466672,
        181.37621258466672,
        181.37621258466672
    ],