{
    "testproblem": "mnist_vae_no_dropout",
    "batch_size": 64,
    "num_epochs": 50,
    "random_seed": 42,
    "weight_decay": null,
    "optimizer_name": "PowKernelMomentumOptimizerN",
    "optimizer_hyperparams": {
        "learning_rate": 0.12604664585649453,
        "power": 0.5
    },
    "training_params": {
        "allow_early_finish": true
    },
    "train_losses": [
        181.47835345145984,
        181.47835345145984,
        181.47835345145984,
        181.47835345145984,
        181.47835345145984,
        181.47835345145984,
        181.47835345145984,
        181.47835345145984,
        181.47835345145984,
        181.47835345145984,
        181.47835345145984,
        181.47835345145984,
        181.47835345145984,
        181.47835345145984,
        181.47835345145984,
        181.47835345145984,
        181.47835345145984,
        181.47835345145984,
        181.47835345145984,
        181.47835345145984,
        181.47835345145984,
        181.47835345145984,
        181.47835345145984,
        181.47835345145984,
        181.47835345145984,
        181.47835345145984,
        181.47835345145984,
        181.47835345145984,
        181.47835345145984,
        181.47835345145984,
        181.47835345145984,
        181.47835345145984,
        181.47835345145984,
        181.47835345145984,
        181.47835345145984,
        181.47835345145984,
        181.47835345145984,
        181.47835345145984,
        181.47835345145984,
        181.47835345145984,
        181.47835345145984,
        181.47835345145984,
        181.47835345145984,
        181.47835345145984,
        181.47835345145984,
        181.47835345145984,
        181.47835345145984,
        181.47835345145984,
        181.47835345145984,
        181.47835345145984,
        181.47835345145984
    ],
    "valid_losses": [
        181.41603998037485,
        181.41603998037485,
        181.41603998037485,
        181.41603998037485,
        181.41603998037485,
        181.41603998037485,
        181.41603998037485,
        181.41603998037485,
        181.41603998037485,
        181.41603998037485,
        181.41603998037485,
        181.41603998037485,
        181.41603998037485,
        181.41603998037485,
        181.41603998037485,
        181.41603998037485,
        181.41603998037485,
        181.41603998037485,
        181.41603998037485,
        181.41603998037485,
        181.41603998037485,
        181.41603998037485,
        181.41603998037485,
        181.41603998037485,
        181.41603998037485,
        181.41603998037485,
        181.41603998037485,
        181.41603998037485,
        181.41603998037485,
        181.41603998037485,
        181.41603998037485,
        181.41603998037485,
        181.41603998037485,
        181.41603998037485,
        181.41603998037485,
        181.41603998037485,
        181.41603998037485,
        181.41603998037485,
        181.41603998037485,
        181.41603998037485,
        181.41603998037485,
        181.41603998037485,
        181.41603998037485,
        181.41603998037485,
        181.41603998037485,
        181.41603998037485,
        181.41603998037485,
        181.41603998037485,
        181.41603998037485,
        181.41603998037485,
        181.41603998037485
    ],
    "test_losses": [
        181.48047833564954,
        181.48047833564954,
        181.48047833564954,
        181.48047833564954,
        181.48047833564954,
        181.48047833564954,
        181.48047833564954,
        181.48047833564954,
        181.48047833564954,
        181.48047833564954,
        181.48047833564954,
        181.48047833564954,
        181.48047833564954,
        181.48047833564954,
        181.48047833564954,
        181.48047833564954,
        181.48047833564954,
        181.48047833564954,
        181.48047833564954,
        181.48047833564954,
        181.48047833564954,
        181.48047833564954,
        181.48047833564954,
        181.48047833564954,
        181.48047833564954,
        181.48047833564954,
        181.48047833564954,
        181.48047833564954,
        181.48047833564954,
        181.48047833564954,
        181.48047833564954,
        181.48047833564954,
        181.48047833564954,
        181.48047833564954,
        181.48047833564954,
        181.48047833564954,
        181.48047833564954,
        181.48047833564954,
        181.48047833564954,
        181.48047833564954,
        181.48047833564954,
        181.48047833564954,
        181.48047833564954,
        181.48047833564954,
        181.48047833564954,
        181.48047833564954,
        181.48047833564954,
        181.48047833564954,
        181.48047833564954,
        181.48047833564954,
        181.48047833564954
    ],