{
    "testproblem": "quadratic_deep",
    "batch_size": 128,
    "num_epochs": 100,
    "random_seed": 42,
    "weight_decay": null,
    "optimizer_name": "PowKernelMomentumOptimizerN",
    "optimizer_hyperparams": {
        "learning_rate": 0.005342937261279772,
        "power": 0.4
    },
    "training_params": {
        "lr_sched_epochs": null,
        "lr_sched_factors": null
    },
    "train_losses": [
        352.8963623046875,
        107.44927106584821,
        115.34217071533203,
        101.03357587541852,
        95.35574885777065,
        92.07626233782086,
        89.71160343715123,
        88.23583221435547,
        87.34258815220424,
        86.80133819580078,
        86.4513190133231,
        86.20984322684151,
        86.03519657679966,
        85.90518188476562,
        85.8104019165039,
        85.7396959577288,
        85.68847983224052,
        85.6517813546317,
        85.62545558384487,
        85.60751451764789,
        85.59661756243024,
        85.59169333321708,
        85.59254019601005,
        85.59719848632812,
        85.60533796037946,
        85.61573355538505,
        85.62721470424107,
        85.63997105189732,
        85.65342821393695,
        85.66742597307477,
        85.68304116385323,
        85.69879150390625,
        85.71474783761161,
        85.73080771309989,
        85.7469951084682,
        85.76288168770927,
        85.77777971540179,
        85.79216766357422,
        85.80717359270368,
        85.82254028320312,
        85.8376693725586,
        85.85205623081752,
        85.86647360665458,
        85.88073076520648,
        85.89456285749164,
        85.90801239013672,
        85.92078399658203,
        85.93288203648159,
        85.94519151960101,
        85.95802089146206,
        85.97058868408203,
        85.98287418910435,
        85.99442291259766,
        86.0055171421596,
        86.01643589564732,
        86.02777862548828,
        86.0389883858817,
        86.04949515206474,
        86.05968693324498,
        86.06968144008091,
        86.0799560546875,
        86.0901369367327,
        86.09973580496651,
        86.1090567452567,
        86.11837223597935,
        86.12772696358817,
        86.13685498918805,
        86.14568764822823,
        86.15406254359654,
        86.1633071899414,
        86.17226191929409,
        86.1801997593471,
        86.18765149797711,
        86.19592721121651,
        86.20401436941964,
        86.21267809186664,
        86.2208023071289,
        86.22818429129464,
        86.23544202532086,
        86.24291556222099,
        86.25051552908761,
        86.25840759277344,
        86.2663824898856,
        86.2734603881836,
        86.27990068708148,
        86.28624834333148,
        86.2934330531529,
        86.30055236816406,
        86.3081305367606,
        86.31571851457868,
        86.32201167515346,
        86.32786233084542,
        86.33379146030971,
        86.34046391078404,
        86.34708731515067,
        86.35418265206474,
        86.36116681780133,
        86.36685398646763,
        86.37212480817523,
        86.37801688058036,
        86.3843242100307
    ],
    "valid_losses": [
        353.812752859933,
        108.73720005580357,
        115.8354252406529,
        102.14079284667969,
        96.2831050327846,
        93.1044453212193,
        90.74601091657367,
        89.29941013881138,
        88.41755022321429,
        87.88758305140904,
        87.54564121791294,
        87.30995723179409,
        87.1378914969308,
        87.00882066999164,
        86.9155044555664,
        86.8456301007952,
        86.79451860700335,
        86.7578855242048,
        86.73160879952567,
        86.7138442993164,
        86.70330919538226,
        86.69873918805804,
        86.70023345947266,
        86.7050541469029,
        86.71360233851841,
        86.72444479806083,
        86.7360098702567,
        86.74881635393415,
        86.76215580531529,
        86.77608272007534,
        86.79232134137835,
        86.8079081944057,
        86.82415771484375,
        86.84093039376395,
        86.85758209228516,
        86.87342398507255,
        86.88810620989118,
        86.90231323242188,
        86.91674368722099,
        86.93258340018136,
        86.94824872698102,
        86.96269880022321,
        86.97767639160156,
        86.9920414515904,
        87.0056871686663,
        87.01875741141183,
        87.03179604666573,
        87.04371861049107,
        87.05597141810826,
        87.06926836286273,
        87.08198002406529,
        87.0944093976702,
        87.10601697649274,
        87.11715698242188,
        87.12791878836495,
        87.13928549630302,
        87.15074920654297,
        87.16134752546039,
        87.17161451067243,
        87.18148694719586,
        87.19183894566127,
        87.2022236415318,
        87.21183558872768,
        87.22115107945034,
        87.23049490792411,
        87.24002402169364,
        87.2492185320173,
        87.25797925676618,
        87.26585606166294,
        87.27574702671596,
        87.28513772147042,
        87.29310934884208,
        87.29976218087333,
        87.3080586024693,
        87.31585257393974,
        87.32536097935268,
        87.33409009660993,
        87.3415047781808,
        87.34840066092355,
        87.35536302839007,
        87.36265019008091,
        87.37088012695312,
        87.37976728166852,
        87.38716561453683,
        87.39353288922992,
        87.39898354666573,
        87.40595463344029,
        87.41290937151227,
        87.42119707380023,
        87.42959594726562,
        87.43607221330915,
        87.44161551339286,
        87.44672066824776,
        87.45321110316685,
        87.45975058419364,
        87.46755654471261,
        87.4753919328962,
        87.48115866524833,
        87.48570142473493,
        87.49112701416016,
        87.49724905831474
    ],