{
    "testproblem": "quadratic_deep",
    "batch_size": 128,
    "num_epochs": 100,
    "random_seed": 42,
    "weight_decay": null,
    "optimizer_name": "PowKernelMomentumOptimizerN",
    "optimizer_hyperparams": {
        "learning_rate": 0.0038071583792493907,
        "power": 0.7000000000000001
    },
    "training_params": {
        "lr_sched_epochs": null,
        "lr_sched_factors": null
    },
    "train_losses": [
        352.8963623046875,
        118.27981567382812,
        104.48582458496094,
        99.79452732631138,
        95.28567722865513,
        92.51864406040737,
        90.45395224434989,
        89.0197274344308,
        88.01697976248605,
        87.32181440080915,
        86.82581765311105,
        86.46060616629464,
        86.182615007673,
        85.96477944510323,
        85.79029519217355,
        85.64851597377232,
        85.53223201206752,
        85.43600681849888,
        85.35604531424386,
        85.28938402448382,
        85.23359135219029,
        85.18675994873047,
        85.14739554268974,
        85.11413901192802,
        85.08603014264789,
        85.0622089930943,
        85.04198673793248,
        85.02479117257255,
        85.01015799386161,
        84.99768829345703,
        84.98706490652901,
        84.97800009591239,
        84.97024972098214,
        84.96366773332868,
        84.9580328805106,
        84.95321982247489,
        84.94908469063895,
        84.94553048270089,
        84.94246891566685,
        84.93983350481305,
        84.93755449567523,
        84.93559156145368,
        84.93389129638672,
        84.93242536272321,
        84.93115997314453,
        84.93006352015904,
        84.9291251046317,
        84.92832292829242,
        84.92763083321708,
        84.92704227992466,
        84.92654636928013,
        84.92612566266742,
        84.92578016008649,
        84.92549460274833,
        84.9252679007394,
        84.92508915492466,
        84.92495727539062,
        84.92486354282924,
        84.924806867327,
        84.92478615897042,
        84.92479051862445,
        84.92481994628906,
        84.92487444196429,
        84.9249507359096,
        84.92504555838448,
        84.92515563964844,
        84.92528424944196,
        84.92543138776507,
        84.9255861554827,
        84.92575400216239,
        84.92593274797711,
        84.92612021309989,
        84.9263196672712,
        84.92652457101005,
        84.92674255371094,
        84.92696489606585,
        84.92719268798828,
        84.92743355887276,
        84.92767551967076,
        84.92792293003627,
        84.92817687988281,
        84.92843518938336,
        84.92869785853794,
        84.92896815708706,
        84.92923954554966,
        84.9295152936663,
        84.92979758126395,
        84.93008095877511,
        84.93036869594029,
        84.93065534319196,
        84.93095070975167,
        84.93124716622489,
        84.93154580252511,
        84.93184661865234,
        84.93214961460659,
        84.93245370047433,
        84.9327621459961,
        84.93307059151786,
        84.93338121686664,
        84.93369620186942,
        84.93401118687221
    ],
    "valid_losses": [
        353.812752859933,
        119.30227770124164,
        105.1531001499721,
        100.8483418055943,
        96.17034476143974,
        93.51208932059151,
        91.43399919782367,
        90.0226560320173,
        89.03304399762835,
        88.3475581577846,
        87.85977063860211,
        87.50047847202846,
        87.22659737723214,
        87.01196616036552,
        86.8397696358817,
        86.69953918457031,
        86.58446829659599,
        86.48905290876117,
        86.40973663330078,
        86.34364972795758,
        86.28832026890346,
        86.2418681553432,
        86.20279475620815,
        86.16974748883929,
        86.14180101667132,
        86.11810084751674,
        86.09796142578125,
        86.08082580566406,
        86.06622096470424,
        86.05376870291573,
        86.04315621512276,
        86.0340826851981,
        86.02630506243024,
        86.01974378313336,
        86.01412963867188,
        86.00934382847377,
        86.00522286551339,
        86.00168282645089,
        85.99862888881138,
        85.99599238804409,
        85.99371882847377,
        85.9917482648577,
        85.99005017961774,
        85.98858206612724,
        85.98731231689453,
        85.98621586390904,
        85.98527417864118,
        85.98446219308036,
        85.98377118791852,
        85.9831771850586,
        85.98266928536552,
        85.98224094935826,
        85.98188890729632,
        85.98160552978516,
        85.98137555803571,
        85.98119790213448,
        85.98107038225446,
        85.98098427908761,
        85.9809341430664,
        85.98091888427734,
        85.98092978341239,
        85.98097011021206,
        85.98103550502232,
        85.98112051827567,
        85.98122841971261,
        85.98135375976562,
        85.9814943586077,
        85.98165130615234,
        85.98181806291852,
        85.98200007847377,
        85.98219190325055,
        85.98239462716239,
        85.98260934012276,
        85.98283277239118,
        85.98306165422711,
        85.98329707554409,
        85.98354012625558,
        85.98379625592914,
        85.98404911586216,
        85.98431505475726,
        85.98457990373883,
        85.98485238211495,
        85.9851313999721,
        85.98541477748326,
        85.98569706508091,
        85.9859869820731,
        85.9862790788923,
        85.98657880510602,
        85.98687417166573,
        85.98717716761998,
        85.98748343331474,
        85.98779296875,
        85.98810359409877,
        85.98841312953404,
        85.98872702462333,
        85.98904527936664,
        85.98936244419643,
        85.98968505859375,
        85.99000549316406,
        85.99032919747489,
        85.99065726143974
    ],