{
    "testproblem": "quadratic_deep",
    "batch_size": 128,
    "num_epochs": 100,
    "random_seed": 42,
    "weight_decay": null,
    "optimizer_name": "PowKernelMomentumOptimizerN",
    "optimizer_hyperparams": {
        "learning_rate": 0.006870614282613297,
        "power": 0.8
    },
    "training_params": {
        "lr_sched_epochs": null,
        "lr_sched_factors": null
    },
    "train_losses": [
        352.8963623046875,
        123.8906500680106,
        98.45681980678013,
        92.52122061593192,
        89.34970201764789,
        87.62371172223773,
        86.70792824881417,
        86.1872787475586,
        85.8504148210798,
        85.61431993756976,
        85.44583456856864,
        85.32610103062221,
        85.24126652308873,
        85.18061937604632,
        85.13641575404576,
        85.10359518868583,
        85.07884652273995,
        85.05995614188058,
        85.04539380754743,
        85.03400639125279,
        85.0250265938895,
        85.01787894112724,
        85.01214163643974,
        85.00749969482422,
        85.00372859409877,
        85.00065067836216,
        84.99813079833984,
        84.99606432233539,
        84.99436841692243,
        84.99297877720424,
        84.9918441772461,
        84.99092538016183,
        84.9901864188058,
        84.98960222516742,
        84.98914882114956,
        84.98881094796317,
        84.9885744367327,
        84.98842511858258,
        84.98835863385882,
        84.9883542742048,
        84.98841421944755,
        84.988527570452,
        84.98868015834263,
        84.98887634277344,
        84.98910958426339,
        84.98937334333148,
        84.98966870989118,
        84.98998478480748,
        84.99031938825335,
        84.99067796979632,
        84.99105072021484,
        84.99143654959542,
        84.99183436802456,
        84.99224526541573,
        84.99266161237445,
        84.9930921282087,
        84.99352700369698,
        84.9939684186663,
        84.99441201346261,
        84.99486323765346,
        84.99531555175781,
        84.99576786586216,
        84.99622671944755,
        84.99668775285993,
        84.99714878627232,
        84.9976054600307,
        84.99806540352958,
        84.99852207728794,
        84.99898311070034,
        84.99944305419922,
        84.99989972795758,
        85.00035531180245,
        85.0008054460798,
        85.00125776018415,
        85.001706804548,
        85.00215257917132,
        85.00259399414062,
        85.00303431919643,
        85.00347137451172,
        85.00390516008649,
        85.00433567592076,
        85.00476401192802,
        85.00518798828125,
        85.00560978480748,
        85.00602395193917,
        85.00644029889789,
        85.00685010637555,
        85.00725555419922,
        85.00766100202289,
        85.00805991036552,
        85.00845227922711,
        85.00884573800224,
        85.0092304774693,
        85.00961739676339,
        85.00999341692243,
        85.01036834716797,
        85.01074109758649,
        85.01110948835101,
        85.011474609375,
        85.01183319091797,
        85.01218523297992
    ],
    "valid_losses": [
        353.812752859933,
        124.6304190499442,
        99.59258815220424,
        93.56734575544085,
        90.44684055873326,
        88.74353790283203,
        87.84215763636998,
        87.3318099975586,
        87.00088936941964,
        86.76791599818638,
        86.6007821219308,
        86.48129708426339,
        86.39617592947823,
        86.33503723144531,
        86.29028429303851,
        86.25694601876395,
        86.23172106061664,
        86.21241106305804,
        86.19746725899833,
        86.18573869977679,
        86.17644936697823,
        86.16903032575335,
        86.16305106026786,
        86.15820639474052,
        86.1542478288923,
        86.15101405552456,
        86.14835902622768,
        86.14617047991071,
        86.14437539236886,
        86.14289311000279,
        86.1416756766183,
        86.14068385532924,
        86.13988167898995,
        86.13924189976284,
        86.13873617989677,
        86.13834817068917,
        86.13806806291852,
        86.13787950788226,
        86.1377683367048,
        86.13773454938617,
        86.13775961739677,
        86.13783918108258,
        86.13796670096261,
        86.13813781738281,
        86.13834490094867,
        86.13858795166016,
        86.13886043003627,
        86.13915361676898,
        86.13947187151227,
        86.13981083461216,
        86.1401606968471,
        86.14053126743862,
        86.1409170968192,
        86.1413105555943,
        86.14171818324498,
        86.14213017054966,
        86.14255196707589,
        86.14297921316964,
        86.14341081891742,
        86.1438478742327,
        86.14428819928851,
        86.14473288399833,
        86.14518192836216,
        86.1456277029855,
        86.14607783726284,
        86.14652797154018,
        86.14697701590401,
        86.14742388044085,
        86.14787837437221,
        86.14832305908203,
        86.14877101353237,
        86.1492167881557,
        86.149660382952,
        86.15010179792132,
        86.15054212297711,
        86.15098026820591,
        86.1514162336077,
        86.15184565952846,
        86.15227835518974,
        86.15270342145648,
        86.15313066755023,
        86.15354701450893,
        86.15396663120815,
        86.15437643868583,
        86.15478951590401,
        86.15519605364118,
        86.15560041155133,
        86.15599822998047,
        86.15639277866909,
        86.1567884172712,
        86.15717315673828,
        86.15756116594586,
        86.15794154575893,
        86.15831865583148,
        86.15869249616351,
        86.15906306675502,
        86.15942709786552,
        86.15978676932198,
        86.16014753069196,
        86.16050611223493,
        86.16085161481585
    ],