{
    "testproblem": "quadratic_deep",
    "batch_size": 128,
    "num_epochs": 100,
    "random_seed": 42,
    "weight_decay": null,
    "optimizer_name": "PowKernelGradientDescentOptimizer",
    "optimizer_hyperparams": {
        "learning_rate": 0.0002303699023037864,
        "power": 0.9
    },
    "training_params": {
        "lr_sched_epochs": null,
        "lr_sched_factors": null
    },
    "train_losses": [
        352.8963535853795,
        327.0128827776228,
        303.7545950753348,
        282.8636213030134,
        264.1064671107701,
        247.2718287876674,
        232.16859872000558,
        218.6239253452846,
        206.4816414969308,
        195.60064261300224,
        185.853511265346,
        177.12525068010603,
        169.31217084612166,
        162.32078334263392,
        156.06679207938058,
        150.47428022112166,
        145.4748753138951,
        141.00704956054688,
        137.01546587262834,
        133.45030539376395,
        130.26680755615234,
        127.42479269845145,
        124.88815307617188,
        122.62450190952846,
        120.60476466587612,
        118.80288805280414,
        117.19550214494977,
        115.7616718837193,
        114.48266056605748,
        113.3416998726981,
        112.32376861572266,
        111.41544669015067,
        110.60473959786552,
        109.88092803955078,
        109.2344251360212,
        108.65666089739118,
        108.1400168282645,
        107.67770494733539,
        107.26366315569196,
        106.89248221261161,
        106.55936976841518,
        106.2600326538086,
        105.99064200265067,
        105.74776022774833,
        105.52837262834821,
        105.32974461146763,
        105.14949907575335,
        104.98552594866071,
        104.8359375,
        104.6990966796875,
        104.57353210449219,
        104.45793914794922,
        104.35118103027344,
        104.25222996303013,
        104.16017804827008,
        104.07425689697266,
        103.99374825613839,
        103.91803087506976,
        103.84655216761998,
        103.77883911132812,
        103.71447426932198,
        103.65307508196149,
        103.59430040631976,
        103.53786032540458,
        103.48349325997489,
        103.43097250802177,
        103.38008662632534,
        103.33066776820591,
        103.28255026681083,
        103.23559897286552,
        103.18968854631696,
        103.14471435546875,
        103.10057503836495,
        103.05718449183873,
        103.01447078159877,
        102.9723630632673,
        102.9308112008231,
        102.88975197928292,
        102.84914289202008,
        102.80894906180245,
        102.76912798200335,
        102.72965349469867,
        102.69048854282924,
        102.65162222726005,
        102.61301531110492,
        102.57466234479632,
        102.53653499058315,
        102.49862670898438,
        102.46091788155692,
        102.42339542933873,
        102.38604627336774,
        102.34886496407645,
        102.3118427821568,
        102.27496664864677,
        102.23823002406529,
        102.2016350882394,
        102.16516767229352,
        102.12882014683315,
        102.09260014125279,
        102.05649239676339,
        102.02049691336495
    ],
    "valid_losses": [
        353.81274850027904,
        327.94322422572543,
        304.69712611607144,
        283.8167070661272,
        265.06860787527904,
        248.2416708809989,
        233.14483860560827,
        219.60541207449776,
        207.46728733607702,
        196.58943394252233,
        186.84454781668526,
        178.1177237374442,
        170.30535888671875,
        163.31400844029017,
        157.0594722202846,
        151.46587916782923,
        146.46491132463728,
        141.9950953892299,
        138.0011465890067,
        134.43328639439173,
        131.2468316214425,
        128.40162113734655,
        125.86159079415458,
        123.5944072178432,
        121.57101658412388,
        119.7654048374721,
        118.1542216709682,
        116.71655382428851,
        115.4336907523019,
        114.2888902936663,
        113.26712472098214,
        112.3550033569336,
        111.54055350167411,
        110.81305694580078,
        110.16293334960938,
        109.58163125174386,
        109.06152997698102,
        108.5958491734096,
        108.17854309082031,
        107.80419921875,
        107.46802629743304,
        107.16574423653739,
        106.89351436070034,
        106.64790453229632,
        106.42588697160993,
        106.22474452427456,
        106.04207393101284,
        105.8757792881557,
        105.7239761352539,
        105.58501434326172,
        105.45742361886161,
        105.33990805489677,
        105.23131670270648,
        105.13063267299107,
        105.03694261823382,
        104.94946398053851,
        104.8674795968192,
        104.79037475585938,
        104.71758488246373,
        104.64863804408482,
        104.58310917445591,
        104.52062334333148,
        104.46082741873605,
        104.40343584333148,
        104.34817831856864,
        104.29481942313058,
        104.24315752301898,
        104.19300951276507,
        104.14422062465123,
        104.09664699009487,
        104.05015999930245,
        104.00464194161552,
        103.9600088936942,
        103.91616712297711,
        103.87303488595145,
        103.8305435180664,
        103.78863307407924,
        103.74725123814174,
        103.7063489641462,
        103.6658935546875,
        103.6258294241769,
        103.58613913399833,
        103.54678562709263,
        103.50774383544922,
        103.46898978097099,
        103.43050493512835,
        103.39227185930524,
        103.35426657540458,
        103.31648799351284,
        103.27889687674386,
        103.2415052141462,
        103.20429120744977,
        103.16724395751953,
        103.13035801478794,
        103.09362139020648,
        103.05703299386161,
        103.0205830165318,
        102.98426491873605,
        102.94808197021484,
        102.91201782226562,
        102.87607138497489
    ],