{
    "testproblem": "quadratic_deep",
    "batch_size": 128,
    "num_epochs": 100,
    "random_seed": 42,
    "weight_decay": null,
    "optimizer_name": "PowKernelMomentumOptimizerN",
    "optimizer_hyperparams": {
        "learning_rate": 0.014817820606039075,
        "power": 0.4
    },
    "training_params": {
        "lr_sched_epochs": null,
        "lr_sched_factors": null
    },
    "train_losses": [
        352.8963623046875,
        124.6556374686105,
        96.9793210710798,
        90.85530090332031,
        88.24615914481026,
        87.55211748395648,
        87.25773293631417,
        87.07049015590123,
        87.01132202148438,
        87.03402382986886,
        87.08779580252511,
        87.15825544084821,
        87.23185294015067,
        87.2997327532087,
        87.3751722063337,
        87.45085144042969,
        87.52911158970424,
        87.59725625174386,
        87.66829136439732,
        87.74128723144531,
        87.80015563964844,
        87.8652845110212,
        87.93783242361886,
        87.99573734828404,
        88.06018938337054,
        88.11883108956474,
        88.17430114746094,
        88.23577989850726,
        88.29045104980469,
        88.34626988002232,
        88.40033612932477,
        88.44901384626117,
        88.50097220284599,
        88.55262647356305,
        88.60450526646206,
        88.64866420200893,
        88.69214303152901,
        88.74322182791573,
        88.79090663364956,
        88.83367265973773,
        88.87349809919085,
        88.91684068952289,
        88.95836312430245,
        89.00209154401507,
        89.04027884347099,
        89.07433101109096,
        89.10929325648716,
        89.15233394077846,
        89.19274357386998,
        89.22246660505023,
        89.2526136125837,
        89.29076494489398,
        89.32964215959821,
        89.36066000802177,
        89.38873835972377,
        89.42432512555804,
        89.45652988978794,
        89.48745836530414,
        89.51588548932757,
        89.54329245431083,
        89.57029942103794,
        89.59999738420758,
        89.62743050711495,
        89.65304129464286,
        89.67827497209821,
        89.70401545933315,
        89.72968401227679,
        89.75435311453683,
        89.77819715227399,
        89.80174255371094,
        89.82518768310547,
        89.84829820905414,
        89.87080819266183,
        89.89278629847935,
        89.91440691266742,
        89.93574523925781,
        89.95672934395927,
        89.97728838239398,
        89.99743979317802,
        90.01724570138114,
        90.03673989432198,
        90.05591692243304,
        90.07475171770368,
        90.09324863978794,
        90.11143166678292,
        90.1293225969587,
        90.14692143031529,
        90.16423034667969,
        90.18125261579242,
        90.19799259730748,
        90.21447208949498,
        90.23069109235492,
        90.24665178571429,
        90.26236397879464,
        90.27783203125,
        90.29305921282086,
        90.3080586024693,
        90.32283238002232,
        90.33738054547992,
        90.35171726771763,
        90.3658447265625
    ],
    "valid_losses": [
        353.812752859933,
        125.33190808977399,
        98.21652657645089,
        92.12629154750279,
        89.54987008231026,
        88.8892582484654,
        88.60747964041573,
        88.42207554408482,
        88.35181753976005,
        88.37138257707868,
        88.42456163678851,
        88.49419621058873,
        88.56914302280971,
        88.63677324567523,
        88.71160779680524,
        88.78409685407367,
        88.86155373709542,
        88.92989022391183,
        89.00306156703404,
        89.07554953438895,
        89.1323492867606,
        89.19932011195591,
        89.27161625453404,
        89.32936205182757,
        89.39427403041294,
        89.45350755964007,
        89.50862557547433,
        89.57046072823661,
        89.6255133492606,
        89.68177468436105,
        89.736572265625,
        89.78460475376674,
        89.83560507638114,
        89.88839394705636,
        89.9423108782087,
        89.98599461146763,
        90.02816009521484,
        90.07960401262555,
        90.12866755894252,
        90.17246573311942,
        90.21166665213448,
        90.25391387939453,
        90.29517473493304,
        90.34146881103516,
        90.37948063441685,
        90.41265324183873,
        90.44602857317243,
        90.49128178187779,
        90.53317042759487,
        90.56195613316127,
        90.59086281912667,
        90.62937927246094,
        90.66930171421596,
        90.7012438092913,
        90.72871507917132,
        90.76418958391461,
        90.79566519601005,
        90.82751355852399,
        90.8561761038644,
        90.88331277029855,
        90.90967232840401,
        90.94021715436664,
        90.96784210205078,
        90.99329703194755,
        91.0183835710798,
        91.04422106061664,
        91.07011958530971,
        91.09488351004464,
        91.11871119907924,
        91.14224352155414,
        91.16575513567243,
        91.18896484375,
        91.21154022216797,
        91.23353140694755,
        91.2551770891462,
        91.27655465262276,
        91.29759434291294,
        91.31820133754185,
        91.33838326590401,
        91.35821860177177,
        91.37774767194476,
        91.39696175711495,
        91.41582815987724,
        91.43435341971261,
        91.45256587437221,
        91.47048078264508,
        91.4881101335798,
        91.50544956752232,
        91.52249363490513,
        91.53926086425781,
        91.5557621547154,
        91.57200077601841,
        91.58798544747489,
        91.60371834891183,
        91.61920928955078,
        91.63445826939174,
        91.64947618756976,
        91.66426849365234,
        91.67883954729352,
        91.69319370814732,
        91.70733315604073
    ],