{
    "testproblem": "fmnist_vae",
    "batch_size": 64,
    "num_epochs": 100,
    "random_seed": 42,
    "weight_decay": null,
    "optimizer_name": "PowKernelGradientDescentOptimizer",
    "optimizer_hyperparams": {
        "learning_rate": 0.005342937261279772,
        "power": 0.4
    },
    "training_params": {
        "lr_sched_epochs": null,
        "lr_sched_factors": null
    },
    "train_losses": [
        133.04190743275177,
        32.78283492112771,
        133.04190743275177,
        133.04190743275177,
        133.04190743275177,
        133.04190743275177,
        133.04190743275177,
        133.04190743275177,
        133.04190743275177,
        133.04190743275177,
        133.04190743275177,
        133.04190743275177,
        133.04190743275177,
        133.04190743275177,
        133.04190743275177,
        133.04190743275177,
        133.04190743275177,
        133.04190743275177,
        133.04190743275177,
        133.04190743275177,
        133.04190743275177,
        133.04190743275177,
        133.04190743275177,
        133.04190743275177,
        133.04190743275177,
        133.04190743275177,
        133.04190743275177,
        133.04190743275177,
        133.04190743275177,
        133.04190743275177,
        133.04190743275177,
        133.04190743275177,
        133.04190743275177,
        133.04190743275177,
        133.04190743275177,
        133.04190743275177,
        133.04190743275177,
        133.04190743275177,
        133.04190743275177,
        133.04190743275177,
        133.04190743275177,
        133.04190743275177,
        133.04190743275177,
        133.04190743275177,
        133.04190743275177,
        133.04190743275177,
        133.04190743275177,
        133.04190743275177,
        133.04190743275177,
        133.04190743275177,
        133.04190743275177,
        133.04190743275177,
        133.04190743275177,
        133.04190743275177,
        133.04190743275177,
        133.04190743275177,
        133.04190743275177,
        133.04190743275177,
        133.04190743275177,
        133.04190743275177,
        133.04190743275177,
        133.04190743275177,
        133.04190743275177,
        133.04190743275177,
        133.04190743275177,
        133.04190743275177,
        133.04190743275177,
        133.04190743275177,
        133.04190743275177,
        133.04190743275177,
        133.04190743275177,
        133.04190743275177,
        133.04190743275177,
        133.04190743275177,
        133.04190743275177,
        133.04190743275177,
        133.04190743275177,
        133.04190743275177,
        133.04190743275177,
        133.04190743275177,
        133.04190743275177,
        133.04190743275177,
        133.04190743275177,
        133.04190743275177,
        133.04190743275177,
        133.04190743275177,
        133.04190743275177,
        133.04190743275177,
        133.04190743275177,
        133.04190743275177,
        133.04190743275177,
        133.04190743275177,
        133.04190743275177,
        133.04190743275177,
        133.04190743275177,
        133.04190743275177,
        133.04190743275177,
        133.04190743275177,
        133.04190743275177,
        133.04190743275177,
        133.04190743275177
    ],
    "valid_losses": [
        134.00498556479428,
        32.89595616169465,
        134.00498556479428,
        134.00498556479428,
        134.00498556479428,
        134.00498556479428,
        134.00498556479428,
        134.00498556479428,
        134.00498556479428,
        134.00498556479428,
        134.00498556479428,
        134.00498556479428,
        134.00498556479428,
        134.00498556479428,
        134.00498556479428,
        134.00498556479428,
        134.00498556479428,
        134.00498556479428,
        134.00498556479428,
        134.00498556479428,
        134.00498556479428,
        134.00498556479428,
        134.00498556479428,
        134.00498556479428,
        134.00498556479428,
        134.00498556479428,
        134.00498556479428,
        134.00498556479428,
        134.00498556479428,
        134.00498556479428,
        134.00498556479428,
        134.00498556479428,
        134.00498556479428,
        134.00498556479428,
        134.00498556479428,
        134.00498556479428,
        134.00498556479428,
        134.00498556479428,
        134.00498556479428,
        134.00498556479428,
        134.00498556479428,
        134.00498556479428,
        134.00498556479428,
        134.00498556479428,
        134.00498556479428,
        134.00498556479428,
        134.00498556479428,
        134.00498556479428,
        134.00498556479428,
        134.00498556479428,
        134.00498556479428,
        134.00498556479428,
        134.00498556479428,
        134.00498556479428,
        134.00498556479428,
        134.00498556479428,
        134.00498556479428,
        134.00498556479428,
        134.00498556479428,
        134.00498556479428,
        134.00498556479428,
        134.00498556479428,
        134.00498556479428,
        134.00498556479428,
        134.00498556479428,
        134.00498556479428,
        134.00498556479428,
        134.00498556479428,
        134.00498556479428,
        134.00498556479428,
        134.00498556479428,
        134.00498556479428,
        134.00498556479428,
        134.00498556479428,
        134.00498556479428,
        134.00498556479428,
        134.00498556479428,
        134.00498556479428,
        134.00498556479428,
        134.00498556479428,
        134.00498556479428,
        134.00498556479428,
        134.00498556479428,
        134.00498556479428,
        134.00498556479428,
        134.00498556479428,
        134.00498556479428,
        134.00498556479428,
        134.00498556479428,
        134.00498556479428,
        134.00498556479428,
        134.00498556479428,
        134.00498556479428,
        134.00498556479428,
        134.00498556479428,
        134.00498556479428,
        134.00498556479428,
        134.00498556479428,
        134.00498556479428,
        134.00498556479428,
        134.00498556479428
    ],