{
    "testproblem": "quadratic_deep",
    "batch_size": 128,
    "num_epochs": 100,
    "random_seed": 42,
    "weight_decay": null,
    "optimizer_name": "PowKernelMomentumOptimizer",
    "optimizer_hyperparams": {
        "learning_rate": 0.0234238498471129,
        "power": 0.6000000000000001
    },
    "training_params": {
        "lr_sched_epochs": null,
        "lr_sched_factors": null
    },
    "train_losses": [
        352.8963535853795,
        113.75119236537388,
        124.71182468959263,
        101.87992095947266,
        91.69515446254185,
        91.3929443359375,
        92.34334891183036,
        91.95237295968192,
        91.4435784476144,
        90.9486825125558,
        90.54827335902623,
        90.12116459437779,
        89.71058000837054,
        89.42523847307477,
        89.31314631870815,
        89.36935751778739,
        89.52340371268136,
        89.76468440464565,
        90.0065416608538,
        90.22233145577567,
        90.39818355015346,
        90.50980050223214,
        90.5759996686663,
        90.61458369663784,
        90.64017050606864,
        90.67003304617745,
        90.70222909109933,
        90.74777112688336,
        90.80499049595424,
        90.8683340890067,
        90.92474474225726,
        90.97528948102679,
        91.02000536237445,
        91.06791469029018,
        91.11389487130302,
        91.15604945591518,
        91.21189226422992,
        91.28033447265625,
        91.34568895612445,
        91.40059552873883,
        91.4421136038644,
        91.47674887520927,
        91.50957924979073,
        91.54024505615234,
        91.57764543805804,
        91.62681143624442,
        91.68414088657924,
        91.74118150983539,
        91.79484558105469,
        91.8349860055106,
        91.86632864815849,
        91.89477430071149,
        91.92028917585101,
        91.94916098458427,
        91.98490796770368,
        92.02540697370257,
        92.06774030412946,
        92.10625348772321,
        92.1312735421317,
        92.14876447405133,
        92.1657485961914,
        92.18377467564174,
        92.20910753522601,
        92.24338967459542,
        92.28260040283203,
        92.32254246303013,
        92.35347638811383,
        92.37646811349052,
        92.39488329206195,
        92.41361236572266,
        92.43555341448102,
        92.45878383091518,
        92.48665836879185,
        92.51794106619698,
        92.54536982945034,
        92.56720297677177,
        92.58438982282367,
        92.59910474504743,
        92.61522674560547,
        92.63361467633929,
        92.65443420410156,
        92.67763846261161,
        92.70042310442243,
        92.72055380684989,
        92.7377450125558,
        92.753176007952,
        92.7685067313058,
        92.78491755894252,
        92.80283464704242,
        92.8219244820731,
        92.84109388078961,
        92.859128679548,
        92.87552315848214,
        92.8905781337193,
        92.90505654471261,
        92.91967664446149,
        92.93485260009766,
        92.95052664620536,
        92.9662595476423,
        92.98151397705078,
        92.9959716796875
    ],
    "valid_losses": [
        353.81274850027904,
        113.97534070696149,
        125.11461639404297,
        103.21966661725726,
        93.3630610874721,
        93.0281753540039,
        93.88257816859654,
        93.43970053536552,
        92.86040496826172,
        92.24383653913226,
        91.72842516217914,
        91.23770468575614,
        90.79570661272321,
        90.49308231898716,
        90.36582837785993,
        90.41707502092633,
        90.5683343069894,
        90.81431470598493,
        91.06948416573661,
        91.30338723318917,
        91.48391832624164,
        91.59572492327008,
        91.66788809640067,
        91.71591077532086,
        91.74738529750279,
        91.78032466343471,
        91.81133597237724,
        91.856443132673,
        91.91226523263114,
        91.9710933140346,
        92.02080862862724,
        92.06533486502511,
        92.10913957868304,
        92.16146741594586,
        92.21124049595424,
        92.25475747244698,
        92.31163024902344,
        92.38195473807198,
        92.44865417480469,
        92.50280325753349,
        92.54148319789341,
        92.57417406354632,
        92.6072017124721,
        92.63899884905133,
        92.67692129952567,
        92.7259020124163,
        92.78300476074219,
        92.839601789202,
        92.89239937918526,
        92.93206460135323,
        92.96357182094029,
        92.99281420026507,
        93.01944950648716,
        93.04937090192523,
        93.08577728271484,
        93.12652805873326,
        93.16822378976005,
        93.20525251116071,
        93.22893851143974,
        93.24600110735211,
        93.26364026750836,
        93.2828129359654,
        93.30890001569476,
        93.3434306553432,
        93.38230569022042,
        93.42138998849052,
        93.45165579659599,
        93.47449820382255,
        93.49327087402344,
        93.5125231061663,
        93.53494480678013,
        93.5586177280971,
        93.58655439104352,
        93.61749594552177,
        93.64451926095145,
        93.66610172816685,
        93.68331582205636,
        93.69827052525112,
        93.71466064453125,
        93.73336574009487,
        93.75433894566127,
        93.77740805489677,
        93.79988752092633,
        93.81975773402623,
        93.83687155587333,
        93.85240500313895,
        93.86792101178851,
        93.88448987688336,
        93.90246037074498,
        93.92149788992745,
        93.94055611746651,
        93.95851353236607,
        93.97491891043526,
        93.99007415771484,
        94.00469534737724,
        94.0194320678711,
        94.03465379987445,
        94.05031258719308,
        94.06598772321429,
        94.08119637625558,
        94.09564535958427
    ],