{
    "testproblem": "quadratic_deep",
    "batch_size": 128,
    "num_epochs": 100,
    "random_seed": 42,
    "weight_decay": null,
    "optimizer_name": "PowKernelMomentumOptimizerN",
    "optimizer_hyperparams": {
        "learning_rate": 0.01256315277393866,
        "power": 0.5
    },
    "training_params": {
        "lr_sched_epochs": null,
        "lr_sched_factors": null
    },
    "train_losses": [
        352.8963623046875,
        127.02377646309989,
        97.08485739571708,
        91.01130785260882,
        88.15213121686664,
        87.16876547677177,
        86.73669978550502,
        86.45428139822823,
        86.29226902553013,
        86.22702898297992,
        86.21132223946708,
        86.21610260009766,
        86.23454175676618,
        86.25096893310547,
        86.27228110177177,
        86.29700034005302,
        86.32323237827846,
        86.35038539341518,
        86.379392351423,
        86.40648651123047,
        86.43238394601005,
        86.458005632673,
        86.48356083461216,
        86.50833565848214,
        86.53249141148159,
        86.55592237200055,
        86.57875605991909,
        86.6011472429548,
        86.62311008998326,
        86.64459555489677,
        86.66559055873326,
        86.6861343383789,
        86.706296648298,
        86.72598266601562,
        86.74535260881696,
        86.76434326171875,
        86.78291756766183,
        86.80120522635323,
        86.81910269601005,
        86.83664921351841,
        86.85386330740792,
        86.87075369698661,
        86.88733346121651,
        86.90359170096261,
        86.91953495570591,
        86.93517739432198,
        86.95052555629185,
        86.96558271135602,
        86.98034232003349,
        86.99485778808594,
        87.00901685442243,
        87.02300916399274,
        87.03665161132812,
        87.05009351457868,
        87.06326729910714,
        87.07617078508649,
        87.08884974888393,
        87.10129220145089,
        87.1135014125279,
        87.12548174176898,
        87.13724299839565,
        87.14878954206195,
        87.16012573242188,
        87.17125047956195,
        87.18217250279018,
        87.19289834158761,
        87.20342690604073,
        87.21377127511161,
        87.22392926897321,
        87.23390633719308,
        87.24370792933873,
        87.25332968575614,
        87.26279122488839,
        87.27207946777344,
        87.28121294294085,
        87.29018184116909,
        87.29899488176618,
        87.30766187395368,
        87.31617518833706,
        87.32454572405133,
        87.33277239118304,
        87.34086281912667,
        87.34882136753627,
        87.3566404070173,
        87.3643308367048,
        87.37189592633929,
        87.37933785574776,
        87.38665444510323,
        87.39385550362724,
        87.40093994140625,
        87.4079099382673,
        87.41476876395089,
        87.42152404785156,
        87.42816707066127,
        87.43470655168805,
        87.44114358084542,
        87.44748251778739,
        87.45372554234096,
        87.45986829485211,
        87.46592276436942,
        87.47188132149833
    ],
    "valid_losses": [
        353.812752859933,
        127.68762751988002,
        98.3087136404855,
        92.25089481898716,
        89.41798727852958,
        88.46327645438058,
        88.04528917585101,
        87.76432582310268,
        87.60066223144531,
        87.53252301897321,
        87.5157710484096,
        87.52012089320591,
        87.53982979910714,
        87.55497305733817,
        87.57555062430245,
        87.60016632080078,
        87.62639508928571,
        87.6536113194057,
        87.68287985665458,
        87.71036965506417,
        87.73654174804688,
        87.7625710623605,
        87.78851427350726,
        87.81363677978516,
        87.83809552873883,
        87.86185564313617,
        87.8850326538086,
        87.90774972098214,
        87.93001665387835,
        87.95177023751395,
        87.97303118024554,
        87.99384198869977,
        88.01429312569755,
        88.03417423793248,
        88.05381338936942,
        88.07303946358817,
        88.09178597586495,
        88.11032431466239,
        88.12840815952846,
        88.14612688337054,
        88.1635262625558,
        88.18059757777623,
        88.1973386492048,
        88.21375601632255,
        88.22984967912946,
        88.24563598632812,
        88.26112583705357,
        88.27631269182477,
        88.2912128993443,
        88.30581992013114,
        88.32013593401227,
        88.3342045375279,
        88.34797668457031,
        88.36151668003627,
        88.3747798374721,
        88.38777923583984,
        88.40054975237165,
        88.41307939801898,
        88.4253670828683,
        88.4374247959682,
        88.44926125662667,
        88.46087646484375,
        88.47228131975446,
        88.4834736415318,
        88.49446214948382,
        88.50524793352399,
        88.51583644321987,
        88.52623857770648,
        88.5364488874163,
        88.54648045131138,
        88.5563245500837,
        88.56600189208984,
        88.57550593784877,
        88.58484213692802,
        88.59400939941406,
        88.603025163923,
        88.61187853131976,
        88.62058367047992,
        88.62913622174945,
        88.63754163469586,
        88.64580317905971,
        88.65392957414899,
        88.66191755022321,
        88.66977037702289,
        88.677492414202,
        88.68508802141461,
        88.69255828857422,
        88.6999032156808,
        88.70713370186942,
        88.71423993791852,
        88.72123718261719,
        88.72812216622489,
        88.73489706856864,
        88.74156515938895,
        88.74812752859933,
        88.7545896257673,
        88.76095145089286,
        88.7672140938895,
        88.77337646484375,
        88.77945055280414,
        88.78543090820312
    ],