{
    "testproblem": "quadratic_deep",
    "batch_size": 128,
    "num_epochs": 100,
    "random_seed": 42,
    "weight_decay": null,
    "optimizer_name": "PowKernelMomentumOptimizer",
    "optimizer_hyperparams": {
        "learning_rate": 0.00012087541473056955,
        "power": 0.5
    },
    "training_params": {
        "lr_sched_epochs": null,
        "lr_sched_factors": null
    },
    "train_losses": [
        352.8963535853795,
        339.0431692940848,
        312.07226126534596,
        281.4608939034598,
        251.70886884416853,
        224.71912711007255,
        201.13339015415735,
        181.0071302141462,
        164.13598850795202,
        150.2099391392299,
        138.88475254603796,
        129.81746237618583,
        122.68226187569755,
        117.17608097621373,
        113.0208740234375,
        109.96331133161273,
        107.7787115914481,
        106.26970672607422,
        105.262693132673,
        104.60351453508649,
        104.16441236223493,
        103.85109383719308,
        103.60124751499721,
        103.38055746895927,
        103.17230660574776,
        102.969968523298,
        102.7709721156529,
        102.57440730503627,
        102.38011714390346,
        102.18802315848214,
        101.9980708530971,
        101.81024605887276,
        101.62454332624164,
        101.4409659249442,
        101.2594985961914,
        101.08008793422154,
        100.9027121407645,
        100.72735377720424,
        100.55399540492466,
        100.38263375418526,
        100.21325247628349,
        100.04585484095982,
        99.88044193812779,
        99.71698543003627,
        99.55543300083706,
        99.39576285226005,
        99.2379401070731,
        99.08192552839007,
        98.92769295828683,
        98.77522386823382,
        98.6244888305664,
        98.47547367640904,
        98.32815442766461,
        98.18252236502511,
        98.03856222970145,
        97.89627947126117,
        97.75564902169364,
        97.61665562220982,
        97.47929164341518,
        97.34352547781808,
        97.20935167585101,
        97.07673754010882,
        96.94566345214844,
        96.8161141531808,
        96.68807111467633,
        96.56153215680804,
        96.43647984095982,
        96.31289999825614,
        96.1907958984375,
        96.07013920375279,
        95.95091138567243,
        95.8331298828125,
        95.7167739868164,
        95.60182734898159,
        95.4882572719029,
        95.37605612618583,
        95.2652108328683,
        95.15573556082589,
        95.04764120919364,
        94.9408950805664,
        94.83546229771206,
        94.73132215227399,
        94.62847682407924,
        94.5269284929548,
        94.42664119175502,
        94.32758113316127,
        94.22972433907645,
        94.13306209019252,
        94.03758457728794,
        93.94329071044922,
        93.85016414097377,
        93.75818198067802,
        93.66732025146484,
        93.57757023402623,
        93.48891230991909,
        93.40135083879743,
        93.3149163382394,
        93.22957720075335,
        93.14529200962612,
        93.06202915736607,
        92.97976902553013
    ],
    "valid_losses": [
        353.81274850027904,
        339.97509329659596,
        313.0370134626116,
        282.46424647739957,
        252.7505602155413,
        225.79561941964286,
        202.23890904017858,
        182.13414001464844,
        165.27634756905692,
        151.35490199497767,
        140.0257524762835,
        130.94689614432198,
        123.79351588657924,
        118.26373835972377,
        114.08055877685547,
        110.9920904976981,
        108.77530452183315,
        107.23428344726562,
        106.19771793910435,
        105.5130113874163,
        105.05313437325614,
        104.72364698137555,
        104.46184975760323,
        104.2331782749721,
        104.02039664132255,
        103.81612287248883,
        103.61705126081195,
        103.4216068812779,
        103.22906058175224,
        103.03893607003349,
        102.85093252999442,
        102.6648701259068,
        102.48071943010602,
        102.29848371233258,
        102.11816951206752,
        101.93981061662946,
        101.76342010498047,
        101.58900233677456,
        101.4165540422712,
        101.24609266008649,
        101.077638898577,
        100.9111796787807,
        100.74670737130302,
        100.58417619977679,
        100.4235349382673,
        100.26476287841797,
        100.1078131539481,
        99.95266832624164,
        99.79929896763393,
        99.64767565046039,
        99.49778856549945,
        99.34960828508649,
        99.20311628069196,
        99.05829838344029,
        98.91513170514789,
        98.77361842564174,
        98.63374546595982,
        98.49551173618862,
        98.35890633719308,
        98.22391183035714,
        98.09051622663226,
        97.95869881766183,
        97.82842036655971,
        97.69966997419085,
        97.57243129185268,
        97.44669124058315,
        97.32243347167969,
        97.19964708600726,
        97.0783211844308,
        96.95843832833427,
        96.83997780936105,
        96.7229723249163,
        96.60740334647042,
        96.4932381766183,
        96.38045174734933,
        96.26901572091239,
        96.15892682756696,
        96.0501959664481,
        95.94284929547992,
        95.83685956682477,
        95.73219299316406,
        95.62882886614118,
        95.52677045549665,
        95.42599923270089,
        95.32647487095424,
        95.22816358293805,
        95.13103376116071,
        95.03507886614118,
        94.94029889787946,
        94.84670911516461,
        94.75428553989956,
        94.66299329485211,
        94.57280513218471,
        94.48371342250279,
        94.39569636753627,
        94.30875723702567,
        94.22291346958706,
        94.1381356375558,
        94.05440412248883,
        93.97169276646206,
        93.8899895804269
    ],