{
    "testproblem": "mnist_vae_no_dropout",
    "batch_size": 64,
    "num_epochs": 50,
    "random_seed": 42,
    "weight_decay": null,
    "optimizer_name": "PowKernelMomentumOptimizerN",
    "optimizer_hyperparams": {
        "learning_rate": 0.025378155082656628,
        "power": 0.6000000000000001
    },
    "training_params": {
        "allow_early_finish": true
    },
    "train_losses": [
        181.4783533536471,
        181.4783533536471,
        181.4783533536471,
        181.4783533536471,
        181.4783533536471,
        181.4783533536471,
        181.4783533536471,
        181.4783533536471,
        181.4783533536471,
        181.4783533536471,
        181.4783533536471,
        181.4783533536471,
        181.4783533536471,
        181.4783533536471,
        181.4783533536471,
        181.4783533536471,
        181.4783533536471,
        181.4783533536471,
        181.4783533536471,
        181.4783533536471,
        181.4783533536471,
        181.4783533536471,
        181.4783533536471,
        181.4783533536471,
        181.4783533536471,
        181.4783533536471,
        181.4783533536471,
        181.4783533536471,
        181.4783533536471,
        181.4783533536471,
        181.4783533536471,
        181.4783533536471,
        181.4783533536471,
        181.4783533536471,
        181.4783533536471,
        181.4783533536471,
        181.4783533536471,
        181.4783533536471,
        181.4783533536471,
        181.4783533536471,
        181.4783533536471,
        181.4783533536471,
        181.4783533536471,
        181.4783533536471,
        181.4783533536471,
        181.4783533536471,
        181.4783533536471,
        181.4783533536471,
        181.4783533536471,
        181.4783533536471,
        181.4783533536471
    ],
    "valid_losses": [
        181.4160398825621,
        181.4160398825621,
        181.4160398825621,
        181.4160398825621,
        181.4160398825621,
        181.4160398825621,
        181.4160398825621,
        181.4160398825621,
        181.4160398825621,
        181.4160398825621,
        181.4160398825621,
        181.4160398825621,
        181.4160398825621,
        181.4160398825621,
        181.4160398825621,
        181.4160398825621,
        181.4160398825621,
        181.4160398825621,
        181.4160398825621,
        181.4160398825621,
        181.4160398825621,
        181.4160398825621,
        181.4160398825621,
        181.4160398825621,
        181.4160398825621,
        181.4160398825621,
        181.4160398825621,
        181.4160398825621,
        181.4160398825621,
        181.4160398825621,
        181.4160398825621,
        181.4160398825621,
        181.4160398825621,
        181.4160398825621,
        181.4160398825621,
        181.4160398825621,
        181.4160398825621,
        181.4160398825621,
        181.4160398825621,
        181.4160398825621,
        181.4160398825621,
        181.4160398825621,
        181.4160398825621,
        181.4160398825621,
        181.4160398825621,
        181.4160398825621,
        181.4160398825621,
        181.4160398825621,
        181.4160398825621,
        181.4160398825621,
        181.4160398825621
    ],
    "test_losses": [
        181.4804786290878,
        181.4804786290878,
        181.4804786290878,
        181.4804786290878,
        181.4804786290878,
        181.4804786290878,
        181.4804786290878,
        181.4804786290878,
        181.4804786290878,
        181.4804786290878,
        181.4804786290878,
        181.4804786290878,
        181.4804786290878,
        181.4804786290878,
        181.4804786290878,
        181.4804786290878,
        181.4804786290878,
        181.4804786290878,
        181.4804786290878,
        181.4804786290878,
        181.4804786290878,
        181.4804786290878,
        181.4804786290878,
        181.4804786290878,
        181.4804786290878,
        181.4804786290878,
        181.4804786290878,
        181.4804786290878,
        181.4804786290878,
        181.4804786290878,
        181.4804786290878,
        181.4804786290878,
        181.4804786290878,
        181.4804786290878,
        181.4804786290878,
        181.4804786290878,
        181.4804786290878,
        181.4804786290878,
        181.4804786290878,
        181.4804786290878,
        181.4804786290878,
        181.4804786290878,
        181.4804786290878,
        181.4804786290878,
        181.4804786290878,
        181.4804786290878,
        181.4804786290878,
        181.4804786290878,
        181.4804786290878,
        181.4804786290878,
        181.4804786290878
    ],