{
    "testproblem": "quadratic_deep",
    "batch_size": 128,
    "num_epochs": 100,
    "random_seed": 42,
    "weight_decay": null,
    "optimizer_name": "PowKernelMomentumOptimizerN",
    "optimizer_hyperparams": {
        "learning_rate": 0.0234238498471129,
        "power": 0.6000000000000001
    },
    "training_params": {
        "lr_sched_epochs": null,
        "lr_sched_factors": null
    },
    "train_losses": [
        352.8963623046875,
        100.37945774623326,
        90.65164838518415,
        88.04002380371094,
        87.47755105154855,
        86.95059531075614,
        86.670656476702,
        86.60543823242188,
        86.59757014683315,
        86.6163558959961,
        86.65045166015625,
        86.68484933035714,
        86.71318054199219,
        86.73631940569196,
        86.75710187639508,
        86.77741023472377,
        86.79784175327846,
        86.8182852608817,
        86.83846500941685,
        86.85842459542411,
        86.87808336530414,
        86.89732251848493,
        86.91603633335659,
        86.93419756208148,
        86.95178113664899,
        86.96872820172992,
        86.9851303100586,
        87.00094168526786,
        87.01615142822266,
        87.03083147321429,
        87.04501451764789,
        87.05870274135044,
        87.07188524518695,
        87.08460780552456,
        87.09688350132534,
        87.10873522077289,
        87.12017713274274,
        87.13122885567802,
        87.14191436767578,
        87.1522456577846,
        87.16224343436105,
        87.1719251360212,
        87.18130057198661,
        87.19039154052734,
        87.19920349121094,
        87.20776258196149,
        87.216064453125,
        87.22413199288505,
        87.23197719029018,
        87.23960767473493,
        87.24703543526786,
        87.25426374162946,
        87.26130894252232,
        87.26817539760044,
        87.27487400599888,
        87.28141348702567,
        87.28779602050781,
        87.29403141566685,
        87.30012839181083,
        87.30608803885323,
        87.31191907610211,
        87.31762804303851,
        87.3232182094029,
        87.32869284493583,
        87.33406175885882,
        87.33932059151786,
        87.344480242048,
        87.34954289027623,
        87.3545161655971,
        87.3593989780971,
        87.36419241768974,
        87.36890520368304,
        87.37353624616351,
        87.37809208461216,
        87.38257380894252,
        87.38698359898159,
        87.39132254464286,
        87.39559391566685,
        87.3998042515346,
        87.40395028250558,
        87.40803527832031,
        87.4120614188058,
        87.41603088378906,
        87.4199447631836,
        87.4238041469029,
        87.42761339460101,
        87.4313714163644,
        87.43508039202008,
        87.4387435913086,
        87.44236428397042,
        87.44593484061105,
        87.449462890625,
        87.45294407435826,
        87.45639147077289,
        87.45979636056083,
        87.46316092354911,
        87.46649169921875,
        87.46978105817523,
        87.47302900041852,
        87.47624860491071,
        87.47943551199776
    ],
    "valid_losses": [
        353.812752859933,
        101.73005894252232,
        91.93736267089844,
        89.3776375906808,
        88.8342786516462,
        88.30894143240792,
        88.02318028041294,
        87.9520492553711,
        87.94191632952008,
        87.9604001726423,
        87.99373517717633,
        88.02807508196149,
        88.05742427280971,
        88.08204868861607,
        88.10413578578404,
        88.12537057059151,
        88.14646584647042,
        88.16748700823102,
        88.18824986049107,
        88.20874132428851,
        88.22886003766742,
        88.2485111781529,
        88.26761300223214,
        88.28612191336495,
        88.30403464181083,
        88.32130868094308,
        88.33799416678292,
        88.3540758405413,
        88.36954934256417,
        88.38446916852679,
        88.39886147635323,
        88.41274588448661,
        88.42611476353237,
        88.43900299072266,
        88.45143672398159,
        88.46343340192523,
        88.47501264299665,
        88.48619624546596,
        88.49700164794922,
        88.50744737897601,
        88.51755087716239,
        88.52733503069196,
        88.53680964878627,
        88.54598563058036,
        88.5548836844308,
        88.56351797921317,
        88.57189832414899,
        88.58004106794085,
        88.58795275006976,
        88.59564535958427,
        88.60313197544643,
        88.61041913713727,
        88.61752101353237,
        88.62444414411273,
        88.63119070870536,
        88.63777596609933,
        88.64420536586216,
        88.6504876273019,
        88.65662275041852,
        88.6626227242606,
        88.66849081856864,
        88.67423684256417,
        88.6798597063337,
        88.68536812918526,
        88.69076538085938,
        88.69605582101005,
        88.70124925885882,
        88.70633697509766,
        88.71133531842914,
        88.71624537876674,
        88.72106388636998,
        88.72580392020089,
        88.73045458112445,
        88.7350333077567,
        88.73953356061664,
        88.74396296909877,
        88.74832480294364,
        88.7526125226702,
        88.75683920724052,
        88.76100158691406,
        88.76510838099888,
        88.76914978027344,
        88.77313014439174,
        88.77706146240234,
        88.7809328351702,
        88.78475407191685,
        88.78852953229632,
        88.79224722726005,
        88.79592459542411,
        88.79955291748047,
        88.80313655308315,
        88.80667659214565,
        88.81017303466797,
        88.8136226109096,
        88.81703730991909,
        88.8204116821289,
        88.82374899727958,
        88.82704489571708,
        88.83030591692243,
        88.83353642054966,
        88.83672550746373
    ],