{
    "testproblem": "quadratic_deep",
    "batch_size": 128,
    "num_epochs": 100,
    "random_seed": 42,
    "weight_decay": null,
    "optimizer_name": "PowKernelGradientDescentOptimizer",
    "optimizer_hyperparams": {
        "learning_rate": 0.6245139574743064,
        "power": 0.7000000000000001
    },
    "training_params": {
        "lr_sched_epochs": null,
        "lr_sched_factors": null
    },
    "train_losses": [
        352.8963535853795,
        52455506.85714286,
        63048122.85714286,
        63872538.85714286,
        65734565.71428572,
        67023428.0,
        67980232.0,
        69085172.57142857,
        70497762.28571428,
        71253361.14285715,
        72793550.85714285,
        75845477.71428572,
        76825949.71428572,
        76823052.57142857,
        76834510.85714285,
        76823042.28571428,
        76834480.0,
        76823040.0,
        76834465.14285715,
        76823021.71428572,
        76834459.42857143,
        76823012.57142857,
        76834460.57142857,
        76823010.28571428,
        76834467.42857143,
        76823024.0,
        76834451.42857143,
        76823005.71428572,
        76834460.57142857,
        76823008.0,
        76834457.14285715,
        76823018.28571428,
        76834454.85714285,
        76823012.57142857,
        76834451.42857143,
        76823008.0,
        76834448.0,
        76823006.85714285,
        76834451.42857143,
        76823010.28571428,
        76834459.42857143,
        76823006.85714285,
        76834450.28571428,
        76823008.0,
        76834460.57142857,
        76823013.71428572,
        76834464.0,
        76823014.85714285,
        76834449.14285715,
        76823005.71428572,
        76834441.14285715,
        76823006.85714285,
        76834442.28571428,
        76823019.42857143,
        76834456.0,
        76823010.28571428,
        76834452.57142857,
        76823005.71428572,
        76834450.28571428,
        76823002.28571428,
        76834454.85714285,
        76823001.14285715,
        76834456.0,
        76823008.0,
        76834448.0,
        76823005.71428572,
        76834450.28571428,
        76823008.0,
        76834451.42857143,
        76822997.71428572,
        76834448.0,
        76823006.85714285,
        76834450.28571428,
        76823000.0,
        76834450.28571428,
        76822990.85714285,
        76834451.42857143,
        76822993.14285715,
        76834452.57142857,
        76822993.14285715,
        76834443.42857143,
        76822993.14285715,
        76834443.42857143,
        76823004.57142857,
        76834450.28571428,
        76823008.0,
        76834453.71428572,
        76823009.14285715,
        76834443.42857143,
        76823005.71428572,
        76834445.71428572,
        76823001.14285715,
        76834443.42857143,
        76822998.85714285,
        76834436.57142857,
        76822995.42857143,
        76834441.14285715,
        76823001.14285715,
        76834442.28571428,
        76822997.71428572,
        76834438.85714285
    ],
    "valid_losses": [
        353.81274850027904,
        52456712.0,
        63046540.0,
        63874105.14285714,
        65733042.85714286,
        67024741.14285714,
        67979186.28571428,
        69085888.0,
        70497306.28571428,
        71253685.71428572,
        72793401.14285715,
        75845482.28571428,
        76826054.85714285,
        76822937.14285715,
        76834629.71428572,
        76822932.57142857,
        76834595.42857143,
        76822930.28571428,
        76834579.42857143,
        76822906.28571428,
        76834572.57142857,
        76822900.57142857,
        76834573.71428572,
        76822899.42857143,
        76834584.0,
        76822914.28571428,
        76834568.0,
        76822897.14285715,
        76834574.85714285,
        76822899.42857143,
        76834571.42857143,
        76822905.14285715,
        76834570.28571428,
        76822900.57142857,
        76834569.14285715,
        76822899.42857143,
        76834565.71428572,
        76822897.14285715,
        76834569.14285715,
        76822900.57142857,
        76834572.57142857,
        76822889.14285715,
        76834569.14285715,
        76822898.28571428,
        76834573.71428572,
        76822901.71428572,
        76834576.0,
        76822902.85714285,
        76834560.0,
        76822888.0,
        76834554.28571428,
        76822897.14285715,
        76834554.28571428,
        76822906.28571428,
        76834572.57142857,
        76822900.57142857,
        76834569.14285715,
        76822894.85714285,
        76834565.71428572,
        76822886.85714285,
        76834570.28571428,
        76822889.14285715,
        76834571.42857143,
        76822899.42857143,
        76834560.0,
        76822894.85714285,
        76834565.71428572,
        76822894.85714285,
        76834564.57142857,
        76822886.85714285,
        76834558.85714285,
        76822897.14285715,
        76834561.14285715,
        76822884.57142857,
        76834566.85714285,
        76822876.57142857,
        76834566.85714285,
        76822883.42857143,
        76834569.14285715,
        76822882.28571428,
        76834555.42857143,
        76822884.57142857,
        76834557.71428572,
        76822893.71428572,
        76834564.57142857,
        76822896.0,
        76834569.14285715,
        76822899.42857143,
        76834554.28571428,
        76822893.71428572,
        76834557.71428572,
        76822886.85714285,
        76834554.28571428,
        76822885.71428572,
        76834553.14285715,
        76822885.71428572,
        76834554.28571428,
        76822889.14285715,
        76834554.28571428,
        76822885.71428572,
        76834553.14285715
    ],