{
    "testproblem": "mnist_vae_no_dropout",
    "batch_size": 64,
    "num_epochs": 50,
    "random_seed": 42,
    "weight_decay": null,
    "optimizer_name": "PowKernelGradientDescentOptimizer",
    "optimizer_hyperparams": {
        "learning_rate": 0.014817820606039075,
        "power": 0.4
    },
    "training_params": {
        "lr_sched_epochs": null,
        "lr_sched_factors": null
    },
    "train_losses": [
        181.47835354927258,
        181.47835354927258,
        181.47835354927258,
        181.47835354927258,
        181.47835354927258,
        181.47835354927258,
        181.47835354927258,
        181.47835354927258,
        181.47835354927258,
        181.47835354927258,
        181.47835354927258,
        181.47835354927258,
        181.47835354927258,
        181.47835354927258,
        181.47835354927258,
        181.47835354927258,
        181.47835354927258,
        181.47835354927258,
        181.47835354927258,
        181.47835354927258,
        181.47835354927258,
        181.47835354927258,
        181.47835354927258,
        181.47835354927258,
        181.47835354927258,
        181.47835354927258,
        181.47835354927258,
        181.47835354927258,
        181.47835354927258,
        181.47835354927258,
        181.47835354927258,
        181.47835354927258,
        181.47835354927258,
        181.47835354927258,
        181.47835354927258,
        181.47835354927258,
        181.47835354927258,
        181.47835354927258,
        181.47835354927258,
        181.47835354927258,
        181.47835354927258,
        181.47835354927258,
        181.47835354927258,
        181.47835354927258,
        181.47835354927258,
        181.47835354927258,
        181.47835354927258,
        181.47835354927258,
        181.47835354927258,
        181.47835354927258,
        181.47835354927258
    ],
    "valid_losses": [
        181.41603998037485,
        181.41603998037485,
        181.41603998037485,
        181.41603998037485,
        181.41603998037485,
        181.41603998037485,
        181.41603998037485,
        181.41603998037485,
        181.41603998037485,
        181.41603998037485,
        181.41603998037485,
        181.41603998037485,
        181.41603998037485,
        181.41603998037485,
        181.41603998037485,
        181.41603998037485,
        181.41603998037485,
        181.41603998037485,
        181.41603998037485,
        181.41603998037485,
        181.41603998037485,
        181.41603998037485,
        181.41603998037485,
        181.41603998037485,
        181.41603998037485,
        181.41603998037485,
        181.41603998037485,
        181.41603998037485,
        181.41603998037485,
        181.41603998037485,
        181.41603998037485,
        181.41603998037485,
        181.41603998037485,
        181.41603998037485,
        181.41603998037485,
        181.41603998037485,
        181.41603998037485,
        181.41603998037485,
        181.41603998037485,
        181.41603998037485,
        181.41603998037485,
        181.41603998037485,
        181.41603998037485,
        181.41603998037485,
        181.41603998037485,
        181.41603998037485,
        181.41603998037485,
        181.41603998037485,
        181.41603998037485,
        181.41603998037485,
        181.41603998037485
    ],
    "test_losses": [
        181.48047872690054,
        181.48047872690054,
        181.48047872690054,
        181.48047872690054,
        181.48047872690054,
        181.48047872690054,
        181.48047872690054,
        181.48047872690054,
        181.48047872690054,
        181.48047872690054,
        181.48047872690054,
        181.48047872690054,
        181.48047872690054,
        181.48047872690054,
        181.48047872690054,
        181.48047872690054,
        181.48047872690054,
        181.48047872690054,
        181.48047872690054,
        181.48047872690054,
        181.48047872690054,
        181.48047872690054,
        181.48047872690054,
        181.48047872690054,
        181.48047872690054,
        181.48047872690054,
        181.48047872690054,
        181.48047872690054,
        181.48047872690054,
        181.48047872690054,
        181.48047872690054,
        181.48047872690054,
        181.48047872690054,
        181.48047872690054,
        181.48047872690054,
        181.48047872690054,
        181.48047872690054,
        181.48047872690054,
        181.48047872690054,
        181.48047872690054,
        181.48047872690054,
        181.48047872690054,
        181.48047872690054,
        181.48047872690054,
        181.48047872690054,
        181.48047872690054,
        181.48047872690054,
        181.48047872690054,
        181.48047872690054,
        181.48047872690054,
        181.48047872690054
    ],