{
    "testproblem": "quadratic_deep",
    "batch_size": 128,
    "num_epochs": 100,
    "random_seed": 42,
    "weight_decay": null,
    "optimizer_name": "PowKernelMomentumOptimizerN",
    "optimizer_hyperparams": {
        "learning_rate": 0.6993395623207707,
        "power": 0.8
    },
    "training_params": {
        "lr_sched_epochs": null,
        "lr_sched_factors": null
    },
    "train_losses": [
        352.8963623046875,
        26204813319021.715,
        101017401912758.86,
        104637486521197.72,
        109183843621741.72,
        110250654058788.58,
        110397391185042.28,
        110420462253787.42,
        110423169377426.28,
        110423494136393.14,
        110423652321572.58,
        110423580419218.28,
        110423588807826.28,
        110423561245257.14,
        110423576824100.58,
        110423576824100.58,
        110423491739648.0,
        110423562443629.72,
        110423531285942.86,
        110423561245257.14,
        110423545666413.72,
        110423570832237.72,
        110423554055021.72,
        110423563642002.28,
        110423574427355.42,
        110423590006198.86,
        110423573228982.86,
        110423605585042.28,
        110423588807826.28,
        110423593601316.58,
        110423585212708.58,
        110423594799689.14,
        110423587609453.72,
        110423588807826.28,
        110423578022473.14,
        110423593601316.58,
        110423595998061.72,
        110423628354121.14,
        110423585212708.58,
        110423629552493.72,
        110423588807826.28,
        110423605585042.28,
        110423601989924.58,
        110423630750866.28,
        110423574427355.42,
        110423593601316.58,
        110423578022473.14,
        110423629552493.72,
        110423580419218.28,
        110423593601316.58,
        110423585212708.58,
        110423594799689.14,
        110423574427355.42,
        110423594799689.14,
        110423585212708.58,
        110423585212708.58,
        110423588807826.28,
        110423604386669.72,
        110423578022473.14,
        110423588807826.28,
        110423586411081.14,
        110423579220845.72,
        110423591204571.42,
        110423556451766.86,
        110423566038747.42,
        110423598394806.86,
        110423590006198.86,
        110423563642002.28,
        110423569633865.14,
        110423591204571.42,
        110423588807826.28,
        110423591204571.42,
        110423585212708.58,
        110423585212708.58,
        110423561245257.14,
        110423601989924.58,
        110423588807826.28,
        110423592402944.0,
        110423574427355.42,
        110423597196434.28,
        110423562443629.72,
        110423592402944.0,
        110423569633865.14,
        110423598394806.86,
        110423563642002.28,
        110423593601316.58,
        110423560046884.58,
        110423593601316.58,
        110423576824100.58,
        110423594799689.14,
        110423568435492.58,
        110423570832237.72,
        110423563642002.28,
        110423593601316.58,
        110423568435492.58,
        110423585212708.58,
        110423575625728.0,
        110423611576905.14,
        110423566038747.42,
        110423585212708.58,
        110423566038747.42
    ],
    "valid_losses": [
        353.812752859933,
        26204813319021.715,
        101017397119268.58,
        104637490116315.42,
        109183846018486.86,
        110250660050651.42,
        110397392383414.86,
        110420462253787.42,
        110423166980681.14,
        110423495334765.72,
        110423648726454.86,
        110423581617590.86,
        110423582815963.42,
        110423563642002.28,
        110423574427355.42,
        110423580419218.28,
        110423489342902.86,
        110423564840374.86,
        110423532484315.42,
        110423562443629.72,
        110423546864786.28,
        110423574427355.42,
        110423551658276.58,
        110423568435492.58,
        110423569633865.14,
        110423593601316.58,
        110423569633865.14,
        110423604386669.72,
        110423587609453.72,
        110423599593179.42,
        110423581617590.86,
        110423599593179.42,
        110423581617590.86,
        110423588807826.28,
        110423574427355.42,
        110423599593179.42,
        110423594799689.14,
        110423630750866.28,
        110423579220845.72,
        110423631949238.86,
        110423587609453.72,
        110423607981787.42,
        110423600791552.0,
        110423636742729.14,
        110423572030610.28,
        110423598394806.86,
        110423574427355.42,
        110423630750866.28,
        110423576824100.58,
        110423598394806.86,
        110423580419218.28,
        110423599593179.42,
        110423570832237.72,
        110423599593179.42,
        110423579220845.72,
        110423584014336.0,
        110423585212708.58,
        110423603188297.14,
        110423575625728.0,
        110423593601316.58,
        110423581617590.86,
        110423580419218.28,
        110423588807826.28,
        110423560046884.58,
        110423566038747.42,
        110423599593179.42,
        110423588807826.28,
        110423568435492.58,
        110423570832237.72,
        110423595998061.72,
        110423584014336.0,
        110423598394806.86,
        110423580419218.28,
        110423586411081.14,
        110423557650139.42,
        110423601989924.58,
        110423584014336.0,
        110423598394806.86,
        110423569633865.14,
        110423599593179.42,
        110423564840374.86,
        110423597196434.28,
        110423570832237.72,
        110423599593179.42,
        110423564840374.86,
        110423599593179.42,
        110423555253394.28,
        110423599593179.42,
        110423572030610.28,
        110423599593179.42,
        110423569633865.14,
        110423575625728.0,
        110423563642002.28,
        110423599593179.42,
        110423570832237.72,
        110423582815963.42,
        110423572030610.28,
        110423615172022.86,
        110423566038747.42,
        110423586411081.14,
        110423567237120.0
    ],