{
    "testproblem": "quadratic_deep",
    "batch_size": 128,
    "num_epochs": 100,
    "random_seed": 42,
    "weight_decay": null,
    "optimizer_name": "PowKernelMomentumOptimizerN",
    "optimizer_hyperparams": {
        "learning_rate": 0.017912362571043654,
        "power": 0.5
    },
    "training_params": {
        "lr_sched_epochs": null,
        "lr_sched_factors": null
    },
    "train_losses": [
        352.8963623046875,
        104.37506866455078,
        93.39804949079242,
        89.05154745919364,
        87.84437125069755,
        87.4789548601423,
        87.25817544119698,
        87.20428684779576,
        87.1839098249163,
        87.18902151925224,
        87.22451346261161,
        87.27042933872768,
        87.32183292933873,
        87.37896510532924,
        87.43777138846261,
        87.49239022391183,
        87.54463958740234,
        87.59405953543526,
        87.64268384660993,
        87.69136810302734,
        87.74009595598493,
        87.78760746547154,
        87.8341042654855,
        87.88057163783482,
        87.92645917619977,
        87.97075653076172,
        88.01436941964286,
        88.05831691196987,
        88.10076795305524,
        88.1422097342355,
        88.18306623186383,
        88.22315543038505,
        88.26217978341239,
        88.30046081542969,
        88.33777727399554,
        88.37424795968192,
        88.4099862234933,
        88.44453539167132,
        88.47842625209263,
        88.51160430908203,
        88.5432619367327,
        88.5749043055943,
        88.6057608468192,
        88.63247244698661,
        88.6664570399693,
        88.6938727242606,
        88.71589660644531,
        88.74697875976562,
        88.77269526890346,
        88.79275185721261,
        88.82101113455636,
        88.84510258265904,
        88.86284419468471,
        88.88772256033761,
        88.91256713867188,
        88.92930712018695,
        88.94465092250279,
        88.9720230102539,
        88.98897661481585,
        89.00267246791294,
        89.02505057198661,
        89.04344940185547,
        89.05477360316685,
        89.07021222795758,
        89.093996320452,
        89.10433088030133,
        89.11525072370257,
        89.13605499267578,
        89.1461911882673,
        89.15687779017857,
        89.1763894217355,
        89.18497358049665,
        89.19450051443917,
        89.21266065325055,
        89.21980394635882,
        89.22860608782086,
        89.24589320591518,
        89.25176130022321,
        89.25967734200614,
        89.27596064976284,
        89.28080640520368,
        89.28792572021484,
        89.30333927699498,
        89.30726078578404,
        89.31366729736328,
        89.32823726109096,
        89.33132934570312,
        89.33705793108258,
        89.3508791242327,
        89.3532475062779,
        89.35838208879743,
        89.37149047851562,
        89.37318093436105,
        89.37778145926339,
        89.3902587890625,
        89.39132799421039,
        89.3954576764788,
        89.40738677978516,
        89.40780748639789,
        89.41158839634487,
        89.42320796421596
    ],
    "valid_losses": [
        353.812752859933,
        105.16218566894531,
        94.65570068359375,
        90.39733014787946,
        89.22251456124442,
        88.86696406773159,
        88.64964839390346,
        88.59574018205915,
        88.5738503592355,
        88.57670048304966,
        88.61047472272601,
        88.65472303118024,
        88.7048579624721,
        88.76160757882255,
        88.82076263427734,
        88.87614113943917,
        88.92883845738002,
        88.97842189243862,
        89.02713339669364,
        89.07594081333706,
        89.12496730259487,
        89.17281995500836,
        89.21953800746373,
        89.26626150948661,
        89.31260790143695,
        89.35721261160714,
        89.40090724400112,
        89.44520350864956,
        89.48795427594867,
        89.52963256835938,
        89.5706558227539,
        89.61099897112165,
        89.65024239676339,
        89.68869890485492,
        89.72623661586216,
        89.7628914969308,
        89.7987779889788,
        89.83352334158761,
        89.86758531842914,
        89.90089307512555,
        89.93272508893695,
        89.96451895577567,
        89.99550301688058,
        90.02231815883091,
        90.05657523018974,
        90.08402688162667,
        90.10604967389789,
        90.13744027273995,
        90.16319819859096,
        90.18324933733258,
        90.21177782331195,
        90.23591613769531,
        90.25363159179688,
        90.27878679547992,
        90.303713117327,
        90.32046726771763,
        90.33527374267578,
        90.36362566266742,
        90.38058362688336,
        90.39400918143136,
        90.41670445033482,
        90.43510110037667,
        90.44636971609933,
        90.46145193917411,
        90.48612322126117,
        90.49643925258091,
        90.50678035191127,
        90.52829851422992,
        90.53838566371373,
        90.54850333077567,
        90.56881604875836,
        90.57733699253627,
        90.58630698067802,
        90.60521697998047,
        90.61228942871094,
        90.6205313546317,
        90.63859231131417,
        90.64438193184989,
        90.65172576904297,
        90.66878073556083,
        90.6735360281808,
        90.68008531842914,
        90.69626726422992,
        90.70009940011161,
        90.70592934744698,
        90.72126116071429,
        90.72425624302456,
        90.72941262381417,
        90.7439945765904,
        90.74626050676618,
        90.75082724434989,
        90.76468113490513,
        90.76626695905414,
        90.77030726841518,
        90.78352573939732,
        90.78448595319476,
        90.7880608694894,
        90.80071258544922,
        90.80102430071149,
        90.80426788330078,
        90.8165773664202
    ],