{
    "testproblem": "quadratic_deep",
    "batch_size": 128,
    "num_epochs": 100,
    "random_seed": 42,
    "weight_decay": null,
    "optimizer_name": "PowKernelMomentumOptimizer",
    "optimizer_hyperparams": {
        "learning_rate": 0.00015369603110608834,
        "power": 0.7000000000000001
    },
    "training_params": {
        "lr_sched_epochs": null,
        "lr_sched_factors": null
    },
    "train_losses": [
        352.8963535853795,
        321.6818062918527,
        266.0259355817522,
        211.9790278843471,
        169.72825404575892,
        140.753173828125,
        122.85021100725446,
        112.84429168701172,
        107.82594190325055,
        105.58778054373605,
        104.66319710867745,
        104.22410692487445,
        103.91286141531808,
        103.62707955496651,
        103.35225568498883,
        103.08739689418248,
        102.83040291922433,
        102.57889120919364,
        102.33165305001395,
        102.08833530970982,
        101.84888894217355,
        101.61325509207589,
        101.38132040841239,
        101.15297045026507,
        100.92810385567802,
        100.70662907191685,
        100.48848724365234,
        100.27363804408482,
        100.062013898577,
        99.85358210972377,
        99.64829363141742,
        99.44611576625279,
        99.24699401855469,
        99.05088588169643,
        98.8577412196568,
        98.66751643589565,
        98.48017338344029,
        98.29567173549107,
        98.11396244594029,
        97.93500191824776,
        97.75875091552734,
        97.5851560320173,
        97.41418784005302,
        97.24580928257534,
        97.07999093191964,
        96.91668810163226,
        96.75587572370257,
        96.5975102015904,
        96.44154793875558,
        96.28795296805245,
        96.1366936819894,
        95.98773302350726,
        95.84103393554688,
        95.69656917027065,
        95.55430494035993,
        95.41420527866909,
        95.27623530796596,
        95.14036669049945,
        95.00656999860492,
        94.87481580461774,
        94.7450681413923,
        94.61730630057198,
        94.4915030343192,
        94.36762019566127,
        94.24563162667411,
        94.12549591064453,
        94.0071770804269,
        93.89064243861607,
        93.77586255754743,
        93.66281454903739,
        93.55147770472935,
        93.44182695661273,
        93.3338372366769,
        93.22748020717076,
        93.12271663120815,
        93.01952580043248,
        92.91788046700614,
        92.81775338309151,
        92.71912275041852,
        92.62196677071708,
        92.52626037597656,
        92.43197195870536,
        92.33908952985492,
        92.24757930210659,
        92.15742601667132,
        92.06859370640346,
        91.9810769217355,
        91.8948495047433,
        91.80990055629185,
        91.72620936802456,
        91.64375414167132,
        91.56251961844308,
        91.48247746058873,
        91.40360369001117,
        91.3258786882673,
        91.24928174700055,
        91.17378779820034,
        91.0993892124721,
        91.02605983189174,
        90.95378984723773,
        90.88255637032645
    ],
    "valid_losses": [
        353.81274850027904,
        322.6211635044643,
        267.0123596191406,
        213.01342555454798,
        170.79742649623327,
        141.8365761893136,
        123.92546844482422,
        113.89194597516742,
        108.83205195835659,
        106.54545375279018,
        105.57373591831752,
        105.09539249965123,
        104.75709751674107,
        104.45662144252232,
        104.17733328683036,
        103.91489628383091,
        103.66395132882255,
        103.4194826398577,
        103.17853001185826,
        102.9399904523577,
        102.7037353515625,
        102.47001320975167,
        102.23916952950614,
        102.01148768833706,
        101.78716060093471,
        101.56628526960101,
        101.34886060442243,
        101.13485499790737,
        100.92418343680245,
        100.71676635742188,
        100.51251329694476,
        100.31136757986886,
        100.11326381138393,
        99.9181409563337,
        99.72597176688058,
        99.53670392717633,
        99.35030473981585,
        99.16674041748047,
        98.9859619140625,
        98.80792345319476,
        98.63258252825055,
        98.45989881243024,
        98.28982652936664,
        98.12234170096261,
        97.95740073067802,
        97.79497964041573,
        97.6350326538086,
        97.47754015241351,
        97.32244110107422,
        97.16970498221261,
        97.01929691859654,
        96.87118094308036,
        96.72532762799945,
        96.58170318603516,
        96.4402836390904,
        96.30103302001953,
        96.16390119280133,
        96.02887289864677,
        95.89591761997768,
        95.7649906703404,
        95.63606262207031,
        95.50911167689732,
        95.38410404750279,
        95.26100703648159,
        95.13979012625558,
        95.02041516985211,
        94.9028549194336,
        94.78707340785435,
        94.67304338727679,
        94.56074523925781,
        94.4501473563058,
        94.34123120989118,
        94.23396410260882,
        94.12832750592914,
        94.02428109305245,
        93.92180524553571,
        93.82086072649274,
        93.72143663678851,
        93.62350027901786,
        93.52703203473773,
        93.43200247628349,
        93.33839416503906,
        93.24617440359933,
        93.1553235735212,
        93.06581442696708,
        92.97762952532086,
        92.8907470703125,
        92.8051518031529,
        92.72083500453404,
        92.6377683367048,
        92.5559332711356,
        92.47530473981585,
        92.39585876464844,
        92.31757572719029,
        92.24043709891183,
        92.16442435128349,
        92.08951895577567,
        92.01569475446429,
        91.94294084821429,
        91.87123543875558,
        91.80057089669364
    ],