{
    "testproblem": "quadratic_deep",
    "batch_size": 128,
    "num_epochs": 100,
    "random_seed": 42,
    "weight_decay": null,
    "optimizer_name": "PowKernelMomentumOptimizerN",
    "optimizer_hyperparams": {
        "learning_rate": 0.005762487216478597,
        "power": 0.7000000000000001
    },
    "training_params": {
        "lr_sched_epochs": null,
        "lr_sched_factors": null
    },
    "train_losses": [
        352.8963623046875,
        134.88396780831474,
        102.93533761160714,
        95.47100939069476,
        91.81617627825055,
        89.31600734165737,
        87.84111022949219,
        86.96347481863839,
        86.42570386614118,
        86.06778063092914,
        85.81286948067802,
        85.62341744559151,
        85.48094177246094,
        85.37297930036273,
        85.29108646937779,
        85.2282485961914,
        85.17986188616071,
        85.14247131347656,
        85.11335863385882,
        85.09061322893415,
        85.07281385149274,
        85.05884987967355,
        85.04789733886719,
        85.03929683140346,
        85.03251211983817,
        85.02721840994698,
        85.0230691092355,
        85.01985168457031,
        85.01739065987724,
        85.01552472795758,
        85.0141361781529,
        85.01314108712333,
        85.012453351702,
        85.01202501569476,
        85.01180376325335,
        85.01175798688617,
        85.01185934884208,
        85.01208060128349,
        85.0124043055943,
        85.01280975341797,
        85.01328822544643,
        85.01382773263114,
        85.01442282540458,
        85.01505933489118,
        85.01573181152344,
        85.01644025530133,
        85.01717267717633,
        85.01793452671596,
        85.01871054513114,
        85.01950400216239,
        85.02031489780971,
        85.02113778250558,
        85.02197374616351,
        85.02281406947544,
        85.02366965157645,
        85.02452632359096,
        85.02539171491351,
        85.02625928606305,
        85.02713339669364,
        85.02800532749721,
        85.0288816179548,
        85.02976335797992,
        85.0306396484375,
        85.03152138846261,
        85.03240312848773,
        85.03328268868583,
        85.03416224888393,
        85.03504071916852,
        85.03592027936664,
        85.03679438999721,
        85.0376728602818,
        85.03854588099888,
        85.03941672188895,
        85.040285382952,
        85.04115186418805,
        85.0420161655971,
        85.04287610735211,
        85.04373822893415,
        85.04459163120815,
        85.04544830322266,
        85.04629734584263,
        85.0471442086356,
        85.04798889160156,
        85.04883357456752,
        85.04966844831195,
        85.05050441196987,
        85.05133819580078,
        85.05216653006417,
        85.05299377441406,
        85.05381338936942,
        85.05463300432477,
        85.05545152936664,
        85.05626351492745,
        85.05706896100726,
        85.05787440708706,
        85.05867985316685,
        85.05947657993862,
        85.06027003696987,
        85.06106349400112,
        85.06185259137835,
        85.06263732910156
    ],
    "valid_losses": [
        353.812752859933,
        135.71917070661272,
        103.94425310407367,
        96.43688528878349,
        92.87152426583427,
        90.36666652134487,
        88.92130170549665,
        88.05343300955636,
        87.5252936226981,
        87.17266627720424,
        86.92147282191685,
        86.73366219656808,
        86.59210423060826,
        86.48444366455078,
        86.40263911655971,
        86.33976745605469,
        86.2913316999163,
        86.25391714913505,
        86.22478267124721,
        86.20200892857143,
        86.18417031424386,
        86.17016710553851,
        86.15916551862445,
        86.15050724574498,
        86.14361463274274,
        86.13824571881976,
        86.13399614606585,
        86.13070569719586,
        86.12817927769252,
        86.12625776018415,
        86.12482343401227,
        86.12378474644252,
        86.12306649344308,
        86.1226054600307,
        86.12235913957868,
        86.12229592459542,
        86.12237548828125,
        86.12258475167411,
        86.1229008265904,
        86.12330191476005,
        86.12378038678851,
        86.12431989397321,
        86.12491389683315,
        86.12555694580078,
        86.12623378208706,
        86.126950945173,
        86.12769099644252,
        86.12845502580915,
        86.12924303327289,
        86.13004956926618,
        86.13087245396206,
        86.13170732770648,
        86.13255201067243,
        86.13340650285993,
        86.13426753452846,
        86.13513728550502,
        86.13601248604911,
        86.13689313616071,
        86.13777596609933,
        86.13866315569196,
        86.13955252511161,
        86.14043971470424,
        86.14132908412388,
        86.14221845354352,
        86.14310891287667,
        86.14400046212333,
        86.14489201136998,
        86.14577920096261,
        86.14666748046875,
        86.14755140032086,
        86.14843423025948,
        86.14931815011161,
        86.1501966203962,
        86.1510729108538,
        86.15194702148438,
        86.15281895228794,
        86.1536865234375,
        86.15455082484654,
        86.15541512625558,
        86.15627615792411,
        86.15713174002511,
        86.15798623221261,
        86.15883527483258,
        86.15968104771206,
        86.16052791050502,
        86.16136714390346,
        86.16219983782086,
        86.16303253173828,
        86.1638652256557,
        86.16469138009208,
        86.16551535470145,
        86.1663327898298,
        86.16715131487165,
        86.16795894077846,
        86.16876874651227,
        86.16957201276507,
        86.17037636893136,
        86.17117200578961,
        86.17196764264789,
        86.17275782993862,
        86.17354474748883
    ],