{
    "testproblem": "quadratic_deep",
    "batch_size": 128,
    "num_epochs": 100,
    "random_seed": 42,
    "weight_decay": null,
    "optimizer_name": "PowKernelGradientDescentOptimizer",
    "optimizer_hyperparams": {
        "learning_rate": 0.00070689749506246,
        "power": 0.7000000000000001
    },
    "training_params": {
        "lr_sched_epochs": null,
        "lr_sched_factors": null
    },
    "train_losses": [
        352.8963535853795,
        310.7341875348772,
        274.9321507045201,
        244.66117204938615,
        219.18150329589844,
        197.83513968331474,
        180.03889901297433,
        165.2779279436384,
        153.10039411272322,
        143.11016845703125,
        134.96123395647322,
        128.3540802001953,
        123.03037915910993,
        118.76818411690849,
        115.37724195207868,
        112.69717625209263,
        110.59217616489956,
        108.9474116734096,
        107.66810498918805,
        106.67704336983817,
        105.91125379289899,
        105.31743839808873,
        104.8519058227539,
        104.48235212053571,
        104.18340846470424,
        103.93623897007534,
        103.7266126360212,
        103.54424067905971,
        103.38147953578404,
        103.232666015625,
        103.09395817347935,
        102.96259416852679,
        102.83664158412388,
        102.71475219726562,
        102.59598650251117,
        102.47967856270927,
        102.36525399344308,
        102.25237165178571,
        102.1408211844308,
        102.0304445539202,
        101.92111315046039,
        101.81273106166294,
        101.70523398263114,
        101.59857177734375,
        101.49271392822266,
        101.38761901855469,
        101.28328159877232,
        101.17967878069196,
        101.07679857526507,
        100.97464098249164,
        100.8731940133231,
        100.77243913922992,
        100.6723861694336,
        100.57301984514508,
        100.47433907645089,
        100.3763427734375,
        100.27901567731585,
        100.18236323765346,
        100.08638000488281,
        99.99104854038784,
        99.89638083321708,
        99.8023659842355,
        99.70899527413505,
        99.61627633231026,
        99.52419934953961,
        99.43276977539062,
        99.34197126116071,
        99.2518070765904,
        99.16226523263114,
        99.0733402797154,
        98.98502785818917,
        98.89733232770648,
        98.81024060930524,
        98.72374834333148,
        98.63786097935268,
        98.55255998883929,
        98.46785954066685,
        98.38373456682477,
        98.3001948765346,
        98.21723175048828,
        98.1348386492048,
        98.05302102225167,
        97.97176361083984,
        97.8910642351423,
        97.81092616489956,
        97.73134286063058,
        97.65230887276786,
        97.57381984165737,
        97.49587576729911,
        97.41847555977958,
        97.34162030901227,
        97.26530347551618,
        97.18951416015625,
        97.11425018310547,
        97.0395039149693,
        96.96527644566127,
        96.89157104492188,
        96.81836918422154,
        96.7456784929548,
        96.67349025181362,
        96.60179792131696
    ],
    "valid_losses": [
        353.81274850027904,
        311.68521990094865,
        275.9116690499442,
        245.6635458809989,
        220.2014421735491,
        198.86757114955358,
        181.07902090890067,
        166.32171848842077,
        154.14414760044642,
        144.1504843575614,
        135.99536786760603,
        129.37989480154855,
        124.04629734584263,
        119.77315303257534,
        116.37051718575614,
        113.67835998535156,
        111.56111145019531,
        109.90436553955078,
        108.61349814278739,
        107.61148180280414,
        106.83568790980748,
        106.23273359026227,
        105.75882502964565,
        105.38172803606305,
        105.07615225655692,
        104.8231942313058,
        104.60857173374721,
        104.4219992501395,
        104.25569261823382,
        104.10387311662946,
        103.96270533970424,
        103.82932499476841,
        103.70178113664899,
        103.57864815848214,
        103.45894731794085,
        103.3419690813337,
        103.22709001813617,
        103.11391122000558,
        103.00218527657645,
        102.89173998151507,
        102.78242928641183,
        102.67415836879185,
        102.5668443952288,
        102.46042742047992,
        102.35486275809151,
        102.25010899135044,
        102.14613342285156,
        102.0429218837193,
        101.94045802525112,
        101.8387222290039,
        101.73770032610211,
        101.63739231654576,
        101.53778294154576,
        101.43887002127511,
        101.34064592633929,
        101.24310302734375,
        101.14623587472099,
        101.05003901890346,
        100.9545146397182,
        100.8596420288086,
        100.7654299054827,
        100.67187064034599,
        100.57895769391742,
        100.48668779645648,
        100.39505985804966,
        100.30406951904297,
        100.21371677943638,
        100.12398856026786,
        100.0348870413644,
        99.94640023367745,
        99.85852813720703,
        99.7712642124721,
        99.68461172921317,
        99.59855433872768,
        99.51310185023716,
        99.42823573521206,
        99.34396035330636,
        99.26027134486607,
        99.17715999058315,
        99.09462629045758,
        99.01265934535435,
        98.93126569475446,
        98.85043552943638,
        98.77016122000558,
        98.69044712611607,
        98.61128234863281,
        98.53266906738281,
        98.45459965297154,
        98.3770751953125,
        98.30009242466518,
        98.22365461077008,
        98.1477530343192,
        98.07238006591797,
        97.99752807617188,
        97.92320360456195,
        97.8493881225586,
        97.77608925955636,
        97.70330265590123,
        97.63101414271763,
        97.55923243931362,
        97.48794882638114
    ],