{
    "testproblem": "quadratic_deep",
    "batch_size": 128,
    "num_epochs": 100,
    "random_seed": 42,
    "weight_decay": null,
    "optimizer_name": "PowKernelGradientDescentOptimizer",
    "optimizer_hyperparams": {
        "learning_rate": 0.001531418971165477,
        "power": 0.8
    },
    "training_params": {
        "lr_sched_epochs": null,
        "lr_sched_factors": null
    },
    "train_losses": [
        352.8963535853795,
        246.79866899762834,
        183.93672834123885,
        147.6393759591239,
        127.23807307652065,
        116.07540893554688,
        110.11516353062221,
        106.98422459193638,
        105.33596583775112,
        104.42294093540737,
        103.86233520507812,
        103.46755981445312,
        103.1505878993443,
        102.87112535749164,
        102.61095101492745,
        102.36173030308315,
        102.11952209472656,
        101.88250078473773,
        101.6498031616211,
        101.42099325997489,
        101.19581712995257,
        100.9741461617606,
        100.7558822631836,
        100.5409436907087,
        100.3292726789202,
        100.12081473214286,
        99.91551862444196,
        99.71332768031529,
        99.51419830322266,
        99.31808580671039,
        99.12494332449776,
        98.93472726004464,
        98.74739728655133,
        98.56290871756417,
        98.38121141706195,
        98.20226505824498,
        98.02602168491909,
        97.85243552071708,
        97.68147604806083,
        97.51309095110211,
        97.34724971226284,
        97.18390655517578,
        97.02302660260882,
        96.86458260672433,
        96.70851789202008,
        96.55480848039899,
        96.40340205601284,
        96.25427900041852,
        96.10738699776786,
        95.96270424979073,
        95.82019805908203,
        95.67982591901507,
        95.54154859270368,
        95.40533665248326,
        95.27115958077567,
        95.13898686000279,
        95.00879233224052,
        94.8805400303432,
        94.75418744768415,
        94.62970733642578,
        94.50707135881696,
        94.38624790736607,
        94.26721082414899,
        94.14993286132812,
        94.03439222063336,
        93.92056056431362,
        93.8083997453962,
        93.69788578578404,
        93.58898816789899,
        93.48168836321149,
        93.37595585414341,
        93.27176339285714,
        93.16909463065011,
        93.06791578020368,
        92.9682126726423,
        92.86996023995536,
        92.77313232421875,
        92.67771475655692,
        92.58367592947823,
        92.49099404471261,
        92.39965384347099,
        92.30963025774274,
        92.22090802873883,
        92.13345554896763,
        92.04725864955357,
        91.96229335239956,
        91.87853676932198,
        91.7959703717913,
        91.71458326067243,
        91.63434709821429,
        91.5552477155413,
        91.47726549421039,
        91.40038408551898,
        91.32459259033203,
        91.24987030029297,
        91.1761975969587,
        91.1035657610212,
        91.0319573538644,
        90.9613538469587,
        90.89173671177456,
        90.82308959960938
    ],
    "valid_losses": [
        353.81274850027904,
        247.78587559291296,
        184.95525251116072,
        148.6610586983817,
        128.24500601632255,
        117.05901772635323,
        111.07322801862445,
        107.91850825718471,
        106.25062997000558,
        105.3218994140625,
        104.75005340576172,
        104.34753744942802,
        104.02540370396206,
        103.74279349190849,
        103.48089926583427,
        103.23089708600726,
        102.98853410993304,
        102.75176674979073,
        102.51959228515625,
        102.29147338867188,
        102.06711142403739,
        101.84632110595703,
        101.6289803641183,
        101.41498674665179,
        101.20426940917969,
        100.99676186697823,
        100.79241834368024,
        100.59117889404297,
        100.39298902239118,
        100.19780949183873,
        100.00559670584542,
        99.81629834856305,
        99.62987518310547,
        99.446291242327,
        99.26549203055245,
        99.08743722098214,
        98.91207449776786,
        98.73936898367745,
        98.56927817208427,
        98.4017584664481,
        98.23677171979632,
        98.07428305489677,
        97.91424778529576,
        97.75664302280971,
        97.60141972133091,
        97.44853210449219,
        97.29795510428292,
        97.14965057373047,
        97.00357491629464,
        96.85970415387835,
        96.71800558907645,
        96.57843453543526,
        96.44095175606864,
        96.30553109305245,
        96.17213875906808,
        96.0407475062779,
        95.91133226667132,
        95.78384290422711,
        95.65824672154018,
        95.53451102120536,
        95.41261618477958,
        95.2925306047712,
        95.17422049386161,
        95.0576640537807,
        94.94283294677734,
        94.82969665527344,
        94.71823229108539,
        94.60840824672154,
        94.50019836425781,
        94.39357539585659,
        94.28851972307477,
        94.18500191824776,
        94.08299909319196,
        93.98248835972377,
        93.88345118931362,
        93.78585597446987,
        93.68968963623047,
        93.59491729736328,
        93.50152369907924,
        93.40948595319476,
        93.31877681187221,
        93.22938101632255,
        93.14127894810268,
        93.054445539202,
        92.96885681152344,
        92.8844975062779,
        92.8013414655413,
        92.71937670026507,
        92.6385748726981,
        92.55892617361886,
        92.48040335518974,
        92.4030042375837,
        92.32669503348214,
        92.25147138323102,
        92.17731039864677,
        92.10420445033482,
        92.03212629045758,
        91.96106284005302,
        91.89099884033203,
        91.82192012241909,
        91.7538092476981
    ],