{
    "testproblem": "quadratic_deep",
    "batch_size": 128,
    "num_epochs": 100,
    "random_seed": 49,
    "weight_decay": null,
    "optimizer_name": "PowKernelMomentumOptimizerN",
    "optimizer_hyperparams": {
        "learning_rate": 0.0017654048052495065,
        "power": 0.9
    },
    "training_params": {
        "lr_sched_epochs": null,
        "lr_sched_factors": null
    },
    "train_losses": [
        354.3649335588728,
        109.01791708809989,
        119.76023755754743,
        102.90821729387555,
        99.1077390398298,
        96.81294577462333,
        94.87560054234096,
        93.37740979875836,
        92.15862383161273,
        91.11870792933873,
        90.25820050920758,
        89.53886086600167,
        88.9321757725307,
        88.41940307617188,
        87.98415810721261,
        87.61199079241071,
        87.29199327741351,
        87.01539502825055,
        86.77494376046317,
        86.56481061662946,
        86.3802740914481,
        86.21746935163226,
        86.07321602957589,
        85.94488743373326,
        85.83030918666294,
        85.72764914376395,
        85.6353737967355,
        85.5521730695452,
        85.47694941929409,
        85.40876007080078,
        85.34680720738002,
        85.29039764404297,
        85.23892538888114,
        85.19187600272042,
        85.1487808227539,
        85.10925619942802,
        85.0729500906808,
        85.03954642159599,
        85.00878034319196,
        84.98040444510323,
        84.9541985648019,
        84.92997414725167,
        84.90755462646484,
        84.88677869524274,
        84.86751011439732,
        84.84962027413505,
        84.83299037388393,
        84.81751905168805,
        84.80311475481305,
        84.78969247000558,
        84.77716173444476,
        84.76546151297433,
        84.75453077043805,
        84.74429866245815,
        84.73472268240792,
        84.72574288504464,
        84.71732548304966,
        84.70942034040179,
        84.70199475969586,
        84.69501168387276,
        84.68843623570034,
        84.68223789760044,
        84.67640032087054,
        84.67088535853794,
        84.66567775181362,
        84.66075461251395,
        84.65609523228237,
        84.65167999267578,
        84.64750017438617,
        84.64352852957589,
        84.63976614815849,
        84.6361803327288,
        84.63277980259487,
        84.6295416695731,
        84.62645503452846,
        84.62351444789341,
        84.62071010044643,
        84.61803109305245,
        84.61546979631696,
        84.61302185058594,
        84.61068289620536,
        84.60844094412667,
        84.60629381452289,
        84.60423496791294,
        84.60225677490234,
        84.60036032540458,
        84.59854125976562,
        84.59678867885044,
        84.59510040283203,
        84.59347752162388,
        84.59191567557198,
        84.59041159493583,
        84.58895983014789,
        84.58756038120815,
        84.58621433803013,
        84.58490535191127,
        84.58364759172711,
        84.58242579868862,
        84.58124651227679,
        84.58011082240513,
        84.57901000976562
    ],
    "valid_losses": [
        353.812752859933,
        110.38348497663226,
        121.11795043945312,
        103.81318010602679,
        100.2206802368164,
        97.92164611816406,
        95.95703451974052,
        94.50301579066685,
        93.27716936383929,
        92.23768070765904,
        91.3914326259068,
        90.67590005057198,
        90.07235608782086,
        89.56492287772042,
        89.1337400163923,
        88.76502663748605,
        88.44830104282924,
        88.17461504255023,
        87.93684496198382,
        87.7291237967355,
        87.54673876081195,
        87.38589586530414,
        87.24341256277901,
        87.11668395996094,
        87.0035422188895,
        86.90218680245536,
        86.81107548304966,
        86.72892325265067,
        86.6546380179269,
        86.58728354317802,
        86.52606637137276,
        86.47031075613839,
        86.41941615513393,
        86.37286812918526,
        86.33021327427456,
        86.29106685093471,
        86.2550800868443,
        86.22195870535714,
        86.1914302280971,
        86.16324833461216,
        86.13720376150948,
        86.11310250418526,
        86.09077889578683,
        86.07007380894252,
        86.05084991455078,
        86.03298078264508,
        86.01635088239398,
        86.00086648123605,
        85.9864251273019,
        85.97295597621373,
        85.96036420549665,
        85.94859640938895,
        85.93757956368583,
        85.92725808279855,
        85.91758074079242,
        85.90849849155971,
        85.89996228899274,
        85.8919437953404,
        85.88439396449498,
        85.87728227887835,
        85.8705804007394,
        85.86425345284599,
        85.85827745710101,
        85.85262952532086,
        85.84728567940849,
        85.84222630092076,
        85.83742959158761,
        85.83287593296596,
        85.82855660574776,
        85.82445308140346,
        85.82055119105748,
        85.81683676583427,
        85.81329999651227,
        85.80992453438895,
        85.80671037946429,
        85.80364009312221,
        85.8007060459682,
        85.7979006086077,
        85.7952161516462,
        85.79264504568917,
        85.7901840209961,
        85.78782435825893,
        85.78555733816964,
        85.78338296072823,
        85.78129577636719,
        85.77928488595145,
        85.77735573904855,
        85.77549525669643,
        85.7737067086356,
        85.77198573521206,
        85.77032034737724,
        85.76871817452567,
        85.76717267717633,
        85.76567731584821,
        85.7642353602818,
        85.76283918108258,
        85.76149095807757,
        85.76018851143974,
        85.75892530168805,
        85.75770241873605,
        85.75652095249721
    ],