{
    "testproblem": "quadratic_deep",
    "batch_size": 128,
    "num_epochs": 100,
    "random_seed": 45,
    "weight_decay": null,
    "optimizer_name": "PowKernelMomentumOptimizerN",
    "optimizer_hyperparams": {
        "learning_rate": 0.0017654048052495065,
        "power": 0.9
    },
    "training_params": {
        "lr_sched_epochs": null,
        "lr_sched_factors": null
    },
    "train_losses": [
        354.2013942173549,
        108.71585627964565,
        118.92364719935826,
        103.0912333897182,
        99.05269840785435,
        96.62640489850726,
        94.79379272460938,
        93.29735129220145,
        92.07037353515625,
        91.03880419049945,
        90.17643628801618,
        89.45697457449776,
        88.85059356689453,
        88.33555167061942,
        87.89864458356585,
        87.5253677368164,
        87.20389447893415,
        86.9258041381836,
        86.68397957938058,
        86.47244807652065,
        86.28648158482143,
        86.12222617013114,
        85.97650473458427,
        85.84667314801898,
        85.73055049351284,
        85.62633296421596,
        85.5324935913086,
        85.44774954659599,
        85.3710185459682,
        85.30137089320591,
        85.2380120413644,
        85.1802477155413,
        85.12749481201172,
        85.07923126220703,
        85.03499603271484,
        84.99439675467355,
        84.9570792061942,
        84.92273494175502,
        84.8910882132394,
        84.86188725062779,
        84.83491843087333,
        84.8099833897182,
        84.78689793178013,
        84.76551273890904,
        84.7456774030413,
        84.72726331438336,
        84.7101582118443,
        84.69425201416016,
        84.67944771902901,
        84.66565595354352,
        84.65279715401786,
        84.6407961164202,
        84.62959398542132,
        84.61912209647042,
        84.6093248639788,
        84.60015869140625,
        84.59156799316406,
        84.58351462227958,
        84.57595498221261,
        84.56885746547154,
        84.56219046456474,
        84.55591365269252,
        84.55000741141183,
        84.54444122314453,
        84.53919873918805,
        84.53424944196429,
        84.52957480294364,
        84.52515411376953,
        84.52097647530692,
        84.51702117919922,
        84.51327514648438,
        84.50972311837333,
        84.50635201590401,
        84.50315202985492,
        84.50011335100446,
        84.49722399030414,
        84.49447304861886,
        84.49185071672711,
        84.48935372488839,
        84.48697662353516,
        84.48470306396484,
        84.48253195626395,
        84.48045785086495,
        84.47847638811383,
        84.47658102852958,
        84.47476196289062,
        84.47302355085101,
        84.47135271344867,
        84.4697505405971,
        84.4682137625558,
        84.46673801967076,
        84.46531568254743,
        84.46395111083984,
        84.46263667515346,
        84.46137019566127,
        84.46015058244977,
        84.45897565569196,
        84.45784541538784,
        84.45674678257534,
        84.45569392613002,
        84.45467267717633
    ],
    "valid_losses": [
        353.812752859933,
        110.29583631243024,
        120.26871708461216,
        103.99959128243583,
        100.28658185686383,
        97.81410108293805,
        95.91524069649833,
        94.48471396309989,
        93.25333186558315,
        92.2130105154855,
        91.3647711617606,
        90.64930725097656,
        90.04447392054966,
        89.53389957972935,
        89.10043007986886,
        88.72994341169085,
        88.4112319946289,
        88.13560594831195,
        87.89605712890625,
        87.68661608014789,
        87.50251225062779,
        87.33994838169643,
        87.19576808384487,
        87.0673348563058,
        86.95247868129185,
        86.84940011160714,
        86.75658852713448,
        86.6727774483817,
        86.59687260219029,
        86.52796609061105,
        86.4652579171317,
        86.40807669503349,
        86.3558371407645,
        86.30802045549665,
        86.26418195452008,
        86.22392272949219,
        86.18689836774554,
        86.15280042375836,
        86.1213618687221,
        86.09233638218471,
        86.06549726213727,
        86.04066358293805,
        86.01766095842633,
        85.99632699148995,
        85.97651999337333,
        85.95811789376395,
        85.94099644252232,
        85.92506299700055,
        85.91021292550224,
        85.8963644845145,
        85.88343266078404,
        85.87135532924107,
        85.8600583757673,
        85.8494873046875,
        85.83958108084542,
        85.8302982875279,
        85.82158660888672,
        85.8134024483817,
        85.8057120186942,
        85.79847826276507,
        85.79166957310268,
        85.7852554321289,
        85.77920423235211,
        85.77349526541573,
        85.76810237339565,
        85.76300266810826,
        85.75817762102399,
        85.7536130632673,
        85.74928501674107,
        85.74518040248326,
        85.74128723144531,
        85.73758697509766,
        85.73407091413226,
        85.73072487967355,
        85.72754342215401,
        85.7245101928711,
        85.72161647251674,
        85.71885681152344,
        85.71622358049665,
        85.71370697021484,
        85.7113015311105,
        85.70899745396206,
        85.70679364885602,
        85.70468248639789,
        85.70265851702008,
        85.70071520124164,
        85.6988525390625,
        85.69705963134766,
        85.6953375680106,
        85.69368634905133,
        85.69209398542132,
        85.69055611746651,
        85.68907928466797,
        85.68765694754464,
        85.68628365652901,
        85.6849605015346,
        85.68368312290737,
        85.6824460710798,
        85.68125370570591,
        85.6801005772182,
        85.67898450578961
    ],