{
    "testproblem": "quadratic_deep",
    "batch_size": 128,
    "num_epochs": 100,
    "random_seed": 43,
    "weight_decay": null,
    "optimizer_name": "PowKernelMomentumOptimizerN",
    "optimizer_hyperparams": {
        "learning_rate": 0.0017654048052495065,
        "power": 0.9
    },
    "training_params": {
        "lr_sched_epochs": null,
        "lr_sched_factors": null
    },
    "train_losses": [
        353.6695338657924,
        109.29539598737445,
        119.49408612932477,
        103.33750479561942,
        99.42847660609654,
        97.11672755650112,
        95.22887420654297,
        93.72788892473493,
        92.50517926897321,
        91.48099408830915,
        90.62354823521206,
        89.90389360700335,
        89.29826136997768,
        88.78441946847099,
        88.34693472726005,
        87.97249712262835,
        87.65007999965123,
        87.3710436139788,
        87.12829698835101,
        86.91600254603794,
        86.72943224225726,
        86.56470707484654,
        86.41862160818917,
        86.28854152134487,
        86.17226845877511,
        86.06796482631138,
        85.97408403669085,
        85.88933999197823,
        85.81262534005302,
        85.74301147460938,
        85.67969621930804,
        85.62198311941964,
        85.56927381243024,
        85.52104078020368,
        85.47683388846261,
        85.43624550955636,
        85.39892469133649,
        85.36455862862724,
        85.33287266322544,
        85.30361611502511,
        85.27657427106585,
        85.25155203683036,
        85.22836194719586,
        85.20685577392578,
        85.18688092912946,
        85.16832188197544,
        85.15105329241071,
        85.13497488839286,
        85.11998421805245,
        85.10599953787667,
        85.09294128417969,
        85.0807353428432,
        85.06931740897042,
        85.05862753731864,
        85.04861123221261,
        85.03921617780414,
        85.0303955078125,
        85.02211216517857,
        85.01432364327567,
        85.00699615478516,
        85.00009264264789,
        84.99358476911273,
        84.98744419642857,
        84.98164694649833,
        84.97617013113839,
        84.97099086216518,
        84.96608516148159,
        84.96143886021206,
        84.95703451974052,
        84.9528568812779,
        84.94888632638114,
        84.94511195591518,
        84.94152287074498,
        84.93810381208148,
        84.93484933035714,
        84.93174416678292,
        84.92878178187779,
        84.92595672607422,
        84.92325156075614,
        84.92066737583706,
        84.91819327218192,
        84.91582271030971,
        84.91355460030692,
        84.911376953125,
        84.90928758893695,
        84.90728323800224,
        84.90535409109933,
        84.90350450788226,
        84.90172031947544,
        84.90000261579242,
        84.89835030691964,
        84.89675794328961,
        84.89522225516183,
        84.89373888288226,
        84.8923100062779,
        84.89092581612724,
        84.88959067208427,
        84.88829803466797,
        84.88704790387835,
        84.8858402797154,
        84.8846686226981
    ],
    "valid_losses": [
        353.812752859933,
        110.41017368861607,
        120.25158255440849,
        103.93534633091518,
        100.31786782400948,
        97.92545318603516,
        95.97835976736886,
        94.54114423479352,
        93.321047101702,
        92.28708321707589,
        91.44076429094586,
        90.7277079990932,
        90.12467956542969,
        89.61477225167411,
        89.18121010916573,
        88.8101784842355,
        88.49073791503906,
        88.21442522321429,
        87.97426496233258,
        87.76429094587054,
        87.57977512904576,
        87.41692788260323,
        87.2725601196289,
        87.14401681082589,
        87.02911921909877,
        86.92604718889508,
        86.83326939174107,
        86.74951062883649,
        86.6736831665039,
        86.60485294886998,
        86.54222215924945,
        86.48511069161552,
        86.43293108258929,
        86.38516671316964,
        86.34136308942523,
        86.3011234828404,
        86.26409694126674,
        86.22998373849052,
        86.19850267682757,
        86.16941942487445,
        86.14251599993024,
        86.11758967808315,
        86.09447588239398,
        86.07301657540458,
        86.0530776977539,
        86.03452627999442,
        86.01724679129464,
        86.00114331926618,
        85.98611559186664,
        85.97207314627511,
        85.95895058768136,
        85.94666835239956,
        85.93516540527344,
        85.92438398088727,
        85.91426195417132,
        85.90476335797992,
        85.89583042689732,
        85.88742937360492,
        85.87951769147601,
        85.87206486293248,
        85.86503492082868,
        85.85839734758649,
        85.8521227155413,
        85.84619467599052,
        85.84058489118304,
        85.83527483258929,
        85.83023725237165,
        85.82546125139508,
        85.82092612130302,
        85.81661442347935,
        85.81250980922154,
        85.80861118861607,
        85.80489676339286,
        85.80135236467633,
        85.7979736328125,
        85.79474530901227,
        85.79166194370815,
        85.78871154785156,
        85.78589412144252,
        85.78318895612445,
        85.78060041155133,
        85.77811540876117,
        85.77573721749442,
        85.77345057896206,
        85.77125331333706,
        85.76913888113839,
        85.76711164202008,
        85.76515851702008,
        85.76327296665737,
        85.76145608084542,
        85.75970785958427,
        85.75802176339286,
        85.75639125279018,
        85.75481632777623,
        85.75329262869698,
        85.75182778494698,
        85.75040435791016,
        85.74903215680804,
        85.74769810267857,
        85.74640764508929,
        85.74515969412667
    ],