{
    "testproblem": "quadratic_deep",
    "batch_size": 128,
    "num_epochs": 100,
    "random_seed": 48,
    "weight_decay": null,
    "optimizer_name": "PowKernelMomentumOptimizerN",
    "optimizer_hyperparams": {
        "learning_rate": 0.0017654048052495065,
        "power": 0.9
    },
    "training_params": {
        "lr_sched_epochs": null,
        "lr_sched_factors": null
    },
    "train_losses": [
        354.5420924595424,
        109.35197012765067,
        120.22588239397321,
        103.40115465436664,
        99.41510990687779,
        97.20144653320312,
        95.30250876290458,
        93.78371865408761,
        92.56138610839844,
        91.53261130196708,
        90.67161996023995,
        89.94722856794085,
        89.33810097830636,
        88.82295880998883,
        88.38427734375,
        88.00879233224052,
        87.68588038853237,
        87.40645490373883,
        87.16317422049386,
        86.95030321393695,
        86.76314108712333,
        86.59779902866909,
        86.4510999407087,
        86.32043892996651,
        86.20364161900112,
        86.09888567243304,
        86.00464848109654,
        85.9196286882673,
        85.84271458217076,
        85.77296665736607,
        85.70958382742745,
        85.65186309814453,
        85.59919738769531,
        85.55106353759766,
        85.50699506487165,
        85.46659088134766,
        85.4294934953962,
        85.39538683210101,
        85.36399296351841,
        85.33505140032086,
        85.308351789202,
        85.283689226423,
        85.26088496616909,
        85.23977770124164,
        85.22022029331752,
        85.20208631243024,
        85.18524823869977,
        85.1696047101702,
        85.15506090436664,
        85.14151763916016,
        85.12889971051898,
        85.11713191441127,
        85.10614776611328,
        85.09588623046875,
        85.08629172188895,
        85.07730647495815,
        85.0688945225307,
        85.06100899832589,
        85.05360630580357,
        85.0466537475586,
        85.04011971609933,
        85.03397151402065,
        85.02818843296596,
        85.0227301461356,
        85.01758902413505,
        85.01272909981864,
        85.00814274379185,
        85.0038070678711,
        84.99970136369977,
        84.99581146240234,
        84.99212864467076,
        84.98863329206195,
        84.98530796595982,
        84.98215593610492,
        84.97915213448661,
        84.97629874093192,
        84.97358049665179,
        84.97098650251117,
        84.96851566859654,
        84.96615709577289,
        84.96390097481864,
        84.9617440359933,
        84.95968300955636,
        84.95770808628627,
        84.95581708635602,
        84.9540045601981,
        84.95226396833148,
        84.95059204101562,
        84.94898877825055,
        84.94744764055524,
        84.94596644810268,
        84.94453866141183,
        84.9431631905692,
        84.94184112548828,
        84.94056374686105,
        84.93933214460101,
        84.93814631870815,
        84.93699863978794,
        84.93589237758091,
        84.93482208251953,
        84.93378448486328
    ],
    "valid_losses": [
        353.812752859933,
        110.65672302246094,
        121.0308816092355,
        103.80633653913226,
        100.31410762241909,
        97.99294934953961,
        95.98787798200335,
        94.56651197160993,
        93.34705461774554,
        92.30283573695591,
        91.45749882289341,
        90.74066162109375,
        90.13460758754185,
        89.62460436139789,
        89.1903326851981,
        88.8188247680664,
        88.49956730433873,
        88.22333526611328,
        87.98305184500558,
        87.77293069022042,
        87.58819362095424,
        87.4250738961356,
        87.2804183959961,
        87.1515862601144,
        87.03644343784877,
        86.93318830217633,
        86.8403080531529,
        86.75652313232422,
        86.68073163713727,
        86.61199733189174,
        86.54952675955636,
        86.4926289149693,
        86.44070761544364,
        86.39324079241071,
        86.34977504185268,
        86.30991472516742,
        86.27329581124442,
        86.23961530412946,
        86.20859963553292,
        86.17999158586774,
        86.15357971191406,
        86.12916891915458,
        86.10658482142857,
        86.08566066196987,
        86.06626565115792,
        86.04826028006417,
        86.03153446742466,
        86.01597922188895,
        86.00149972098214,
        85.98800550188336,
        85.97542027064732,
        85.9636720929827,
        85.95269121442523,
        85.94242204938617,
        85.93280574253627,
        85.92379324776786,
        85.91534096854073,
        85.90740966796875,
        85.8999513898577,
        85.89293670654297,
        85.88633728027344,
        85.88011387416294,
        85.87425122942243,
        85.86871446881976,
        85.86348506382534,
        85.85853576660156,
        85.8538578578404,
        85.84942517961774,
        85.84522465297154,
        85.84123883928571,
        85.8374524797712,
        85.83385576520648,
        85.83043016706195,
        85.82717568533761,
        85.8240727015904,
        85.82111358642578,
        85.81829071044922,
        85.81559644426618,
        85.81302315848214,
        85.81055559430804,
        85.80820029122489,
        85.80594308035714,
        85.80377851213727,
        85.80170331682477,
        85.79970986502511,
        85.79779924665179,
        85.79596274239677,
        85.79419599260602,
        85.79249572753906,
        85.79086085728237,
        85.7892826625279,
        85.78776441301618,
        85.78629738943917,
        85.78488486153739,
        85.78351811000279,
        85.78219713483539,
        85.78092520577567,
        85.77969469342914,
        85.77849905831474,
        85.777345929827,
        85.77622876848493
    ],