{
    "testproblem": "quadratic_deep",
    "batch_size": 128,
    "num_epochs": 100,
    "random_seed": 46,
    "weight_decay": null,
    "optimizer_name": "PowKernelMomentumOptimizerN",
    "optimizer_hyperparams": {
        "learning_rate": 0.0017654048052495065,
        "power": 0.9
    },
    "training_params": {
        "lr_sched_epochs": null,
        "lr_sched_factors": null
    },
    "train_losses": [
        355.4367457798549,
        109.4533942086356,
        120.04703848702567,
        103.42510441371373,
        99.59907531738281,
        97.29531533377511,
        95.3496845790318,
        93.86458805629185,
        92.64968545096261,
        91.60995810372489,
        90.74934605189732,
        90.03266252790179,
        89.42723083496094,
        88.91443198067802,
        88.47996847970145,
        88.10882241385323,
        87.78954642159599,
        87.5136478969029,
        87.27392142159599,
        87.0644302368164,
        86.88043975830078,
        86.71809932163784,
        86.57421003069196,
        86.44613538469586,
        86.33171626499721,
        86.22911507742745,
        86.1368157523019,
        86.05352347237724,
        85.9781515938895,
        85.90977151053292,
        85.84759303501674,
        85.79092625209263,
        85.7391858782087,
        85.69184875488281,
        85.64846692766461,
        85.60864693777901,
        85.57204219273159,
        85.53833770751953,
        85.50726754324776,
        85.47858537946429,
        85.4520765032087,
        85.42755126953125,
        85.40482875279018,
        85.38375854492188,
        85.36420222691127,
        85.34603118896484,
        85.32912772042411,
        85.31339590890067,
        85.29873766217914,
        85.28506360735211,
        85.27230181012835,
        85.26037706647601,
        85.24922725132534,
        85.2387924194336,
        85.22901916503906,
        85.2198508126395,
        85.21125139508929,
        85.20317622593471,
        85.19558715820312,
        85.18844495500836,
        85.18172236851284,
        85.1753910609654,
        85.16941942487445,
        85.16378348214286,
        85.15845925467355,
        85.15342603410993,
        85.14866856166294,
        85.14415849958148,
        85.13988821847099,
        85.1358402797154,
        85.13199724469867,
        85.1283460344587,
        85.1248801095145,
        85.12158094133649,
        85.11844090053013,
        85.11544799804688,
        85.11259351457868,
        85.10987200055804,
        85.1072758265904,
        85.10479518345424,
        85.10242244175502,
        85.10015651157924,
        85.09798322405133,
        85.09590366908482,
        85.09391130719867,
        85.09199850899833,
        85.09016527448382,
        85.0884017944336,
        85.08670915876117,
        85.0850808279855,
        85.08351135253906,
        85.0820083618164,
        85.08055768694196,
        85.07915823800224,
        85.07781001499721,
        85.07650865827289,
        85.07525634765625,
        85.07404218401227,
        85.0728737967355,
        85.07174028669085,
        85.07064819335938
    ],
    "valid_losses": [
        353.812752859933,
        110.49805668422154,
        121.02469744001117,
        103.75825936453683,
        100.2497089930943,
        97.94167872837612,
        95.93069131033761,
        94.50685010637555,
        93.28643907819476,
        92.2400632585798,
        91.39513833182198,
        90.68214634486607,
        90.07821655273438,
        89.5702133178711,
        89.13922664097377,
        88.77075958251953,
        88.45414188929966,
        88.18061283656529,
        87.94301169259208,
        87.7353984287807,
        87.55306788853237,
        87.39222390311105,
        87.2496588570731,
        87.12274823869977,
        87.00935363769531,
        86.90767015729632,
        86.81616864885602,
        86.7335695539202,
        86.65880257742745,
        86.59093802315849,
        86.5291976928711,
        86.47289603097099,
        86.4214586530413,
        86.37437547956195,
        86.33120291573661,
        86.29154205322266,
        86.25505719866071,
        86.22144426618304,
        86.19042532784599,
        86.16176932198661,
        86.13526371547154,
        86.11071886335101,
        86.08796037946429,
        86.06683458600726,
        86.04721178327289,
        86.02895246233258,
        86.01195635114398,
        85.9961188180106,
        85.98134286063058,
        85.96754782540458,
        85.95465414864677,
        85.94259207589286,
        85.93130275181362,
        85.92071969168526,
        85.91079820905414,
        85.90147944859096,
        85.89272853306362,
        85.88449532645089,
        85.87675040108817,
        85.86944907052177,
        85.8625738961356,
        85.85608019147601,
        85.8499526977539,
        85.84415871756417,
        85.83867972237724,
        85.833493913923,
        85.82857404436383,
        85.82391793387276,
        85.81949724469867,
        85.81529780796596,
        85.81130872453961,
        85.80751364571708,
        85.80390385219029,
        85.8004619053432,
        85.79718562534877,
        85.79405212402344,
        85.79106794084821,
        85.78821781703404,
        85.78549085344586,
        85.78288269042969,
        85.78038787841797,
        85.77799769810268,
        85.7757066999163,
        85.7735094342913,
        85.77140045166016,
        85.76937866210938,
        85.7674320765904,
        85.76556614467076,
        85.76376451764789,
        85.7620359148298,
        85.76037161690849,
        85.75876181466239,
        85.75721740722656,
        85.75572531563895,
        85.75427900041852,
        85.75289154052734,
        85.75155203683036,
        85.75025285993304,
        85.74899618966239,
        85.74778202601841,
        85.7466070992606
    ],