{
    "testproblem": "quadratic_deep",
    "batch_size": 128,
    "num_epochs": 100,
    "random_seed": 44,
    "weight_decay": null,
    "optimizer_name": "PowKernelMomentumOptimizerN",
    "optimizer_hyperparams": {
        "learning_rate": 0.0017654048052495065,
        "power": 0.9
    },
    "training_params": {
        "lr_sched_epochs": null,
        "lr_sched_factors": null
    },
    "train_losses": [
        353.8855242047991,
        110.14877319335938,
        120.65985979352679,
        104.10698590959821,
        100.24729701450893,
        97.96524374825614,
        96.05635397774833,
        94.56670597621373,
        93.3510240827288,
        92.31745910644531,
        91.4576655796596,
        90.73548998151507,
        90.12651606968471,
        89.61050633021763,
        89.17130715506417,
        88.79552786690849,
        88.4722148350307,
        88.19246455601284,
        87.94909232003349,
        87.73623984200614,
        87.54915073939732,
        87.3839340209961,
        87.23739297049386,
        87.10686928885323,
        86.9901602608817,
        86.88544028145927,
        86.79116821289062,
        86.70604596819196,
        86.62897491455078,
        86.55901227678571,
        86.49535260881696,
        86.43730163574219,
        86.38426099504743,
        86.33570970807757,
        86.29118892124721,
        86.25029645647321,
        86.21268027169364,
        86.17803083147321,
        86.14606693812779,
        86.11654881068638,
        86.08925519670758,
        86.0639888218471,
        86.04057856968471,
        86.01885659354073,
        85.9986822945731,
        85.9799314226423,
        85.96248190743583,
        85.94622802734375,
        85.93107169015067,
        85.91693660191127,
        85.90372903006417,
        85.89138466971261,
        85.8798326764788,
        85.86901746477399,
        85.85888126918248,
        85.84937177385602,
        85.84044211251395,
        85.83205086844308,
        85.82416316441127,
        85.81673213413784,
        85.80973597935268,
        85.80313982282367,
        85.79691532679966,
        85.79103415352958,
        85.78547886439732,
        85.78021894182477,
        85.77523694719586,
        85.77051762172154,
        85.76604352678571,
        85.76179504394531,
        85.75775582449776,
        85.75392259870257,
        85.7502681187221,
        85.74679020472935,
        85.74347250802177,
        85.74031611851284,
        85.73729705810547,
        85.73441859654018,
        85.73166220528739,
        85.72902461460659,
        85.72650146484375,
        85.72408512660435,
        85.72176906040737,
        85.71954454694476,
        85.7174094063895,
        85.71536145891461,
        85.71338871547154,
        85.71149008614677,
        85.7096666608538,
        85.70790427071708,
        85.70621163504464,
        85.70458003452846,
        85.70300183977399,
        85.70147814069476,
        85.70000675746373,
        85.6985855102539,
        85.69721112932477,
        85.69587816510882,
        85.69459424700055,
        85.69334520612445,
        85.69213758196149
    ],
    "valid_losses": [
        353.812752859933,
        110.31677573067802,
        120.38987622942243,
        103.9585680280413,
        100.33168247767857,
        97.88590894426618,
        95.98216901506696,
        94.56573159354073,
        93.32994624546596,
        92.29560852050781,
        91.45316423688617,
        90.7344218662807,
        90.1290522984096,
        89.61881147112165,
        89.18362971714565,
        88.81154305594308,
        88.49170357840401,
        88.21486554827008,
        87.97417558942523,
        87.76373835972377,
        87.57875497000558,
        87.41542598179409,
        87.2705830165318,
        87.14157322474888,
        87.02621241978237,
        86.9226815359933,
        86.8294699532645,
        86.74529157366071,
        86.66905757359096,
        86.59983716692243,
        86.53682272774833,
        86.47933959960938,
        86.42678397042411,
        86.37865447998047,
        86.33450208391461,
        86.29392460414341,
        86.25656999860492,
        86.22213636125836,
        86.19035121372768,
        86.16097586495536,
        86.133791242327,
        86.10860225132534,
        86.08524867466518,
        86.06356048583984,
        86.04340253557477,
        86.02464076450893,
        86.00716727120536,
        85.99087306431362,
        85.97566877092633,
        85.96146392822266,
        85.94818224225726,
        85.93575395856585,
        85.92410823277065,
        85.91319383893695,
        85.9029519217355,
        85.89332907540458,
        85.88428279331752,
        85.87577601841518,
        85.86776079450335,
        85.8602055140904,
        85.85308074951172,
        85.84635489327567,
        85.84000069754464,
        85.83398982456752,
        85.8282972063337,
        85.82290322440011,
        85.81779261997768,
        85.81294359479632,
        85.80833653041294,
        85.803955078125,
        85.79978833879743,
        85.79582214355469,
        85.79204450334821,
        85.78844342912946,
        85.78500148228237,
        85.78172084263393,
        85.77858189174107,
        85.77558026994977,
        85.772707257952,
        85.76995304652623,
        85.76731654575893,
        85.76478576660156,
        85.76235852922711,
        85.76002938406808,
        85.75778634207589,
        85.75562940325055,
        85.75355529785156,
        85.75155857631138,
        85.74963269914899,
        85.74777657645089,
        85.74598693847656,
        85.74426160539899,
        85.74259403773716,
        85.74098096575055,
        85.73942129952567,
        85.7379128592355,
        85.73645346505302,
        85.73504093715123,
        85.73367309570312,
        85.7323466709682,
        85.73106057303292
    ],