{
    "testproblem": "quadratic_deep",
    "batch_size": 128,
    "num_epochs": 100,
    "random_seed": 42,
    "weight_decay": null,
    "optimizer_name": "PowKernelMomentumOptimizerN",
    "optimizer_hyperparams": {
        "learning_rate": 0.0017654048052495065,
        "power": 0.9
    },
    "training_params": {
        "lr_sched_epochs": null,
        "lr_sched_factors": null
    },
    "train_losses": [
        352.8963623046875,
        109.20331573486328,
        119.37769099644252,
        103.23773193359375,
        99.35297502790179,
        96.95865849086216,
        95.0743386404855,
        93.57801600864956,
        92.33891950334821,
        91.30600847516742,
        90.44812338692802,
        89.72686440604073,
        89.1218741280692,
        88.61125728062221,
        88.17758287702289,
        87.80738503592355,
        87.4894550868443,
        87.21472276960101,
        86.9759990147182,
        86.76740373883929,
        86.5841544015067,
        86.42235129220145,
        86.27880314418248,
        86.15088871547154,
        86.0364499773298,
        85.93367985316685,
        85.84107644217355,
        85.75737871442523,
        85.68151528494698,
        85.6125728062221,
        85.5497817993164,
        85.49247741699219,
        85.44007219587054,
        85.39206913539341,
        85.34803118024554,
        85.3075681413923,
        85.2703366960798,
        85.23603929792132,
        85.2043958391462,
        85.17518070765904,
        85.1481704711914,
        85.1231689453125,
        85.10000610351562,
        85.07852717808315,
        85.05858503069196,
        85.04005541120257,
        85.02282823835101,
        85.00679125104632,
        84.99184744698661,
        84.97791726248605,
        84.9649156842913,
        84.95277404785156,
        84.94142477852958,
        84.9308112008231,
        84.92087009974888,
        84.91156005859375,
        84.90282767159599,
        84.89463479178292,
        84.88694327218192,
        84.87970951625279,
        84.87290518624442,
        84.86650085449219,
        84.86046491350446,
        84.85477556501117,
        84.84940665108817,
        84.8443363734654,
        84.83954511369977,
        84.83501216343471,
        84.83072226388114,
        84.82666124616351,
        84.82280731201172,
        84.81915174211774,
        84.81568036760602,
        84.81238446916852,
        84.8092520577567,
        84.80626678466797,
        84.80342973981585,
        84.80072021484375,
        84.7981425694057,
        84.79568154471261,
        84.79332733154297,
        84.79107992989677,
        84.78893280029297,
        84.78687722342355,
        84.78490556989398,
        84.78301783970424,
        84.78120640345982,
        84.77947017124721,
        84.7778069632394,
        84.77620370047433,
        84.77466474260602,
        84.77318355015346,
        84.77176012311664,
        84.77038683210101,
        84.76906476702008,
        84.76778956821987,
        84.76655796595982,
        84.76537214006696,
        84.76422773088727,
        84.76311819893974,
        84.76205008370536
    ],
    "valid_losses": [
        353.812752859933,
        110.21720123291016,
        120.08790915352958,
        104.08557782854352,
        100.35255105154855,
        97.82222638811383,
        95.95991734095982,
        94.5238265991211,
        93.2643301827567,
        92.23429652622768,
        91.39348493303571,
        90.67571476527623,
        90.07497950962612,
        89.57061113630023,
        89.14140101841518,
        88.77531433105469,
        88.46126665387835,
        88.18988800048828,
        87.95426613943917,
        87.74846649169922,
        87.56768253871373,
        87.40813664027623,
        87.26663425990513,
        87.14054325648716,
        87.0277339390346,
        86.9264406476702,
        86.83517020089286,
        86.75267464773995,
        86.67788914271763,
        86.60992213657924,
        86.54799979073661,
        86.49146924700055,
        86.43976157052177,
        86.3923841203962,
        86.3489020211356,
        86.30893162318638,
        86.27214050292969,
        86.23822348458427,
        86.20692552839007,
        86.17800576346261,
        86.15125056675502,
        86.12647356305804,
        86.10350690569196,
        86.08218928745815,
        86.06239100864956,
        86.04398018973214,
        86.02684565952846,
        86.01088278634208,
        85.99600110735211,
        85.98211342947823,
        85.9691412789481,
        85.95701708112445,
        85.9456765311105,
        85.93505532400948,
        85.92510223388672,
        85.91576712472099,
        85.9070074898856,
        85.89877755301339,
        85.89104243687221,
        85.8837639944894,
        85.8769062587193,
        85.87044634137835,
        85.86435372488839,
        85.85860334123883,
        85.85316794259208,
        85.84802900041852,
        85.84316798618862,
        85.83856419154576,
        85.83420235770089,
        85.83006286621094,
        85.82613590785435,
        85.82240840366909,
        85.81886182512555,
        85.81548963274274,
        85.8122787475586,
        85.80922045026507,
        85.80630602155414,
        85.80352129255023,
        85.80086953299386,
        85.79833003452846,
        85.79590279715401,
        85.79358455113002,
        85.79136221749442,
        85.7892325265067,
        85.78718893868583,
        85.78523472377232,
        85.78336007254464,
        85.78155081612724,
        85.77981785365513,
        85.7781491960798,
        85.77654484340123,
        85.77500261579242,
        85.77351488385882,
        85.77207946777344,
        85.77069418770927,
        85.7693590436663,
        85.76806967599052,
        85.76682717459542,
        85.765625,
        85.76445988246373,
        85.76333618164062
    ],