{
    "testproblem": "quadratic_deep",
    "batch_size": 128,
    "num_epochs": 100,
    "random_seed": 47,
    "weight_decay": null,
    "optimizer_name": "PowKernelMomentumOptimizerN",
    "optimizer_hyperparams": {
        "learning_rate": 0.0017654048052495065,
        "power": 0.9
    },
    "training_params": {
        "lr_sched_epochs": null,
        "lr_sched_factors": null
    },
    "train_losses": [
        354.2903834751674,
        109.04654911586216,
        119.94296155657086,
        102.92493656703404,
        99.13360486711774,
        96.88201904296875,
        94.94091360909599,
        93.4710224696568,
        92.26029532296317,
        91.22987474714007,
        90.37916782924107,
        89.66127450125558,
        89.05445970807757,
        88.54116821289062,
        88.10355159214565,
        87.72813633510044,
        87.40469469342914,
        87.12438310895648,
        86.88006809779576,
        86.66605050223214,
        86.4776360648019,
        86.31100245884487,
        86.16299983433315,
        86.0310298374721,
        85.91291264125279,
        85.80683135986328,
        85.7112557547433,
        85.62489536830357,
        85.54665156773159,
        85.47559029715401,
        85.41090066092355,
        85.35189383370536,
        85.29796927315849,
        85.24859292166573,
        85.2033200945173,
        85.16173444475446,
        85.12348393031529,
        85.08825574602399,
        85.0557610648019,
        85.02575574602399,
        84.99801635742188,
        84.9723379952567,
        84.94855063302177,
        84.92648533412388,
        84.90600040980748,
        84.886965070452,
        84.86925724574498,
        84.85277121407645,
        84.83740888323102,
        84.82308523995536,
        84.80971418108258,
        84.79722377232143,
        84.78554970877511,
        84.77462005615234,
        84.76438794817243,
        84.75479234967914,
        84.74579184395927,
        84.73733629499164,
        84.7293930053711,
        84.721923828125,
        84.7148938860212,
        84.70826939174107,
        84.70202309744698,
        84.69612993512835,
        84.69056701660156,
        84.68531036376953,
        84.68033490862165,
        84.67562539236886,
        84.6711654663086,
        84.66693769182477,
        84.66292681012835,
        84.65912083217076,
        84.65550340924945,
        84.65206582205636,
        84.64878954206195,
        84.64567565917969,
        84.6427023751395,
        84.63987077985492,
        84.63716888427734,
        84.63458905901227,
        84.6321269444057,
        84.62976619175502,
        84.62751116071429,
        84.62535095214844,
        84.62328011648995,
        84.62129429408482,
        84.61939457484654,
        84.61756787981305,
        84.61580766950335,
        84.61412266322544,
        84.61250305175781,
        84.61094120570591,
        84.60944039481026,
        84.60799189976284,
        84.60659681047711,
        84.60525076729911,
        84.6039537702288,
        84.60269818987165,
        84.6014905657087,
        84.6003167288644,
        84.59918975830078
    ],
    "valid_losses": [
        353.812752859933,
        110.45680563790458,
        121.27777426583427,
        103.80967603410993,
        100.27601950509208,
        98.02515847342355,
        96.02948216029576,
        94.60968344552177,
        93.40525817871094,
        92.36934443882534,
        91.53119659423828,
        90.82100241524833,
        90.21762193952289,
        89.70928955078125,
        89.27645329066685,
        88.9049562726702,
        88.58497946602958,
        88.30781664167132,
        88.06638009207589,
        87.8549303327288,
        87.66878836495536,
        87.50420270647321,
        87.35804312569755,
        87.22770472935268,
        87.1110349382673,
        87.00624520438058,
        86.9118183680943,
        86.82647487095424,
        86.74912806919643,
        86.67885916573661,
        86.61486489432198,
        86.5564716884068,
        86.50308009556362,
        86.45417131696429,
        86.4092995779855,
        86.36806052071708,
        86.33010973249164,
        86.29513004847935,
        86.26284899030414,
        86.23301260811942,
        86.20541272844586,
        86.17984771728516,
        86.15613882882255,
        86.1341323852539,
        86.11367906842914,
        86.09465898786273,
        86.0769511631557,
        86.0604487827846,
        86.04505811418805,
        86.0306886945452,
        86.0172620500837,
        86.0047116960798,
        85.99296242850167,
        85.9819564819336,
        85.97163827078683,
        85.96195220947266,
        85.9528557913644,
        85.94429997035435,
        85.9362542288644,
        85.92867388044085,
        85.9215316772461,
        85.914794921875,
        85.90843091692243,
        85.90242113385882,
        85.89674268450055,
        85.89136287144252,
        85.88626970563617,
        85.88143811907086,
        85.87686157226562,
        85.87251390729632,
        85.8683831351144,
        85.86446053641183,
        85.86072213309151,
        85.85716465541294,
        85.85378047398159,
        85.85054888044085,
        85.8474622453962,
        85.84452056884766,
        85.84170968191964,
        85.83901977539062,
        85.8364508492606,
        85.833986554827,
        85.83162689208984,
        85.82936423165458,
        85.82719203404018,
        85.82511029924665,
        85.82311030796596,
        85.8211898803711,
        85.81934356689453,
        85.81756482805524,
        85.81585039411273,
        85.81420462472099,
        85.81261771065849,
        85.81108638218471,
        85.80960518973214,
        85.8081795828683,
        85.80680411202567,
        85.80547332763672,
        85.80418722970145,
        85.80294254847935,
        85.80173819405692
    ],