{
    "testproblem": "quadratic_deep",
    "batch_size": 128,
    "num_epochs": 100,
    "random_seed": 51,
    "weight_decay": null,
    "optimizer_name": "PowKernelMomentumOptimizerN",
    "optimizer_hyperparams": {
        "learning_rate": 0.0017654048052495065,
        "power": 0.9
    },
    "training_params": {
        "lr_sched_epochs": null,
        "lr_sched_factors": null
    },
    "train_losses": [
        354.29371861049106,
        109.52195303780692,
        119.83334241594586,
        103.48470524379185,
        99.62706974574498,
        97.30244772774833,
        95.39343370710101,
        93.89954158238002,
        92.67342703683036,
        91.63313402448382,
        90.77013615199498,
        90.04798017229352,
        89.43931143624442,
        88.9241474696568,
        88.48714882986886,
        88.11395372663226,
        87.79311806815011,
        87.51592036655971,
        87.27512577601841,
        87.06476375034877,
        86.88005828857422,
        86.71712275913784,
        86.57273864746094,
        86.44424983433315,
        86.32946232386998,
        86.22655160086495,
        86.13397761753627,
        86.05045863560268,
        85.97489275251117,
        85.90635899135044,
        85.8440420968192,
        85.78726196289062,
        85.73542022705078,
        85.68799809047154,
        85.64454541887555,
        85.60467202322823,
        85.56801278250558,
        85.53426470075335,
        85.50315965924945,
        85.47444915771484,
        85.44791957310268,
        85.42337254115513,
        85.40063367571149,
        85.37954493931362,
        85.35997336251395,
        85.34178161621094,
        85.32486724853516,
        85.30911036900112,
        85.29442923409599,
        85.28073229108539,
        85.2679443359375,
        85.25599452427456,
        85.24481637137276,
        85.2343510219029,
        85.22454071044922,
        85.21534184047154,
        85.20670536586216,
        85.19859422956195,
        85.19096374511719,
        85.18377903529576,
        85.17701285226005,
        85.17063794817243,
        85.16461617606026,
        85.158933367048,
        85.15356009347099,
        85.14847782679966,
        85.14366694859096,
        85.13910675048828,
        85.13478524344308,
        85.13068062918526,
        85.12677873883929,
        85.1230719430106,
        85.11954389299665,
        85.1161858694894,
        85.1129869733538,
        85.10993303571429,
        85.10701751708984,
        85.10423714773995,
        85.10157448904855,
        85.09902736118862,
        85.09659140450614,
        85.09425462995257,
        85.0920170375279,
        85.0898688180106,
        85.08780561174665,
        85.08582414899554,
        85.08392007010323,
        85.08208792550224,
        85.08032880510602,
        85.07862636021206,
        85.07699040004185,
        85.0754143851144,
        85.07389068603516,
        85.07242366245815,
        85.07100350516183,
        85.06963130405971,
        85.06830596923828,
        85.06702532087054,
        85.06578281947544,
        85.06458391462054,
        85.06341879708427
    ],
    "valid_losses": [
        353.812752859933,
        110.48562404087612,
        120.54062107631138,
        103.91487775530133,
        100.34290967668805,
        97.9510007585798,
        95.99212864467076,
        94.56094142368862,
        93.33307538713727,
        92.28501674107143,
        91.43443407331195,
        90.71771349225726,
        90.1115221296038,
        89.60049547467914,
        89.16707611083984,
        88.7970221383231,
        88.47902570452008,
        88.20430755615234,
        87.96582576206752,
        87.7575443812779,
        87.57465035574776,
        87.41334315708706,
        87.2704358782087,
        87.14325060163226,
        87.02962602887835,
        86.92774309430804,
        86.83608572823661,
        86.75337982177734,
        86.67853546142578,
        86.6106196812221,
        86.5488510131836,
        86.49253954206195,
        86.44110543387276,
        86.39403533935547,
        86.35088239397321,
        86.31124768938336,
        86.27479008265904,
        86.24120657784599,
        86.21022578648159,
        86.18161228724888,
        86.15514264787946,
        86.13063485281808,
        86.10791887555804,
        86.08682359967914,
        86.06722913469586,
        86.04900251116071,
        86.03202819824219,
        86.01621464320591,
        86.00145067487445,
        85.98766762869698,
        85.97478485107422,
        85.96272931780133,
        85.95144217354911,
        85.94085693359375,
        85.93092673165458,
        85.92160252162388,
        85.91283852713448,
        85.9045878819057,
        85.89682442801339,
        85.88950674874442,
        85.88260432652065,
        85.87608773367745,
        85.86992972237724,
        85.86410522460938,
        85.8585924421038,
        85.85337502615792,
        85.84842354910714,
        85.8437260219029,
        85.83926391601562,
        85.83502851213727,
        85.83099583217076,
        85.82715715680804,
        85.82350049700055,
        85.82001168387276,
        85.81668635777065,
        85.81351143973214,
        85.8104738507952,
        85.8075692313058,
        85.80479213169643,
        85.80212838309151,
        85.79957689557757,
        85.79712677001953,
        85.79477800641742,
        85.79252188546317,
        85.79035295758929,
        85.78826686314174,
        85.7862570626395,
        85.78432791573661,
        85.78246307373047,
        85.78066907610211,
        85.7789328438895,
        85.77726200648716,
        85.77564893450055,
        85.77409035818917,
        85.7725808279855,
        85.77112579345703,
        85.76971435546875,
        85.76834760393415,
        85.76702662876674,
        85.76574598039899,
        85.7645012991769
    ],