{
    "testproblem": "quadratic_deep",
    "batch_size": 128,
    "num_epochs": 100,
    "random_seed": 50,
    "weight_decay": null,
    "optimizer_name": "PowKernelMomentumOptimizerN",
    "optimizer_hyperparams": {
        "learning_rate": 0.0017654048052495065,
        "power": 0.9
    },
    "training_params": {
        "lr_sched_epochs": null,
        "lr_sched_factors": null
    },
    "train_losses": [
        352.111563546317,
        108.83432987758091,
        119.11392102922711,
        102.87402779715401,
        98.91093444824219,
        96.59308515276227,
        94.73256574358258,
        93.22041647774833,
        91.98449162074498,
        90.9603772844587,
        90.10475594656808,
        89.3827634538923,
        88.77790941510882,
        88.26697540283203,
        87.83184487479073,
        87.45985521589007,
        87.14013780866351,
        86.86351449148995,
        86.62275804792132,
        86.41209738595145,
        86.226808820452,
        86.06305367606026,
        85.91769191196987,
        85.78812953404018,
        85.67221505301339,
        85.56815120152065,
        85.4744382585798,
        85.38980429513114,
        85.3131604875837,
        85.24358149937221,
        85.18026842389789,
        85.12254115513393,
        85.06981004987445,
        85.02154541015625,
        84.97730800083706,
        84.93669673374721,
        84.8993639264788,
        84.86499786376953,
        84.8333271571568,
        84.80410439627511,
        84.77711159842355,
        84.75215148925781,
        84.72904532296317,
        84.70763288225446,
        84.68777574811664,
        84.66933986118862,
        84.65221078055245,
        84.6362795148577,
        84.62144688197544,
        84.60763222830636,
        84.59474618094308,
        84.58272443498883,
        84.57149178641183,
        84.56099591936383,
        84.5511714390346,
        84.54197147914341,
        84.53335135323661,
        84.52526746477399,
        84.51767839704242,
        84.5105481828962,
        84.50384630475726,
        84.49754006522042,
        84.4916000366211,
        84.48600442068917,
        84.48072487967355,
        84.47574506487165,
        84.47103990827289,
        84.46658979143415,
        84.46238490513393,
        84.45840127127511,
        84.45462690080915,
        84.45104653494698,
        84.4476547241211,
        84.4444340297154,
        84.44136701311383,
        84.43845912388393,
        84.43568638392857,
        84.43304770333427,
        84.43053109305245,
        84.42813437325614,
        84.42584991455078,
        84.42366354806083,
        84.42157418387276,
        84.41958509172711,
        84.41767338344029,
        84.41584777832031,
        84.41409955705915,
        84.41242436000279,
        84.41081019810268,
        84.40927124023438,
        84.4077889578683,
        84.40636553083148,
        84.40499986921039,
        84.4036865234375,
        84.40242222377232,
        84.40120370047433,
        84.40002986363002,
        84.3989007132394,
        84.39781297956195,
        84.39676230294364,
        84.39574868338448
    ],
    "valid_losses": [
        353.812752859933,
        110.17346954345703,
        120.05144500732422,
        104.09826224190849,
        100.26568494524274,
        97.78671591622489,
        95.96169607979911,
        94.50307028634208,
        93.24434879847935,
        92.22474888392857,
        91.38368334089007,
        90.66372353690011,
        90.06243351527623,
        89.55657523018974,
        89.12490953717914,
        88.75618961879185,
        88.43948037283761,
        88.1654052734375,
        87.92701830182757,
        87.71847207205636,
        87.53502546037946,
        87.37293352399554,
        87.22906276157924,
        87.10080065046039,
        86.98604365757534,
        86.88301522391183,
        86.7902112688337,
        86.70636967250279,
        86.63043648856026,
        86.56147984095982,
        86.49871281215123,
        86.44146183558873,
        86.38913181849888,
        86.34122467041016,
        86.29727935791016,
        86.25691441127232,
        86.21978650774274,
        86.18558829171317,
        86.15403965541294,
        86.12491498674665,
        86.09799085344586,
        86.0730699811663,
        86.04998234340123,
        86.02857208251953,
        86.00869315011161,
        85.99022020612445,
        85.97303989955357,
        85.95703996930804,
        85.94213540213448,
        85.92822919573102,
        85.91524723597935,
        85.90311649867466,
        85.8917726789202,
        85.88115474155971,
        85.87120928083148,
        85.86187853131976,
        85.85312761579242,
        85.84490421840123,
        85.83717782156808,
        85.82991027832031,
        85.82306453159877,
        85.81661115373883,
        85.81052834647042,
        85.80478341238839,
        85.79936000279018,
        85.79423304966518,
        85.7893818446568,
        85.78478894914899,
        85.78043583461216,
        85.77631160191127,
        85.77239336286273,
        85.7686745779855,
        85.765138898577,
        85.76178196498326,
        85.75858197893415,
        85.75553349086216,
        85.75262996128627,
        85.74986049107143,
        85.7472163609096,
        85.74469212123326,
        85.74227905273438,
        85.73997061593192,
        85.73776681082589,
        85.73565019880023,
        85.73362622942243,
        85.73168182373047,
        85.72981916155133,
        85.72803388323102,
        85.72631508963448,
        85.72466823032924,
        85.72308131626674,
        85.72155652727399,
        85.72008623395648,
        85.7186747959682,
        85.71731240408761,
        85.71600014822823,
        85.71473257882255,
        85.71351078578404,
        85.71233694893974,
        85.71119580950055,
        85.71009826660156
    ],