{
    "testproblem": "mnist_vae",
    "batch_size": 64,
    "num_epochs": 50,
    "random_seed": 42,
    "weight_decay": null,
    "optimizer_name": "PowKernelMomentumOptimizerN",
    "optimizer_hyperparams": {
        "learning_rate": 0.03113095956122122,
        "power": 0.5
    },
    "training_params": {
        "allow_early_finish": true
    },
    "train_losses": [
        181.3757605919471,
        181.3757605919471,
        181.3757605919471,
        181.3757605919471,
        181.3757605919471,
        181.3757605919471,
        181.3757605919471,
        181.3757605919471,
        181.3757605919471,
        181.3757605919471,
        181.3757605919471,
        181.3757605919471,
        181.3757605919471,
        181.3757605919471,
        181.3757605919471,
        181.3757605919471,
        181.3757605919471,
        181.3757605919471,
        181.3757605919471,
        181.3757605919471,
        181.3757605919471,
        181.3757605919471,
        181.3757605919471,
        181.3757605919471,
        181.3757605919471,
        181.3757605919471,
        181.3757605919471,
        181.3757605919471,
        181.3757605919471,
        181.3757605919471,
        181.3757605919471,
        181.3757605919471,
        181.3757605919471,
        181.3757605919471,
        181.3757605919471,
        181.3757605919471,
        181.3757605919471,
        181.3757605919471,
        181.3757605919471,
        181.3757605919471,
        181.3757605919471,
        181.3757605919471,
        181.3757605919471,
        181.3757605919471,
        181.3757605919471,
        181.3757605919471,
        181.3757605919471,
        181.3757605919471,
        181.3757605919471,
        181.3757605919471,
        181.3757605919471
    ],
    "valid_losses": [
        181.3172221061511,
        181.3172221061511,
        181.3172221061511,
        181.3172221061511,
        181.3172221061511,
        181.3172221061511,
        181.3172221061511,
        181.3172221061511,
        181.3172221061511,
        181.3172221061511,
        181.3172221061511,
        181.3172221061511,
        181.3172221061511,
        181.3172221061511,
        181.3172221061511,
        181.3172221061511,
        181.3172221061511,
        181.3172221061511,
        181.3172221061511,
        181.3172221061511,
        181.3172221061511,
        181.3172221061511,
        181.3172221061511,
        181.3172221061511,
        181.3172221061511,
        181.3172221061511,
        181.3172221061511,
        181.3172221061511,
        181.3172221061511,
        181.3172221061511,
        181.3172221061511,
        181.3172221061511,
        181.3172221061511,
        181.3172221061511,
        181.3172221061511,
        181.3172221061511,
        181.3172221061511,
        181.3172221061511,
        181.3172221061511,
        181.3172221061511,
        181.3172221061511,
        181.3172221061511,
        181.3172221061511,
        181.3172221061511,
        181.3172221061511,
        181.3172221061511,
        181.3172221061511,
        181.3172221061511,
        181.3172221061511,
        181.3172221061511,
        181.3172221061511
    ],
    "test_losses": [
        181.37621258466672,
        181.37621258466672,
        181.37621258466672,
        181.37621258466672,
        181.37621258466672,
        181.37621258466672,
        181.37621258466672,
        181.37621258466672,
        181.37621258466672,
        181.37621258466672,
        181.37621258466672,
        181.37621258466672,
        181.37621258466672,
        181.37621258466672,
        181.37621258466672,
        181.37621258466672,
        181.37621258466672,
        181.37621258466672,
        181.37621258466672,
        181.37621258466672,
        181.37621258466672,
        181.37621258466672,
        181.37621258466672,
        181.37621258466672,
        181.37621258466672,
        181.37621258466672,
        181.37621258466672,
        181.37621258466672,
        181.37621258466672,
        181.37621258466672,
        181.37621258466672,
        181.37621258466672,
        181.37621258466672,
        181.37621258466672,
        181.37621258466672,
        181.37621258466672,
        181.37621258466672,
        181.37621258466672,
        181.37621258466672,
        181.37621258466672,
        181.37621258466672,
        181.37621258466672,
        181.37621258466672,
        181.37621258466672,
        181.37621258466672,
        181.37621258466672,
        181.37621258466672,
        181.37621258466672,
        181.37621258466672,
        181.37621258466672,
        181.37621258466672
    ],