{
    "testproblem": "quadratic_deep",
    "batch_size": 128,
    "num_epochs": 100,
    "random_seed": 42,
    "weight_decay": null,
    "optimizer_name": "PowKernelMomentumOptimizerN",
    "optimizer_hyperparams": {
        "learning_rate": 0.0005416754583247456,
        "power": 0.8
    },
    "training_params": {
        "lr_sched_epochs": null,
        "lr_sched_factors": null
    },
    "train_losses": [
        352.8963623046875,
        210.6830575125558,
        114.50205884660993,
        108.7098388671875,
        110.37847028459821,
        104.84061867850167,
        102.52511487688336,
        101.82616097586495,
        100.8563232421875,
        100.01951163155692,
        99.29478999546596,
        98.60035705566406,
        97.9485342843192,
        97.33226885114398,
        96.74752916608539,
        96.19457135881696,
        95.67164611816406,
        95.1768548148019,
        94.70860944475446,
        94.26537976946149,
        93.84573691231864,
        93.44837624686105,
        93.07199968610492,
        92.7153799874442,
        92.37738691057477,
        92.05694471086774,
        91.75305284772601,
        91.46476091657367,
        91.19117845807757,
        90.93145533970424,
        90.68480791364398,
        90.45052664620536,
        90.2279303414481,
        90.01634325299945,
        89.81514304024833,
        89.62374005998883,
        89.44159153529576,
        89.26817757742745,
        89.10301753452846,
        88.94566236223493,
        88.79568917410714,
        88.65267726353237,
        88.51624080113002,
        88.38600267682757,
        88.2616457257952,
        88.14285714285714,
        88.02934047154018,
        87.9208232334682,
        87.8170416695731,
        87.71773529052734,
        87.62266431535993,
        87.53161076136998,
        87.44436645507812,
        87.36072867257255,
        87.28051648821149,
        87.2035642351423,
        87.12970515659877,
        87.05879320417132,
        86.9906736101423,
        86.92520359584263,
        86.8622567313058,
        86.8017098563058,
        86.74343872070312,
        86.68733433314732,
        86.63330514090401,
        86.58125414167132,
        86.53108433314732,
        86.48271724155971,
        86.43605477469308,
        86.39102935791016,
        86.34756687709263,
        86.30560302734375,
        86.26506696428571,
        86.2259031023298,
        86.18804604666573,
        86.1514423915318,
        86.11603546142578,
        86.08177730015346,
        86.04862540108817,
        86.0165263584682,
        85.98544202532086,
        85.95532880510602,
        85.9261452811105,
        85.89786420549665,
        85.8704365321568,
        85.84383828299386,
        85.81803785051618,
        85.79300253731864,
        85.7687018258231,
        85.74511064801898,
        85.72220393589565,
        85.699953351702,
        85.6783425467355,
        85.65734318324498,
        85.6369378226144,
        85.61710248674665,
        85.59782082693917,
        85.57907104492188,
        85.56083679199219,
        85.54310062953404,
        85.52584838867188
    ],
    "valid_losses": [
        353.812752859933,
        211.68954031808036,
        115.56497410365513,
        109.66841888427734,
        111.18532017299107,
        105.57997567313058,
        103.31040409633091,
        102.6932623726981,
        101.76273672921317,
        100.91441999162946,
        100.16422816685268,
        99.4596699305943,
        98.81564113071987,
        98.21213095528739,
        97.63494873046875,
        97.08374568394252,
        96.5610100882394,
        96.06783839634487,
        95.60274069649833,
        95.16295732770648,
        94.74625505719867,
        94.3513412475586,
        93.97726876395089,
        93.6230228969029,
        93.28743525913784,
        92.96931893484933,
        92.66763087681362,
        92.38144901820591,
        92.10992431640625,
        91.85221426827567,
        91.60752323695591,
        91.37513296944755,
        91.15436771937779,
        90.94456808907645,
        90.74511391775948,
        90.55542646135602,
        90.37494877406529,
        90.20316205705915,
        90.03959655761719,
        89.88378143310547,
        89.73530905587333,
        89.59376634870257,
        89.45873587472099,
        89.32986559186664,
        89.20682198660714,
        89.08929988316127,
        88.97702135358539,
        88.8697008405413,
        88.76708984375,
        88.6689224243164,
        88.57495444161552,
        88.48497118268695,
        88.39876338413784,
        88.31613050188336,
        88.2368916102818,
        88.16087450299945,
        88.08792877197266,
        88.01789964948382,
        87.95062800816127,
        87.885984148298,
        87.82383728027344,
        87.7640620640346,
        87.70655059814453,
        87.65118517194476,
        87.59786987304688,
        87.54651532854352,
        87.49701799665179,
        87.4492939540318,
        87.40326254708427,
        87.35884421212333,
        87.3159670148577,
        87.27456665039062,
        87.23457881382534,
        87.19594464983258,
        87.15860639299665,
        87.1225095476423,
        87.08759416852679,
        87.05381447928292,
        87.02111925397601,
        86.98947143554688,
        86.95882742745536,
        86.92914363316127,
        86.90037536621094,
        86.87249537876674,
        86.84546225411552,
        86.81924656459263,
        86.79381234305245,
        86.76913779122489,
        86.74518585205078,
        86.72193363734654,
        86.69935389927456,
        86.67742483956474,
        86.65612030029297,
        86.63541412353516,
        86.61529867989677,
        86.59574563162667,
        86.57673754010882,
        86.55825914655414,
        86.540281023298,
        86.52280099051339,
        86.50579507010323
    ],