{
    "testproblem": "quadratic_deep",
    "batch_size": 128,
    "num_epochs": 100,
    "random_seed": 42,
    "weight_decay": null,
    "optimizer_name": "PowKernelMomentumOptimizer",
    "optimizer_hyperparams": {
        "learning_rate": 0.027964859516062437,
        "power": 0.8
    },
    "training_params": {
        "lr_sched_epochs": null,
        "lr_sched_factors": null
    },
    "train_losses": [
        352.8963535853795,
        205.52892848423548,
        130.55159541538782,
        102.3812746320452,
        91.14388711111886,
        92.1499764578683,
        90.36429159981864,
        90.45613316127232,
        91.40285055977958,
        90.62499891008649,
        90.66760144914899,
        90.88788822719029,
        90.46453530447823,
        90.0929685320173,
        89.93503897530692,
        89.79895564488002,
        89.66300528390067,
        89.52296774727958,
        89.43910762241909,
        89.40690067836216,
        89.38177490234375,
        89.36293683733258,
        89.35361589704242,
        89.35522569928851,
        89.36112867082868,
        89.3624768938337,
        89.36484963553292,
        89.36994171142578,
        89.37357112339565,
        89.37621416364398,
        89.37900870186942,
        89.38150787353516,
        89.38372584751674,
        89.38577706473214,
        89.38769640241351,
        89.38948931012835,
        89.39121791294643,
        89.3929203578404,
        89.39454977852958,
        89.39611489432198,
        89.39766039167132,
        89.39916447230748,
        89.40062277657645,
        89.40204293387276,
        89.40342603410993,
        89.40476771763393,
        89.40606580461774,
        89.40732901436942,
        89.40856061662946,
        89.40975625174386,
        89.41091700962612,
        89.41204833984375,
        89.41314806256976,
        89.41421508789062,
        89.41525050571987,
        89.41625540597099,
        89.41723523821149,
        89.41818673270089,
        89.41910988943917,
        89.42000470842633,
        89.4208755493164,
        89.42172132219586,
        89.42254093715123,
        89.42333875383649,
        89.42411586216518,
        89.42486572265625,
        89.42559923444476,
        89.42630985804966,
        89.42699759347099,
        89.42766898018974,
        89.4283218383789,
        89.428952898298,
        89.4295676095145,
        89.43016706194196,
        89.43074580601284,
        89.43131147112165,
        89.43185642787388,
        89.43239266531808,
        89.4329081944057,
        89.43341173444476,
        89.43390437534877,
        89.43438284737724,
        89.43484388078961,
        89.43529837472099,
        89.43573543003627,
        89.43616049630302,
        89.43658338274274,
        89.43698338099888,
        89.43737901960101,
        89.43776593889508,
        89.43813868931362,
        89.43850381033761,
        89.43885585239956,
        89.43920135498047,
        89.43953704833984,
        89.43986402239118,
        89.440183367048,
        89.44049726213727,
        89.44080570765904,
        89.44109998430524,
        89.44139208112445
    ],
    "valid_losses": [
        353.81274850027904,
        207.73040335518974,
        133.5323224748884,
        104.98986053466797,
        92.54879978724888,
        92.98586818150112,
        91.86599295479911,
        92.28764888218471,
        93.05273873465401,
        92.3254895891462,
        92.39612688337054,
        92.62079402378627,
        92.21607099260602,
        91.81556810651507,
        91.67698124476841,
        91.55025700160435,
        91.38336944580078,
        91.24793243408203,
        91.16728210449219,
        91.12474387032645,
        91.10064479282924,
        91.08182743617466,
        91.07055119105748,
        91.07157026018415,
        91.07696533203125,
        91.07801382882255,
        91.07987649100167,
        91.08458818708148,
        91.08799198695591,
        91.09026118687221,
        91.09272003173828,
        91.09498923165458,
        91.09692491803851,
        91.09874507359096,
        91.10045623779297,
        91.1020268031529,
        91.1035646711077,
        91.10509055001395,
        91.10653904506138,
        91.10795266287667,
        91.10935429164341,
        91.11072322300502,
        91.11205400739398,
        91.11335754394531,
        91.11463056291852,
        91.1158697945731,
        91.11707305908203,
        91.11824689592633,
        91.11939348493304,
        91.12051500592914,
        91.12160273960659,
        91.12266758510044,
        91.12370082310268,
        91.12471226283482,
        91.12569100516183,
        91.12664685930524,
        91.12757873535156,
        91.12848227364677,
        91.12936074393136,
        91.13021850585938,
        91.1310544695173,
        91.13186209542411,
        91.13265010288784,
        91.13341522216797,
        91.13416181291852,
        91.13488333565849,
        91.13558959960938,
        91.13627406529018,
        91.13694109235492,
        91.13759177071708,
        91.13822065080915,
        91.13883427211216,
        91.13943045479911,
        91.14000701904297,
        91.14057268415179,
        91.14111982073102,
        91.14165496826172,
        91.14217703683036,
        91.1426762172154,
        91.14317103794643,
        91.14364733014789,
        91.14411381312779,
        91.14456721714565,
        91.14500754220145,
        91.1454347882952,
        91.14585331508091,
        91.1462631225586,
        91.14665876116071,
        91.1470467703683,
        91.14741952078683,
        91.14778682163784,
        91.1481432233538,
        91.1484876360212,
        91.14883095877511,
        91.14916229248047,
        91.14948381696429,
        91.14979771205357,
        91.15010724748883,
        91.15040479387555,
        91.15069580078125,
        91.15098571777344
    ],