{
    "testproblem": "quadratic_deep",
    "batch_size": 128,
    "num_epochs": 100,
    "random_seed": 42,
    "weight_decay": null,
    "optimizer_name": "PowKernelMomentumOptimizerN",
    "optimizer_hyperparams": {
        "learning_rate": 0.0006242659053860567,
        "power": 0.6000000000000001
    },
    "training_params": {
        "lr_sched_epochs": null,
        "lr_sched_factors": null
    },
    "train_losses": [
        352.8963623046875,
        252.56931631905692,
        148.0344521658761,
        107.95158059256417,
        107.04501560756138,
        106.53990282331195,
        103.50148119245257,
        102.142580304827,
        101.29440634591239,
        100.34208570207868,
        99.48629760742188,
        98.69044821602958,
        97.93524060930524,
        97.2233145577567,
        96.55236707414899,
        95.92178889683315,
        95.32986559186664,
        94.77415248325893,
        94.25253404889789,
        93.76300702776227,
        93.30395398821149,
        92.8733139038086,
        92.46914672851562,
        92.08971078055245,
        91.73322078159877,
        91.39812905447823,
        91.08304922921317,
        90.78658403669085,
        90.50758034842355,
        90.24489375523159,
        89.9976054600307,
        89.76473454066685,
        89.54533386230469,
        89.3385238647461,
        89.14363534109933,
        88.95989554268974,
        88.78649139404297,
        88.6226828438895,
        88.46788242885044,
        88.32149614606585,
        88.18302590506417,
        88.05194527762276,
        87.92781502859933,
        87.81023842947823,
        87.69880785260882,
        87.59313528878349,
        87.49281964983258,
        87.39748927525112,
        87.30677795410156,
        87.22038051060268,
        87.13803318568638,
        87.0595201764788,
        86.98459189278739,
        86.91303362165179,
        86.84463718959263,
        86.77923474993024,
        86.71666063581195,
        86.65677860804966,
        86.59942953927177,
        86.54446084158761,
        86.49174499511719,
        86.44117409842355,
        86.39263807024274,
        86.34604317801339,
        86.30129895891461,
        86.2583236694336,
        86.21703556605748,
        86.17735508510044,
        86.13919394356864,
        86.10248020717076,
        86.06715393066406,
        86.03314862932477,
        86.00039999825614,
        85.96884482247489,
        85.93841770717076,
        85.90907832554409,
        85.8807623726981,
        85.85344914027623,
        85.82708413260323,
        85.80162920270648,
        85.77703530447823,
        85.75327410016742,
        85.73031071254185,
        85.70810808454242,
        85.68663896833148,
        85.66587502615792,
        85.64578356061664,
        85.62634822300502,
        85.60755157470703,
        85.58935982840401,
        85.57173919677734,
        85.55467224121094,
        85.5381349836077,
        85.52210453578404,
        85.5065667288644,
        85.49149976457868,
        85.47688293457031,
        85.46270860944476,
        85.44895499093192,
        85.43561444963727,
        85.42267063685826
    ],
    "valid_losses": [
        353.812752859933,
        253.5839625767299,
        149.16466413225447,
        109.06371307373047,
        107.97880009242466,
        107.31087493896484,
        104.23404148646763,
        102.94854300362724,
        102.18296160016742,
        101.25120980398995,
        100.37329210553851,
        99.5566656930106,
        98.80135999407086,
        98.10282679966518,
        97.44344983782086,
        96.81725529261998,
        96.22640991210938,
        95.67285265241351,
        95.15521349225726,
        94.6699970790318,
        94.21439579554966,
        93.7866679600307,
        93.38532257080078,
        93.00878252301898,
        92.65518515450614,
        92.32290431431362,
        92.01049695696149,
        91.71651894705636,
        91.43977682931083,
        91.17927006312779,
        90.934079851423,
        90.70326014927456,
        90.4859139578683,
        90.2811529976981,
        90.08834184919085,
        89.90664890834263,
        89.7351575578962,
        89.57313428606305,
        89.41995239257812,
        89.27512577601841,
        89.13825007847377,
        89.00879451206752,
        88.88627297537667,
        88.77024514334542,
        88.66027396065849,
        88.5559321812221,
        88.45685032435826,
        88.36264910016742,
        88.27303423200335,
        88.18773433140346,
        88.10644640241351,
        88.02893611363002,
        87.95498984200614,
        87.88436671665737,
        87.81686401367188,
        87.75228881835938,
        87.69051906040737,
        87.6314446585519,
        87.57487269810268,
        87.52064296177456,
        87.46863991873605,
        87.41875566755023,
        87.37088775634766,
        87.32493700299945,
        87.28079441615513,
        87.23837607247489,
        87.19762638636998,
        87.15845598493304,
        87.12078857421875,
        87.08453369140625,
        87.04964011056083,
        87.01605551583427,
        86.98372759137835,
        86.95259639195034,
        86.92260088239398,
        86.89368329729352,
        86.86578260149274,
        86.83885519845145,
        86.81286294119698,
        86.78778403145927,
        86.7635726928711,
        86.74018968854632,
        86.71759251185826,
        86.69573974609375,
        86.67459869384766,
        86.65413665771484,
        86.63433292933873,
        86.61518205915179,
        86.59667641775948,
        86.57877785818917,
        86.56144605364118,
        86.54465593610492,
        86.52837916782924,
        86.51260484967914,
        86.49732208251953,
        86.48250688825335,
        86.46813092912946,
        86.45418875558036,
        86.44067055838448,
        86.4275621686663,
        86.41483960832868
    ],