{
    "testproblem": "quadratic_deep",
    "batch_size": 128,
    "num_epochs": 100,
    "random_seed": 42,
    "weight_decay": null,
    "optimizer_name": "PowKernelMomentumOptimizerN",
    "optimizer_hyperparams": {
        "learning_rate": 0.14477786306928653,
        "power": 0.6000000000000001
    },
    "training_params": {
        "lr_sched_epochs": null,
        "lr_sched_factors": null
    },
    "train_losses": [
        352.8963623046875,
        2995.84912109375,
        3213.91162109375,
        3217.274588448661,
        3305.8055245535716,
        3261.7869698660716,
        3312.6273018973216,
        3261.401611328125,
        3312.294015066964,
        3261.212227957589,
        3312.170828683036,
        3261.1384626116073,
        3312.127511160714,
        3261.107840401786,
        3312.1047712053573,
        3261.089669363839,
        3312.090087890625,
        3261.0774274553573,
        3312.0795549665177,
        3261.0693708147323,
        3312.07177734375,
        3261.0623604910716,
        3312.0663016183034,
        3261.057442801339,
        3312.061767578125,
        3261.053152901786,
        3312.058175223214,
        3261.0504324776784,
        3312.0556989397323,
        3261.0478864397323,
        3312.05322265625,
        3261.0451311383927,
        3312.0514787946427,
        3261.043631417411,
        3312.0500139508927,
        3261.042550223214,
        3312.0487234933034,
        3261.041259765625,
        3312.0475027901784,
        3261.040213448661,
        3312.0462472098216,
        3261.03955078125,
        3312.0457589285716,
        3261.038504464286,
        3312.044677734375,
        3261.0381208147323,
        3312.0445382254466,
        3261.0372488839284,
        3312.044119698661,
        3261.0370744977677,
        3312.043631417411,
        3261.0369698660716,
        3312.0431780133927,
        3261.035958426339,
        3312.042794363839,
        3261.0360979352677,
        3312.0426897321427,
        3261.035818917411,
        3312.0421316964284,
        3261.0356794084823,
        3312.0421316964284,
        3261.035400390625,
        3312.0413992745534,
        3261.0349469866073,
        3312.0417829241073,
        3261.034912109375,
        3312.0412946428573,
        3261.034493582589,
        3312.0408761160716,
        3261.0340750558034,
        3312.040841238839,
        3261.0344587053573,
        3312.0408761160716,
        3261.033935546875,
        3312.040841238839,
        3261.0340750558034,
        3312.040771484375,
        3261.0339006696427,
        3312.040771484375,
        3261.0335867745534,
        3312.04052734375,
        3261.0335518973216,
        3312.04052734375,
        3261.0335867745534,
        3312.0403180803573,
        3261.033517020089,
        3312.0406668526784,
        3261.033761160714,
        3312.0407366071427,
        3261.0335867745534,
        3312.0401785714284,
        3261.0332380022323,
        3312.0401785714284,
        3261.0333426339284,
        3312.0402483258927,
        3261.033517020089,
        3312.040108816964,
        3261.033517020089,
        3312.039969308036,
        3261.0333077566966,
        3312.039725167411
    ],
    "valid_losses": [
        353.812752859933,
        3006.9518694196427,
        3205.8716866629466,
        3225.003243582589,
        3303.078543526786,
        3266.2939104352677,
        3310.6344866071427,
        3265.8188127790177,
        3310.3017578125,
        3265.627999441964,
        3310.1739327566966,
        3265.5489676339284,
        3310.1286969866073,
        3265.5189034598216,
        3310.1068289620534,
        3265.5012555803573,
        3310.0923897879466,
        3265.4891183035716,
        3310.0819963727677,
        3265.4810965401784,
        3310.074393136161,
        3265.474190848214,
        3310.0687430245534,
        3265.469308035714,
        3310.064383370536,
        3265.4647391183034,
        3310.060616629464,
        3265.4620535714284,
        3310.0580705915177,
        3265.4594377790177,
        3310.0556640625,
        3265.456717354911,
        3310.0539899553573,
        3265.4552176339284,
        3310.052315848214,
        3265.4539969308034,
        3310.051025390625,
        3265.4527762276784,
        3310.0496651785716,
        3265.4516950334823,
        3310.0484444754466,
        3265.450857979911,
        3310.047781808036,
        3265.449776785714,
        3310.0469098772323,
        3265.449462890625,
        3310.0465959821427,
        3265.4485212053573,
        3310.046142578125,
        3265.4483468191966,
        3310.045584542411,
        3265.448067801339,
        3310.0451311383927,
        3265.447091238839,
        3310.044747488839,
        3265.4473005022323,
        3310.044607979911,
        3265.4468819754466,
        3310.0440499441966,
        3265.4468122209823,
        3310.044015066964,
        3265.446463448661,
        3310.0432477678573,
        3265.4459402901784,
        3310.043701171875,
        3265.4459054129466,
        3310.0430733816966,
        3265.445382254464,
        3310.042794363839,
        3265.4451729910716,
        3310.042724609375,
        3265.4453125,
        3310.0428641183034,
        3265.4449288504466,
        3310.042724609375,
        3265.4450334821427,
        3310.0423758370534,
        3265.444754464286,
        3310.042410714286,
        3265.444649832589,
        3310.042236328125,
        3265.444580078125,
        3310.0422712053573,
        3265.4446149553573,
        3310.042061941964,
        3265.4444754464284,
        3310.0422712053573,
        3265.444649832589,
        3310.0422712053573,
        3265.444510323661,
        3310.0418526785716,
        3265.4441266741073,
        3310.041748046875,
        3265.4441266741073,
        3310.0419921875,
        3265.4443708147323,
        3310.041748046875,
        3265.4443359375,
        3310.0413992745534,
        3265.4440569196427,
        3310.0412946428573
    ],