{
    "testproblem": "fmnist_vae",
    "batch_size": 64,
    "num_epochs": 100,
    "random_seed": 42,
    "weight_decay": null,
    "optimizer_name": "PowKernelGradientDescentOptimizer",
    "optimizer_hyperparams": {
        "learning_rate": 0.017912362571043654,
        "power": 0.5
    },
    "training_params": {
        "lr_sched_epochs": null,
        "lr_sched_factors": null
    },
    "train_losses": [
        133.04190723712628,
        133.04190723712628,
        133.04190723712628,
        133.04190723712628,
        133.04190723712628,
        133.04190723712628,
        133.04190723712628,
        133.04190723712628,
        133.04190723712628,
        133.04190723712628,
        133.04190723712628,
        133.04190723712628,
        133.04190723712628,
        133.04190723712628,
        133.04190723712628,
        133.04190723712628,
        133.04190723712628,
        133.04190723712628,
        133.04190723712628,
        133.04190723712628,
        133.04190723712628,
        133.04190723712628,
        133.04190723712628,
        133.04190723712628,
        133.04190723712628,
        133.04190723712628,
        133.04190723712628,
        133.04190723712628,
        133.04190723712628,
        133.04190723712628,
        133.04190723712628,
        133.04190723712628,
        133.04190723712628,
        133.04190723712628,
        133.04190723712628,
        133.04190723712628,
        133.04190723712628,
        133.04190723712628,
        133.04190723712628,
        133.04190723712628,
        133.04190723712628,
        133.04190723712628,
        133.04190723712628,
        133.04190723712628,
        133.04190723712628,
        133.04190723712628,
        133.04190723712628,
        133.04190723712628,
        133.04190723712628,
        133.04190723712628,
        133.04190723712628,
        133.04190723712628,
        133.04190723712628,
        133.04190723712628,
        133.04190723712628,
        133.04190723712628,
        133.04190723712628,
        133.04190723712628,
        133.04190723712628,
        133.04190723712628,
        133.04190723712628,
        133.04190723712628,
        133.04190723712628,
        133.04190723712628,
        133.04190723712628,
        133.04190723712628,
        133.04190723712628,
        133.04190723712628,
        133.04190723712628,
        133.04190723712628,
        133.04190723712628,
        133.04190723712628,
        133.04190723712628,
        133.04190723712628,
        133.04190723712628,
        133.04190723712628,
        133.04190723712628,
        133.04190723712628,
        133.04190723712628,
        133.04190723712628,
        133.04190723712628,
        133.04190723712628,
        133.04190723712628,
        133.04190723712628,
        133.04190723712628,
        133.04190723712628,
        133.04190723712628,
        133.04190723712628,
        133.04190723712628,
        133.04190723712628,
        133.04190723712628,
        133.04190723712628,
        133.04190723712628,
        133.04190723712628,
        133.04190723712628,
        133.04190723712628,
        133.04190723712628,
        133.04190723712628,
        133.04190723712628,
        133.04190723712628,
        133.04190723712628
    ],
    "valid_losses": [
        134.00498546698154,
        134.00498546698154,
        134.00498546698154,
        134.00498546698154,
        134.00498546698154,
        134.00498546698154,
        134.00498546698154,
        134.00498546698154,
        134.00498546698154,
        134.00498546698154,
        134.00498546698154,
        134.00498546698154,
        134.00498546698154,
        134.00498546698154,
        134.00498546698154,
        134.00498546698154,
        134.00498546698154,
        134.00498546698154,
        134.00498546698154,
        134.00498546698154,
        134.00498546698154,
        134.00498546698154,
        134.00498546698154,
        134.00498546698154,
        134.00498546698154,
        134.00498546698154,
        134.00498546698154,
        134.00498546698154,
        134.00498546698154,
        134.00498546698154,
        134.00498546698154,
        134.00498546698154,
        134.00498546698154,
        134.00498546698154,
        134.00498546698154,
        134.00498546698154,
        134.00498546698154,
        134.00498546698154,
        134.00498546698154,
        134.00498546698154,
        134.00498546698154,
        134.00498546698154,
        134.00498546698154,
        134.00498546698154,
        134.00498546698154,
        134.00498546698154,
        134.00498546698154,
        134.00498546698154,
        134.00498546698154,
        134.00498546698154,
        134.00498546698154,
        134.00498546698154,
        134.00498546698154,
        134.00498546698154,
        134.00498546698154,
        134.00498546698154,
        134.00498546698154,
        134.00498546698154,
        134.00498546698154,
        134.00498546698154,
        134.00498546698154,
        134.00498546698154,
        134.00498546698154,
        134.00498546698154,
        134.00498546698154,
        134.00498546698154,
        134.00498546698154,
        134.00498546698154,
        134.00498546698154,
        134.00498546698154,
        134.00498546698154,
        134.00498546698154,
        134.00498546698154,
        134.00498546698154,
        134.00498546698154,
        134.00498546698154,
        134.00498546698154,
        134.00498546698154,
        134.00498546698154,
        134.00498546698154,
        134.00498546698154,
        134.00498546698154,
        134.00498546698154,
        134.00498546698154,
        134.00498546698154,
        134.00498546698154,
        134.00498546698154,
        134.00498546698154,
        134.00498546698154,
        134.00498546698154,
        134.00498546698154,
        134.00498546698154,
        134.00498546698154,
        134.00498546698154,
        134.00498546698154,
        134.00498546698154,
        134.00498546698154,
        134.00498546698154,
        134.00498546698154,
        134.00498546698154,
        134.00498546698154
    ],