{
    "testproblem": "quadratic_deep",
    "batch_size": 128,
    "num_epochs": 100,
    "random_seed": 42,
    "weight_decay": null,
    "optimizer_name": "PowKernelGradientDescentOptimizer",
    "optimizer_hyperparams": {
        "learning_rate": 0.0016536937182824417,
        "power": 0.8
    },
    "training_params": {
        "lr_sched_epochs": null,
        "lr_sched_factors": null
    },
    "train_losses": [
        352.8963535853795,
        240.3521728515625,
        176.5741925920759,
        141.51127188546317,
        122.83523450578961,
        113.19124494280133,
        108.33939361572266,
        105.92613329206195,
        104.69142804827008,
        103.99463217599052,
        103.53736005510602,
        103.18578992571149,
        102.88186645507812,
        102.60106222970145,
        102.33277457101005,
        102.0723135811942,
        101.81763676234654,
        101.5678209577288,
        101.3224127633231,
        101.08117348807198,
        100.84395381382534,
        100.6106436593192,
        100.38116564069476,
        100.1554456438337,
        99.93341936383929,
        99.71502358572823,
        99.50019836425781,
        99.28888157435826,
        99.08101436070034,
        98.87654985700335,
        98.67543138776507,
        98.47760445731026,
        98.28301021030971,
        98.09158870152065,
        97.90328434535435,
        97.71805245535714,
        97.53582981654576,
        97.35657610212054,
        97.18024117606026,
        97.0067858014788,
        96.83615003313336,
        96.6682859148298,
        96.5031509399414,
        96.34069061279297,
        96.18085697719029,
        96.02361297607422,
        95.8689215523856,
        95.71672821044922,
        95.56698717389789,
        95.41965593610492,
        95.2747061593192,
        95.13209751674107,
        94.99177987234933,
        94.85371398925781,
        94.71785082135882,
        94.58415985107422,
        94.45260402134487,
        94.3231430053711,
        94.19574955531529,
        94.0703877040318,
        93.94702584402901,
        93.82562255859375,
        93.70614079066685,
        93.5885478428432,
        93.47281210763114,
        93.35890742710659,
        93.24678584507534,
        93.13643210274833,
        93.02781132289341,
        92.9208984375,
        92.81566728864398,
        92.71208190917969,
        92.61011941092355,
        92.50974600655692,
        92.4109355381557,
        92.31366293770927,
        92.21790313720703,
        92.12362343924386,
        92.03080204554966,
        91.9394051688058,
        91.84941646030971,
        91.76080540248326,
        91.67355019705636,
        91.58762904575893,
        91.50302342006138,
        91.41970498221261,
        91.33765520368304,
        91.25686318533761,
        91.17728969029018,
        91.09893362862724,
        91.02176339285714,
        90.94575718470982,
        90.87090737479073,
        90.79717472621373,
        90.72454942975726,
        90.65302058628627,
        90.58255876813617,
        90.51315198625836,
        90.44478171212333,
        90.37743377685547,
        90.3110852922712
    ],
    "valid_losses": [
        353.81274850027904,
        241.34362139020647,
        177.59540448869978,
        142.53152901785714,
        123.83614567347935,
        114.16551753452846,
        109.28662109375,
        106.84997449602399,
        105.59651184082031,
        104.88622719900948,
        104.41978999546596,
        104.06229073660714,
        103.75485556466239,
        103.47222464425224,
        103.20316532679966,
        102.942629132952,
        102.68831198556083,
        102.4391359601702,
        102.19453648158482,
        101.95421273367745,
        101.7179685320173,
        101.4856709071568,
        101.25721413748605,
        101.03252628871373,
        100.81152779715401,
        100.59415326799665,
        100.38034057617188,
        100.17003740583148,
        99.96317073277065,
        99.75969478062221,
        99.55955287388393,
        99.36269923618862,
        99.16907065255302,
        98.97860935756138,
        98.79125649588448,
        98.60696411132812,
        98.42567988804409,
        98.24734933035714,
        98.07193429129464,
        97.8993911743164,
        97.72966548374721,
        97.56270708356585,
        97.39846365792411,
        97.23689270019531,
        97.07794407435826,
        96.9215818132673,
        96.76776450020927,
        96.61643872942243,
        96.46755763462612,
        96.32108306884766,
        96.1769790649414,
        96.03521619524274,
        95.89573124476841,
        95.75848715645927,
        95.6234381539481,
        95.4905526297433,
        95.35979679652623,
        95.23112378801618,
        95.10450744628906,
        94.97991834368024,
        94.85730961390904,
        94.73666054861886,
        94.61792755126953,
        94.50107247488839,
        94.38607243129185,
        94.27289472307477,
        94.16150774274554,
        94.05187443324498,
        93.94397299630302,
        93.83777509416852,
        93.73324911934989,
        93.630368913923,
        93.52910831996373,
        93.42942374093192,
        93.33129991803851,
        93.23470960344586,
        93.13961791992188,
        93.04600633893695,
        92.95384107317243,
        92.86310468401227,
        92.77376120431083,
        92.68579428536552,
        92.59917994907924,
        92.51388876778739,
        92.42991093226841,
        92.34721374511719,
        92.26578194754464,
        92.18559156145368,
        92.10662296840123,
        92.02886199951172,
        91.95228249686105,
        91.87686593191964,
        91.80259050641742,
        91.72943551199776,
        91.65738133021763,
        91.58641706194196,
        91.51651872907367,
        91.44767107282367,
        91.3798577444894,
        91.31305694580078,
        91.24725995744977
    ],