{
    "testproblem": "mnist_vae_no_dropout",
    "batch_size": 64,
    "num_epochs": 50,
    "random_seed": 42,
    "weight_decay": null,
    "optimizer_name": "PowKernelMomentumOptimizer",
    "optimizer_hyperparams": {
        "learning_rate": 0.03113095956122122,
        "power": 0.5
    },
    "training_params": {
        "lr_sched_epochs": null,
        "lr_sched_factors": null
    },
    "train_losses": [
        181.4783537448981,
        181.4783537448981,
        181.4783537448981,
        181.4783537448981,
        181.4783537448981,
        181.4783537448981,
        181.4783537448981,
        181.4783537448981,
        181.4783537448981,
        181.4783537448981,
        181.4783537448981,
        181.4783537448981,
        181.4783537448981,
        181.4783537448981,
        181.4783537448981,
        181.4783537448981,
        181.4783537448981,
        181.4783537448981,
        181.4783537448981,
        181.4783537448981,
        181.4783537448981,
        181.4783537448981,
        181.4783537448981,
        181.4783537448981,
        181.4783537448981,
        181.4783537448981,
        181.4783537448981,
        181.4783537448981,
        181.4783537448981,
        181.4783537448981,
        181.4783537448981,
        181.4783537448981,
        181.4783537448981,
        181.4783537448981,
        181.4783537448981,
        181.4783537448981,
        181.4783537448981,
        181.4783537448981,
        181.4783537448981,
        181.4783537448981,
        181.4783537448981,
        181.4783537448981,
        181.4783537448981,
        181.4783537448981,
        181.4783537448981,
        181.4783537448981,
        181.4783537448981,
        181.4783537448981,
        181.4783537448981,
        181.4783537448981,
        181.4783537448981
    ],
    "valid_losses": [
        181.41603968693659,
        181.41603968693659,
        181.41603968693659,
        181.41603968693659,
        181.41603968693659,
        181.41603968693659,
        181.41603968693659,
        181.41603968693659,
        181.41603968693659,
        181.41603968693659,
        181.41603968693659,
        181.41603968693659,
        181.41603968693659,
        181.41603968693659,
        181.41603968693659,
        181.41603968693659,
        181.41603968693659,
        181.41603968693659,
        181.41603968693659,
        181.41603968693659,
        181.41603968693659,
        181.41603968693659,
        181.41603968693659,
        181.41603968693659,
        181.41603968693659,
        181.41603968693659,
        181.41603968693659,
        181.41603968693659,
        181.41603968693659,
        181.41603968693659,
        181.41603968693659,
        181.41603968693659,
        181.41603968693659,
        181.41603968693659,
        181.41603968693659,
        181.41603968693659,
        181.41603968693659,
        181.41603968693659,
        181.41603968693659,
        181.41603968693659,
        181.41603968693659,
        181.41603968693659,
        181.41603968693659,
        181.41603968693659,
        181.41603968693659,
        181.41603968693659,
        181.41603968693659,
        181.41603968693659,
        181.41603968693659,
        181.41603968693659,
        181.41603968693659
    ],
    "test_losses": [
        181.4804788247133,
        181.4804788247133,
        181.4804788247133,
        181.4804788247133,
        181.4804788247133,
        181.4804788247133,
        181.4804788247133,
        181.4804788247133,
        181.4804788247133,
        181.4804788247133,
        181.4804788247133,
        181.4804788247133,
        181.4804788247133,
        181.4804788247133,
        181.4804788247133,
        181.4804788247133,
        181.4804788247133,
        181.4804788247133,
        181.4804788247133,
        181.4804788247133,
        181.4804788247133,
        181.4804788247133,
        181.4804788247133,
        181.4804788247133,
        181.4804788247133,
        181.4804788247133,
        181.4804788247133,
        181.4804788247133,
        181.4804788247133,
        181.4804788247133,
        181.4804788247133,
        181.4804788247133,
        181.4804788247133,
        181.4804788247133,
        181.4804788247133,
        181.4804788247133,
        181.4804788247133,
        181.4804788247133,
        181.4804788247133,
        181.4804788247133,
        181.4804788247133,
        181.4804788247133,
        181.4804788247133,
        181.4804788247133,
        181.4804788247133,
        181.4804788247133,
        181.4804788247133,
        181.4804788247133,
        181.4804788247133,
        181.4804788247133,
        181.4804788247133
    ],