{
    "testproblem": "quadratic_deep",
    "batch_size": 128,
    "num_epochs": 100,
    "random_seed": 42,
    "weight_decay": null,
    "optimizer_name": "PowKernelMomentumOptimizer",
    "optimizer_hyperparams": {
        "learning_rate": 0.14477786306928653,
        "power": 0.6000000000000001
    },
    "training_params": {
        "lr_sched_epochs": null,
        "lr_sched_factors": null
    },
    "train_losses": [
        352.8963535853795,
        484.68883841378346,
        271.84674072265625,
        467.3966587611607,
        300.1250566755022,
        463.02086966378346,
        283.72509765625,
        442.6375950404576,
        310.0449872698103,
        442.77403477260043,
        264.76059177943637,
        501.7493983677455,
        316.20918927873885,
        487.33154732840404,
        309.46688406808033,
        457.4719674246652,
        323.5148271833147,
        458.29384068080356,
        304.91629464285717,
        478.0127432686942,
        333.318856375558,
        455.26644461495533,
        324.43721662248885,
        458.7174769810268,
        317.2464599609375,
        441.492919921875,
        300.1253749302455,
        441.62009974888394,
        307.3848615373884,
        447.86053466796875,
        296.7270725795201,
        465.02687290736606,
        315.271248953683,
        456.67271641322543,
        301.95987374441967,
        466.118155343192,
        316.95399257114957,
        464.45543125697543,
        308.8377772739955,
        460.3278372628348,
        322.21252005440846,
        466.65237862723217,
        305.3844560895647,
        461.76902553013394,
        318.9633135114397,
        465.03497314453125,
        306.87677001953125,
        465.06717354910717,
        320.0025939941406,
        465.44607979910717,
        307.1619088309152,
        466.37799072265625,
        319.855948311942,
        461.2577209472656,
        306.6739283970424,
        467.1840297154018,
        322.27264404296875,
        458.66305106026783,
        307.88769095284596,
        464.46598161969865,
        316.0815691266741,
        460.6414097377232,
        308.3970424107143,
        463.1999816894531,
        320.5423801967076,
        458.5550842285156,
        306.6112758091518,
        465.24264090401783,
        318.0296936035156,
        460.8931100027902,
        305.60958426339283,
        467.1651044573103,
        320.3179146902902,
        459.1275329589844,
        307.5644967215402,
        466.0414385114397,
        317.3801836286272,
        463.0154549734933,
        305.6997724260603,
        466.34852382114957,
        320.12757655552457,
        457.7936488560268,
        307.92078072684154,
        465.55484880719865,
        318.2491978236607,
        461.12278965541293,
        306.8761247907366,
        466.0814862932478,
        318.8079049246652,
        461.41466849190846,
        305.2042759486607,
        467.18688528878346,
        321.25439889090404,
        457.77355521065846,
        305.8471025739397,
        464.47273908342635,
        315.2672119140625,
        463.0236031668527,
        307.44640677315846,
        465.79183088030135,
        321.6339765276228
    ],
    "valid_losses": [
        353.81274850027904,
        486.11566162109375,
        270.33082362583707,
        463.50865391322543,
        303.2280535016741,
        467.91504342215404,
        281.8768572126116,
        440.36889212472096,
        313.39658900669644,
        445.94777134486606,
        263.82762363978793,
        498.7477111816406,
        319.9746878487723,
        491.7966090611049,
        307.76817103794644,
        454.7943202427455,
        326.7770778111049,
        462.2902308872768,
        303.3836408342634,
        474.96850149972096,
        337.7627607073103,
        460.45328630719865,
        322.8439679827009,
        455.62957763671875,
        320.9006827218192,
        446.0719473702567,
        298.4094935825893,
        438.6613289969308,
        311.09783935546875,
        452.42642647879467,
        294.96329171316967,
        461.94888741629467,
        319.46952165876115,
        461.32776314871654,
        300.1379089355469,
        462.9015372140067,
        321.3284214564732,
        469.730215890067,
        306.73682948521207,
        457.22630092075894,
        326.5214582170759,
        471.85927036830356,
        303.2334420340402,
        458.71216256277904,
        323.32364763532365,
        470.3408508300781,
        304.74999564034596,
        461.8642360142299,
        324.1773463657924,
        470.53955078125,
        305.1237008231027,
        463.25924246651783,
        323.99979509626115,
        466.2347717285156,
        304.6928187779018,
        463.9996991838728,
        326.4510236467634,
        463.5392499651228,
        305.99427577427457,
        461.212411063058,
        320.11570521763394,
        465.7715105329241,
        306.42354910714283,
        460.0347987583705,
        324.6474347795759,
        463.4574236188616,
        304.65260532924106,
        462.08238002232144,
        322.09695870535717,
        465.8098580496652,
        303.6454642159598,
        463.98817661830356,
        324.44288417271207,
        464.0268336704799,
        305.6526532854353,
        462.7805916922433,
        321.4045104980469,
        468.0169982910156,
        303.7009800502232,
        463.20292009626115,
        324.23406982421875,
        462.6303056989397,
        305.9976806640625,
        462.2715497698103,
        322.3258797781808,
        466.1266653878348,
        304.8891383579799,
        462.9205801827567,
        322.8680158342634,
        466.321768624442,
        303.2285679408482,
        463.99395751953125,
        325.426278250558,
        462.5931483677455,
        303.95092337472096,
        461.2054661342076,
        319.2998788016183,
        468.1375514439174,
        305.4266662597656,
        462.6338675362723,
        325.76890781947543
    ],