{
    "testproblem": "quadratic_deep",
    "batch_size": 128,
    "num_epochs": 100,
    "random_seed": 42,
    "weight_decay": null,
    "optimizer_name": "PowKernelMomentumOptimizerN",
    "optimizer_hyperparams": {
        "learning_rate": 0.0006788387912421218,
        "power": 0.7000000000000001
    },
    "training_params": {
        "lr_sched_epochs": null,
        "lr_sched_factors": null
    },
    "train_losses": [
        352.8963623046875,
        217.59148297991072,
        117.21339961460659,
        107.99572099958148,
        109.7385744367327,
        104.32259259905133,
        102.24691663469586,
        101.37727682931083,
        100.24048178536552,
        99.3079365321568,
        98.45245034354073,
        97.64791434151786,
        96.89671325683594,
        96.1921136038644,
        95.53445434570312,
        94.92098890032086,
        94.34844425746373,
        93.81407819475446,
        93.31530652727399,
        92.84965297154018,
        92.41477530343192,
        92.00847516741071,
        91.62864576067243,
        91.27334485735211,
        90.94084821428571,
        90.62955692836216,
        90.33798326764789,
        90.06479971749442,
        89.80871146065849,
        89.56851959228516,
        89.34312547956195,
        89.13152422223773,
        88.9327141898019,
        88.74576023646763,
        88.56981004987445,
        88.40409851074219,
        88.24793352399554,
        88.10069710867745,
        87.96179308210101,
        87.83065686907086,
        87.70677512032645,
        87.5896715436663,
        87.47888619559151,
        87.37399618966239,
        87.2745862688337,
        87.18029240199498,
        87.09076145717076,
        87.00567953927177,
        86.92476109095982,
        86.84774889264789,
        86.77440207345145,
        86.70449502127511,
        86.63782828194755,
        86.57421003069196,
        86.51345498221261,
        86.45541054861886,
        86.39992850167411,
        86.34686715262276,
        86.29608699253627,
        86.24746377127511,
        86.20087650844029,
        86.15622057233539,
        86.11340659005302,
        86.07233428955078,
        86.03290557861328,
        85.99503871372768,
        85.95865195138114,
        85.92367226736886,
        85.89002990722656,
        85.85766056605748,
        85.82650102887835,
        85.79650006975446,
        85.76759774344308,
        85.739743913923,
        85.71289389474052,
        85.68700299944196,
        85.66202981131417,
        85.637937273298,
        85.61468614850726,
        85.5922382899693,
        85.57056535993304,
        85.54962921142578,
        85.52939932686942,
        85.50984300885882,
        85.49094063895089,
        85.47265733991351,
        85.4549800327846,
        85.43787275041852,
        85.42132132393974,
        85.40530177525112,
        85.3897944859096,
        85.37477765764508,
        85.36023494175502,
        85.3461434500558,
        85.33249010358539,
        85.3192607334682,
        85.30643681117466,
        85.29400307791573,
        85.28195081438336,
        85.27025822230748,
        85.25892203194755
    ],
    "valid_losses": [
        353.812752859933,
        218.61637006487166,
        118.31658935546875,
        108.97473798479352,
        110.5314461844308,
        105.04424503871373,
        103.04393005371094,
        102.27207510811942,
        101.15745871407645,
        100.19326346261161,
        99.31295885358539,
        98.5133547101702,
        97.78043692452567,
        97.0871102469308,
        96.43107060023716,
        95.81735120500836,
        95.24750191824776,
        94.71780940464565,
        94.22328404017857,
        93.76086970738002,
        93.328857421875,
        92.92548479352679,
        92.54862104143415,
        92.19618552071708,
        91.8663831438337,
        91.55763789585659,
        91.26851763044085,
        90.99766540527344,
        90.74383871895927,
        90.50587681361607,
        90.28268868582589,
        90.07327052525112,
        89.87656947544643,
        89.6916035243443,
        89.51752689906529,
        89.35357883998326,
        89.19912501743862,
        89.05357687813895,
        88.9163099016462,
        88.78674970354352,
        88.66436985560826,
        88.54869842529297,
        88.4392580304827,
        88.33564104352679,
        88.23745836530414,
        88.14432634626117,
        88.05591147286552,
        87.97190856933594,
        87.89204842703683,
        87.81604875837054,
        87.74366433279855,
        87.67467934744698,
        87.60891287667411,
        87.546142578125,
        87.48619624546596,
        87.42891148158482,
        87.37416621616909,
        87.32182856968471,
        87.27175031389508,
        87.22378758021763,
        87.17783028738839,
        87.13377816336495,
        87.09153529575893,
        87.05101885114398,
        87.01212419782367,
        86.9747794015067,
        86.93890162876674,
        86.90440804617745,
        86.87123761858258,
        86.83932604108539,
        86.80861554827008,
        86.77904619489398,
        86.7505634852818,
        86.72311728341239,
        86.69665418352399,
        86.67113385881696,
        86.64650617327008,
        86.62274060930524,
        86.59982081821987,
        86.57770320347377,
        86.55635506766183,
        86.53574044363839,
        86.51582336425781,
        86.49656350272042,
        86.47794342041016,
        86.45993913922992,
        86.4425277709961,
        86.42567988804409,
        86.40938023158482,
        86.39361245291573,
        86.37833949497768,
        86.36353846958706,
        86.34920501708984,
        86.33531188964844,
        86.3218514578683,
        86.30880846296039,
        86.29616328648159,
        86.2839104788644,
        86.27202824183873,
        86.26050131661552,
        86.24931880405971
    ],