{
    "testproblem": "quadratic_deep",
    "batch_size": 128,
    "num_epochs": 100,
    "random_seed": 42,
    "weight_decay": null,
    "optimizer_name": "PowKernelGradientDescentOptimizer",
    "optimizer_hyperparams": {
        "learning_rate": 0.43379206974909357,
        "power": 0.7000000000000001
    },
    "training_params": {
        "lr_sched_epochs": null,
        "lr_sched_factors": null
    },
    "train_losses": [
        352.8963535853795,
        4788625.5,
        5555068.214285715,
        5674674.357142857,
        5832880.642857143,
        5943664.428571428,
        6008789.214285715,
        6147630.071428572,
        6226133.5,
        6326767.071428572,
        6466902.714285715,
        6744165.571428572,
        6769543.714285715,
        6766277.357142857,
        6769673.714285715,
        6766274.928571428,
        6769671.5,
        6766273.428571428,
        6769671.0,
        6766273.0,
        6769669.714285715,
        6766270.857142857,
        6769669.642857143,
        6766272.642857143,
        6769669.357142857,
        6766271.857142857,
        6769668.785714285,
        6766271.928571428,
        6769668.642857143,
        6766270.785714285,
        6769669.571428572,
        6766271.571428572,
        6769668.642857143,
        6766271.714285715,
        6769668.0,
        6766272.5,
        6769668.928571428,
        6766271.714285715,
        6769667.214285715,
        6766271.571428572,
        6769668.357142857,
        6766270.857142857,
        6769668.857142857,
        6766272.142857143,
        6769668.785714285,
        6766270.142857143,
        6769668.571428572,
        6766270.714285715,
        6769668.142857143,
        6766271.357142857,
        6769668.142857143,
        6766271.0,
        6769667.857142857,
        6766272.0,
        6769668.142857143,
        6766272.071428572,
        6769667.857142857,
        6766272.0,
        6769667.571428572,
        6766272.0,
        6769667.0,
        6766270.642857143,
        6769666.928571428,
        6766270.714285715,
        6769668.357142857,
        6766270.5,
        6769668.571428572,
        6766271.5,
        6769668.714285715,
        6766272.0,
        6769669.642857143,
        6766271.0,
        6769669.714285715,
        6766271.5,
        6769669.642857143,
        6766271.5,
        6769669.642857143,
        6766271.071428572,
        6769668.357142857,
        6766270.785714285,
        6769668.5,
        6766270.857142857,
        6769668.285714285,
        6766271.928571428,
        6769668.571428572,
        6766272.0,
        6769667.714285715,
        6766271.928571428,
        6769667.142857143,
        6766272.0,
        6769667.571428572,
        6766271.642857143,
        6769667.714285715,
        6766271.571428572,
        6769667.5,
        6766271.571428572,
        6769667.285714285,
        6766271.571428572,
        6769666.714285715,
        6766271.857142857,
        6769666.214285715
    ],
    "valid_losses": [
        353.81274850027904,
        4788997.642857143,
        5554599.642857143,
        5675136.0,
        5832442.071428572,
        5944024.214285715,
        6008508.071428572,
        6147804.071428572,
        6226004.428571428,
        6326836.571428572,
        6466864.285714285,
        6744147.642857143,
        6769577.642857143,
        6766244.857142857,
        6769708.571428572,
        6766242.214285715,
        6769706.5,
        6766240.857142857,
        6769705.857142857,
        6766240.428571428,
        6769704.571428572,
        6766238.428571428,
        6769704.428571428,
        6766240.214285715,
        6769704.0,
        6766239.142857143,
        6769703.785714285,
        6766239.0,
        6769703.357142857,
        6766238.357142857,
        6769704.0,
        6766239.0,
        6769703.357142857,
        6766239.0,
        6769703.0,
        6766240.142857143,
        6769703.857142857,
        6766239.071428572,
        6769702.0,
        6766239.0,
        6769703.142857143,
        6766238.428571428,
        6769703.642857143,
        6766239.571428572,
        6769703.642857143,
        6766237.642857143,
        6769703.357142857,
        6766238.214285715,
        6769703.0,
        6766238.785714285,
        6769703.0,
        6766238.5,
        6769702.714285715,
        6766239.285714285,
        6769703.0,
        6766239.214285715,
        6769702.857142857,
        6766239.428571428,
        6769702.5,
        6766239.142857143,
        6769701.857142857,
        6766238.285714285,
        6769701.785714285,
        6766238.214285715,
        6769703.071428572,
        6766237.928571428,
        6769703.642857143,
        6766238.857142857,
        6769703.571428572,
        6766239.142857143,
        6769704.428571428,
        6766238.785714285,
        6769704.428571428,
        6766238.928571428,
        6769704.285714285,
        6766239.0,
        6769704.5,
        6766238.785714285,
        6769703.071428572,
        6766238.357142857,
        6769703.214285715,
        6766238.357142857,
        6769703.142857143,
        6766239.071428572,
        6769703.357142857,
        6766239.142857143,
        6769702.785714285,
        6766239.0,
        6769702.0,
        6766239.5,
        6769702.571428572,
        6766238.928571428,
        6769702.714285715,
        6766239.0,
        6769702.642857143,
        6766239.0,
        6769702.071428572,
        6766239.0,
        6769701.5,
        6766239.071428572,
        6769701.214285715
    ],