{
    "testproblem": "quadratic_deep",
    "batch_size": 128,
    "num_epochs": 100,
    "random_seed": 42,
    "weight_decay": null,
    "optimizer_name": "PowKernelGradientDescentOptimizer",
    "optimizer_hyperparams": {
        "learning_rate": 0.00029072088906598436,
        "power": 0.4
    },
    "training_params": {
        "lr_sched_epochs": null,
        "lr_sched_factors": null
    },
    "train_losses": [
        352.8963535853795,
        345.31273106166293,
        337.8976091657366,
        330.6487819126674,
        323.5639081682478,
        316.6408211844308,
        309.87718418666293,
        303.27081298828125,
        296.8194274902344,
        290.52086094447543,
        284.3728942871094,
        278.37333025251115,
        272.51996939522877,
        266.8106209891183,
        261.2431095668248,
        255.81536429268974,
        250.5251007080078,
        245.37018476213728,
        240.3484649658203,
        235.4578574044364,
        230.69627380371094,
        226.0616171700614,
        221.55182538713728,
        217.16477748325892,
        212.89844621930803,
        208.75073460170202,
        204.71954781668526,
        200.8028826032366,
        196.99863978794642,
        193.3048139299665,
        189.71939304896765,
        186.24041530064173,
        182.865971156529,
        179.5941925048828,
        176.4230019705636,
        173.35074288504464,
        170.3750719342913,
        167.4940686907087,
        164.70587812151228,
        162.00855582101005,
        159.40003313337053,
        156.8784920828683,
        154.44196428571428,
        152.0886012486049,
        149.8167506626674,
        147.62452261788505,
        145.5101318359375,
        143.47179957798548,
        141.5077623639788,
        139.6163831438337,
        137.79588753836495,
        136.04475838797433,
        134.3611613682338,
        132.74344417027064,
        131.19000135149275,
        129.6991206577846,
        128.26927294049943,
        126.89899662562779,
        125.58664376395089,
        124.33063507080078,
        123.12935638427734,
        121.98135375976562,
        120.88496616908482,
        119.83864157540458,
        118.84085518973214,
        117.89033726283482,
        116.98557499476841,
        116.12504032679966,
        115.30718449183873,
        114.53048161097935,
        113.7936532156808,
        113.09528132847377,
        112.43399701799665,
        111.8083724975586,
        111.21727643694196,
        110.65940311976841,
        110.13328879220145,
        109.63763754708427,
        109.1711186000279,
        108.73274993896484,
        108.32104819161552,
        107.93496595110211,
        107.57363019670758,
        107.23570796421596,
        106.92002432686942,
        106.6253662109375,
        106.35108511788505,
        106.09605734688895,
        105.8595722743443,
        105.63981083461216,
        105.4356449672154,
        105.2460447038923,
        105.07035718645368,
        104.90675354003906,
        104.75424412318638,
        104.6120354788644,
        104.47940390450614,
        104.35549054827008,
        104.23978969029018,
        104.13131822858539,
        104.02944619315011
    ],
    "valid_losses": [
        353.81274850027904,
        346.2400599888393,
        338.83565412248885,
        331.5972595214844,
        324.5226135253906,
        317.6094752720424,
        310.85557338169644,
        304.2587193080357,
        297.81661115373885,
        291.52708653041293,
        285.3879612513951,
        279.3970729282924,
        273.5521806989397,
        267.85106113978793,
        262.2915736607143,
        256.8716038295201,
        251.58885846819197,
        246.44119480678015,
        241.4264853341239,
        236.54264613560267,
        231.78756059919084,
        227.1591317313058,
        222.6552276611328,
        218.27378409249442,
        214.0126669747489,
        209.86981201171875,
        205.84317452566964,
        201.9307098388672,
        198.13038635253906,
        194.44015284946985,
        190.8580540248326,
        187.38212367466517,
        184.0104021344866,
        180.7409951346261,
        177.57184709821428,
        174.50122288295202,
        171.52688598632812,
        168.6468745640346,
        165.85921151297433,
        163.16204180036272,
        160.55340576171875,
        158.03145054408483,
        155.5942622593471,
        153.239994594029,
        150.96691676548548,
        148.77322387695312,
        146.6571088518415,
        144.6168212890625,
        142.65065220424108,
        140.75691441127233,
        138.93382481166296,
        137.17984880719865,
        135.49322291782923,
        133.87231663295202,
        132.3155255998884,
        130.8211168561663,
        129.38756452287947,
        128.013304574149,
        126.69670649937221,
        125.43619319370815,
        124.2302496773856,
        123.07753317696708,
        121.97630201067243,
        120.925051007952,
        119.92219652448382,
        118.9665036882673,
        118.05634416852679,
        117.19014630998883,
        116.3665052141462,
        115.58396802629743,
        114.84130859375,
        114.13714817592076,
        113.47007424490792,
        112.83858598981585,
        112.24159567696708,
        111.67794145856585,
        111.14609745570591,
        110.64476122174945,
        110.17256382533482,
        109.72847638811383,
        109.31108747209821,
        108.91939653669085,
        108.55253492082868,
        108.20923941476005,
        107.88828931535993,
        107.58848680768695,
        107.30926404680524,
        107.04948970249721,
        106.80839320591518,
        106.58420671735492,
        106.3758773803711,
        106.18231855119977,
        106.00282069614956,
        105.83548082624164,
        105.6792962210519,
        105.5334232875279,
        105.397216796875,
        105.26986912318638,
        105.15090615408761,
        105.0392074584961,
        104.93417576381138
    ],