{
    "testproblem": "quadratic_deep",
    "batch_size": 128,
    "num_epochs": 100,
    "random_seed": 42,
    "weight_decay": null,
    "optimizer_name": "PowKernelMomentumOptimizer",
    "optimizer_hyperparams": {
        "learning_rate": 0.006870614282613297,
        "power": 0.8
    },
    "training_params": {
        "lr_sched_epochs": null,
        "lr_sched_factors": null
    },
    "train_losses": [
        352.8963535853795,
        213.98749215262276,
        141.06961495535714,
        108.99920436314174,
        95.25838252476284,
        90.01748875209263,
        88.02924455915179,
        87.03377859933036,
        86.54835183279855,
        85.90435791015625,
        85.51670292445591,
        85.36574881417411,
        85.221923828125,
        85.10066223144531,
        85.0447017124721,
        84.99407196044922,
        84.95803506033761,
        84.93348802839007,
        84.91477312360492,
        84.899416242327,
        84.88811601911273,
        84.8801749093192,
        84.8721422467913,
        84.86695316859654,
        84.86237226213727,
        84.85830688476562,
        84.8552714756557,
        84.85256849016461,
        84.85020991734096,
        84.84830256870815,
        84.84656851632255,
        84.84510258265904,
        84.84381212506976,
        84.84267752511161,
        84.84169442313058,
        84.84080832345145,
        84.8400377546038,
        84.839353288923,
        84.83874402727399,
        84.8382088797433,
        84.83773258754185,
        84.83731079101562,
        84.83694566999164,
        84.83661651611328,
        84.83633531842914,
        84.83608790806362,
        84.83587210518974,
        84.83568899972099,
        84.83553423200335,
        84.8354001726423,
        84.83529445103237,
        84.83520943777901,
        84.83514295305524,
        84.83509281703404,
        84.83506229945591,
        84.83504813058036,
        84.83504486083984,
        84.83506120954242,
        84.83508736746651,
        84.83512551443917,
        84.83517347063336,
        84.8352279663086,
        84.83529445103237,
        84.8353740147182,
        84.83545466831752,
        84.83554186139789,
        84.83563668387276,
        84.8357424054827,
        84.83584921700614,
        84.83596474783761,
        84.83607700892857,
        84.83620234898159,
        84.8363276890346,
        84.83645520891461,
        84.83658926827567,
        84.83672223772321,
        84.83685956682477,
        84.83699798583984,
        84.83713967459542,
        84.83728572300502,
        84.8374274117606,
        84.8375734601702,
        84.8377205984933,
        84.83787100655692,
        84.83801923479352,
        84.83816746303013,
        84.83831787109375,
        84.83846609933036,
        84.83861759730748,
        84.8387690952846,
        84.8389173235212,
        84.83906882149833,
        84.83921813964844,
        84.83936309814453,
        84.83951459612165,
        84.83966391427177,
        84.83980887276786,
        84.83995492117745,
        84.84010314941406,
        84.84024810791016,
        84.84039306640625
    ],
    "valid_losses": [
        353.81274850027904,
        214.69954136439733,
        142.27044459751673,
        109.44534846714565,
        96.70451136997768,
        90.56176321847099,
        89.19176374162946,
        88.08148629324776,
        87.4127927507673,
        86.9860610961914,
        86.5682612827846,
        86.31344059535435,
        86.28957148960659,
        86.11342511858258,
        86.05384935651507,
        86.0235824584961,
        85.9751706804548,
        85.95156533377511,
        85.9339577811105,
        85.91815403529576,
        85.90584455217633,
        85.897947038923,
        85.8899666922433,
        85.88465990339007,
        85.87929098946708,
        85.87591879708427,
        85.8722414289202,
        85.86957550048828,
        85.86723000662667,
        85.86517878941127,
        85.86338479178292,
        85.86193411690849,
        85.86056300571987,
        85.85941423688617,
        85.858400617327,
        85.85749271937779,
        85.85670471191406,
        85.8560071672712,
        85.85538482666016,
        85.85483660016742,
        85.85435267857143,
        85.85392434256417,
        85.85354941231864,
        85.8532213483538,
        85.85293143136161,
        85.85267966134208,
        85.8524638584682,
        85.85227530343192,
        85.85211835588727,
        85.85198538643974,
        85.85187312534877,
        85.85178811209542,
        85.85171617780414,
        85.85166495186942,
        85.85163334437779,
        85.85161699567523,
        85.85161481584821,
        85.85162462506976,
        85.85164860316685,
        85.85168566022601,
        85.85173034667969,
        85.85178811209542,
        85.85185023716518,
        85.85192326136998,
        85.85200609479632,
        85.85209328787667,
        85.85218484061105,
        85.85228620256696,
        85.8523930140904,
        85.85250200544085,
        85.85261971609933,
        85.85273742675781,
        85.8528584071568,
        85.85298483712333,
        85.85311344691685,
        85.85324423653739,
        85.85338265555245,
        85.853515625,
        85.85365622384208,
        85.85379682268415,
        85.85393742152623,
        85.85408346993583,
        85.8542240687779,
        85.85437447684151,
        85.85451834542411,
        85.8546611240932,
        85.85481262207031,
        85.8549575805664,
        85.85510689871651,
        85.85525076729911,
        85.85539899553571,
        85.85554613385882,
        85.85569109235492,
        85.85583605085101,
        85.8559810093471,
        85.8561270577567,
        85.85627092633929,
        85.85641479492188,
        85.85655539376395,
        85.85670035226005,
        85.85684204101562
    ],