{
    "testproblem": "quadratic_deep",
    "batch_size": 128,
    "num_epochs": 100,
    "random_seed": 42,
    "weight_decay": null,
    "optimizer_name": "PowKernelGradientDescentOptimizer",
    "optimizer_hyperparams": {
        "learning_rate": 0.14477786306928653,
        "power": 0.6000000000000001
    },
    "training_params": {
        "lr_sched_epochs": null,
        "lr_sched_factors": null
    },
    "train_losses": [
        352.8963535853795,
        515.447492327009,
        528.0738961356027,
        539.8573172433036,
        550.2186540876116,
        538.0946742466518,
        551.5447213309152,
        542.4351370675223,
        553.9349714006696,
        541.6107177734375,
        553.4293823242188,
        540.3668125697544,
        552.9639543805804,
        539.728498186384,
        552.5707135881696,
        539.6753801618304,
        552.1075177873884,
        540.7040405273438,
        555.8645455496652,
        567.3953159877232,
        590.7671683175223,
        569.4705897739956,
        590.6423601422991,
        569.3533673967634,
        590.5400390625,
        569.2628522600446,
        590.4600830078125,
        569.1916067940848,
        590.3966500418527,
        569.1347133091518,
        590.3457118443081,
        569.0887538364956,
        590.3043648856027,
        569.0513305664062,
        590.2704554966518,
        569.0204206194196,
        590.2424054827009,
        568.9947858537946,
        590.218976702009,
        568.9733625139509,
        590.1993233816964,
        568.9552350725446,
        590.1826869419643,
        568.9397844587054,
        590.1684047154018,
        568.9266531808036,
        590.1562151227679,
        568.9152483258929,
        590.1457083565848,
        568.9054216657366,
        590.1364833286831,
        568.8968505859375,
        590.1284615652902,
        568.8892996651786,
        590.1213814871652,
        568.8826729910714,
        590.1151210239956,
        568.8767613002232,
        590.1095581054688,
        568.8715035574777,
        590.1045357840402,
        568.8667602539062,
        590.10009765625,
        568.862548828125,
        590.0961042131696,
        568.8587646484375,
        590.0924508231027,
        568.855242047991,
        590.0891026088169,
        568.8521118164062,
        590.0860944475446,
        568.8491908482143,
        590.0832868303571,
        568.8465837751116,
        590.0807582310268,
        568.8440900530134,
        590.0784127371652,
        568.8418230329241,
        590.0762503487723,
        568.8397739955357,
        590.0742972237723,
        568.8378470284598,
        590.0723789760044,
        568.8360508510044,
        590.0706699916294,
        568.8343593052456,
        590.069074358259,
        568.8328247070312,
        590.0675223214286,
        568.8313773018973,
        590.066144670759,
        568.8299734933036,
        590.0648018973214,
        568.8287615094866,
        590.0635550362723,
        568.8275495256696,
        590.0623692103794,
        568.8264247349331,
        590.061296735491,
        568.8252825055804,
        590.0602504185268
    ],
    "valid_losses": [
        353.81274850027904,
        520.3540169852121,
        525.1040736607143,
        544.0274396623884,
        548.7846766880581,
        541.4180036272321,
        550.7346714564732,
        544.9182477678571,
        553.6854248046875,
        543.7939801897321,
        553.288103376116,
        542.4890834263393,
        552.8689575195312,
        541.7467912946429,
        552.5160609654018,
        541.650652204241,
        552.1293334960938,
        542.4863891601562,
        556.4649222237723,
        568.469988141741,
        592.1615774972098,
        570.4704241071429,
        592.0408499581473,
        570.3562709263393,
        591.9409528459821,
        570.2679966517857,
        591.862810407366,
        570.1984776088169,
        591.8007376534598,
        570.1427961077009,
        591.7507934570312,
        570.0977608816964,
        591.7101702008929,
        570.0610089983259,
        591.6767839704241,
        570.0305960518973,
        591.6490914481027,
        570.0052839006696,
        591.6259242466518,
        569.9840436662946,
        591.6064365931919,
        569.966047014509,
        591.589861188616,
        569.950701032366,
        591.5756051199777,
        569.9375871930804,
        591.5634155273438,
        569.9261736188616,
        591.5528651646206,
        569.916277204241,
        591.5435616629464,
        569.9076276506696,
        591.5354527064732,
        569.8999982561384,
        591.5282854352679,
        569.8932756696429,
        591.5219029017857,
        569.8872506277902,
        591.5162179129464,
        569.8819056919643,
        591.5110909598214,
        569.8770141601562,
        591.5064958844866,
        569.8726893833706,
        591.5023978097098,
        569.8687918526786,
        591.4986397879464,
        569.8651733398438,
        591.4951695033482,
        569.8619297572544,
        591.4920479910714,
        569.85888671875,
        591.4891008649554,
        569.8561488560268,
        591.4864850725446,
        569.8535766601562,
        591.4840262276786,
        569.8511875697544,
        591.4817592075893,
        569.8490426199777,
        591.4797276088169,
        569.8470284598214,
        591.4777221679688,
        569.8451538085938,
        591.4758998325893,
        569.8433837890625,
        591.4742257254464,
        569.8417184012277,
        591.4726039341518,
        569.8402448381696,
        591.4711216517857,
        569.8387451171875,
        591.469709123884,
        569.8374459402902,
        591.4683925083706,
        569.8361729213169,
        591.4671282087054,
        569.8349958147321,
        591.4660034179688,
        569.8337838309152,
        591.4648699079241
    ],