{
    "testproblem": "mnist_vae",
    "batch_size": 64,
    "num_epochs": 50,
    "random_seed": 42,
    "weight_decay": null,
    "optimizer_name": "PowKernelMomentumOptimizer",
    "optimizer_hyperparams": {
        "learning_rate": 0.0035868164986275477,
        "power": 0.5
    },
    "training_params": {
        "lr_sched_epochs": null,
        "lr_sched_factors": null
    },
    "train_losses": [
        181.3757605919471,
        40.23797984000964,
        40.78713969695262,
        181.3757605919471,
        181.3757605919471,
        181.3757605919471,
        181.3757605919471,
        181.3757605919471,
        181.3757605919471,
        181.3757605919471,
        181.3757605919471,
        181.3757605919471,
        181.3757605919471,
        181.3757605919471,
        181.3757605919471,
        181.3757605919471,
        181.3757605919471,
        181.3757605919471,
        181.3757605919471,
        181.3757605919471,
        181.3757605919471,
        181.3757605919471,
        181.3757605919471,
        181.3757605919471,
        181.3757605919471,
        181.3757605919471,
        181.3757605919471,
        181.3757605919471,
        181.3757605919471,
        181.3757605919471,
        181.3757605919471,
        181.3757605919471,
        181.3757605919471,
        181.3757605919471,
        181.3757605919471,
        181.3757605919471,
        181.3757605919471,
        181.3757605919471,
        181.3757605919471,
        181.3757605919471,
        181.3757605919471,
        181.3757605919471,
        181.3757605919471,
        181.3757605919471,
        181.3757605919471,
        181.3757605919471,
        181.3757605919471,
        181.3757605919471,
        181.3757605919471,
        181.3757605919471,
        181.3757605919471
    ],
    "valid_losses": [
        181.3172219105256,
        39.93894978058644,
        40.46368281046549,
        181.3172219105256,
        181.3172219105256,
        181.3172219105256,
        181.3172219105256,
        181.3172219105256,
        181.3172219105256,
        181.3172219105256,
        181.3172219105256,
        181.3172219105256,
        181.3172219105256,
        181.3172219105256,
        181.3172219105256,
        181.3172219105256,
        181.3172219105256,
        181.3172219105256,
        181.3172219105256,
        181.3172219105256,
        181.3172219105256,
        181.3172219105256,
        181.3172219105256,
        181.3172219105256,
        181.3172219105256,
        181.3172219105256,
        181.3172219105256,
        181.3172219105256,
        181.3172219105256,
        181.3172219105256,
        181.3172219105256,
        181.3172219105256,
        181.3172219105256,
        181.3172219105256,
        181.3172219105256,
        181.3172219105256,
        181.3172219105256,
        181.3172219105256,
        181.3172219105256,
        181.3172219105256,
        181.3172219105256,
        181.3172219105256,
        181.3172219105256,
        181.3172219105256,
        181.3172219105256,
        181.3172219105256,
        181.3172219105256,
        181.3172219105256,
        181.3172219105256,
        181.3172219105256,
        181.3172219105256
    ],
    "test_losses": [
        181.3762127802922,
        39.867561315878845,
        40.53054812015631,
        181.3762127802922,
        181.3762127802922,
        181.3762127802922,
        181.3762127802922,
        181.3762127802922,
        181.3762127802922,
        181.3762127802922,
        181.3762127802922,
        181.3762127802922,
        181.3762127802922,
        181.3762127802922,
        181.3762127802922,
        181.3762127802922,
        181.3762127802922,
        181.3762127802922,
        181.3762127802922,
        181.3762127802922,
        181.3762127802922,
        181.3762127802922,
        181.3762127802922,
        181.3762127802922,
        181.3762127802922,
        181.3762127802922,
        181.3762127802922,
        181.3762127802922,
        181.3762127802922,
        181.3762127802922,
        181.3762127802922,
        181.3762127802922,
        181.3762127802922,
        181.3762127802922,
        181.3762127802922,
        181.3762127802922,
        181.3762127802922,
        181.3762127802922,
        181.3762127802922,
        181.3762127802922,
        181.3762127802922,
        181.3762127802922,
        181.3762127802922,
        181.3762127802922,
        181.3762127802922,
        181.3762127802922,
        181.3762127802922,
        181.3762127802922,
        181.3762127802922,
        181.3762127802922,
        181.3762127802922
    ],