{
    "testproblem": "quadratic_deep",
    "batch_size": 128,
    "num_epochs": 100,
    "random_seed": 42,
    "weight_decay": null,
    "optimizer_name": "PowKernelGradientDescentOptimizer",
    "optimizer_hyperparams": {
        "learning_rate": 0.07726718477963428,
        "power": 0.9
    },
    "training_params": {
        "lr_sched_epochs": null,
        "lr_sched_factors": null
    },
    "train_losses": [
        352.8963535853795,
        62809.14732142857,
        393027.8035714286,
        610259.3839285715,
        680376.6428571428,
        709139.9285714285,
        728164.4375,
        740859.3928571428,
        747735.6785714285,
        752789.6964285715,
        756801.7589285715,
        760288.4196428572,
        761904.5892857143,
        763841.1964285715,
        764412.4910714285,
        765653.1785714285,
        765685.8303571428,
        766766.6964285715,
        766665.1607142857,
        767674.0446428572,
        767441.3660714285,
        768323.0267857143,
        767971.9107142857,
        768780.7946428572,
        768350.6875,
        769057.4196428572,
        768535.1964285715,
        769173.7857142857,
        768607.3660714285,
        769218.3482142857,
        768635.1964285715,
        769235.9732142857,
        768646.1517857143,
        769243.2142857143,
        768650.4910714285,
        769246.5446428572,
        768652.1785714285,
        769247.7232142857,
        768653.0357142857,
        769248.1607142857,
        768652.9642857143,
        769248.3839285715,
        768652.9732142857,
        769248.6517857143,
        768653.0535714285,
        769248.5625,
        768653.1517857143,
        769248.5,
        768653.1607142857,
        769248.7946428572,
        768653.0446428572,
        769248.5892857143,
        768653.1785714285,
        769248.3125,
        768652.9642857143,
        769248.6964285715,
        768653.2142857143,
        769249.125,
        768653.2053571428,
        769248.6785714285,
        768653.1696428572,
        769248.8214285715,
        768653.0982142857,
        769248.8482142857,
        768653.0714285715,
        769248.6428571428,
        768652.8928571428,
        769248.6071428572,
        768652.9821428572,
        769248.6428571428,
        768652.8392857143,
        769248.6428571428,
        768652.9642857143,
        769248.5892857143,
        768652.9910714285,
        769248.5982142857,
        768653.0625,
        769248.6428571428,
        768653.1875,
        769248.625,
        768653.1696428572,
        769248.5089285715,
        768653.2053571428,
        769248.6428571428,
        768653.2232142857,
        769248.7053571428,
        768653.25,
        769248.5803571428,
        768653.0892857143,
        769248.5267857143,
        768653.3214285715,
        769248.6339285715,
        768653.2678571428,
        769248.5982142857,
        768653.1696428572,
        769248.6428571428,
        768653.2142857143,
        769248.7053571428,
        768653.2053571428,
        769248.6875,
        768653.1964285715
    ],
    "valid_losses": [
        353.81274850027904,
        62852.84821428572,
        392892.73214285716,
        610440.6428571428,
        680183.4464285715,
        709340.8571428572,
        727961.9107142857,
        741066.4642857143,
        747528.9375,
        753000.2857142857,
        756592.6607142857,
        760499.3571428572,
        761696.9642857143,
        764050.0,
        764206.9464285715,
        765859.6785714285,
        765483.3303571428,
        766969.6964285715,
        766466.2410714285,
        767873.6607142857,
        767245.4375,
        768520.0178571428,
        767778.3839285715,
        768975.4732142857,
        768159.1071428572,
        769250.6160714285,
        768344.6785714285,
        769366.1339285715,
        768417.5357142857,
        769410.1875,
        768445.8392857143,
        769427.4732142857,
        768457.0267857143,
        769434.5357142857,
        768461.5446428572,
        769437.7053571428,
        768463.3125,
        769438.8571428572,
        768464.2142857143,
        769439.2321428572,
        768464.2053571428,
        769439.4017857143,
        768464.2232142857,
        769439.6607142857,
        768464.3303571428,
        769439.5625,
        768464.4642857143,
        769439.5,
        768464.4821428572,
        769439.75,
        768464.3392857143,
        769439.5446428572,
        768464.4821428572,
        769439.2589285715,
        768464.2767857143,
        769439.6875,
        768464.5178571428,
        769440.0982142857,
        768464.5357142857,
        769439.6696428572,
        768464.4821428572,
        769439.7767857143,
        768464.4017857143,
        769439.8392857143,
        768464.3839285715,
        769439.6428571428,
        768464.1875,
        769439.5803571428,
        768464.2678571428,
        769439.6339285715,
        768464.125,
        769439.5982142857,
        768464.2589285715,
        769439.5982142857,
        768464.2857142857,
        769439.5714285715,
        768464.3482142857,
        769439.6160714285,
        768464.4910714285,
        769439.5714285715,
        768464.4821428572,
        769439.4821428572,
        768464.5,
        769439.5982142857,
        768464.5357142857,
        769439.7142857143,
        768464.5178571428,
        769439.5714285715,
        768464.4017857143,
        769439.5357142857,
        768464.6160714285,
        769439.6071428572,
        768464.5714285715,
        769439.5803571428,
        768464.4732142857,
        769439.625,
        768464.5089285715,
        769439.7053571428,
        768464.4910714285,
        769439.6875,
        768464.4821428572
    ],