{
    "testproblem": "quadratic_deep",
    "batch_size": 128,
    "num_epochs": 100,
    "random_seed": 42,
    "weight_decay": null,
    "optimizer_name": "PowKernelMomentumOptimizer",
    "optimizer_hyperparams": {
        "learning_rate": 0.0016536937182824417,
        "power": 0.8
    },
    "training_params": {
        "lr_sched_epochs": null,
        "lr_sched_factors": null
    },
    "train_losses": [
        352.8963535853795,
        115.53638676234654,
        150.63506208147322,
        106.40382494245257,
        109.53134482247489,
        100.03456006731305,
        98.5531005859375,
        96.09879956926618,
        94.38903045654297,
        93.16477312360492,
        91.99156842912946,
        91.10346112932477,
        90.30448695591518,
        89.64828709193638,
        89.08881378173828,
        88.60882895333427,
        88.19983564104352,
        87.84683990478516,
        87.54251534598214,
        87.27723693847656,
        87.04534149169922,
        86.84199632917132,
        86.66230228969029,
        86.5028544834682,
        86.36089978899274,
        86.23379843575614,
        86.1195537022182,
        86.01659611293248,
        85.92345537458148,
        85.83892931256976,
        85.76204899379185,
        85.69193485804966,
        85.62782505580357,
        85.56910487583706,
        85.51521301269531,
        85.46566009521484,
        85.42003849574498,
        85.37796020507812,
        85.339111328125,
        85.30319104875836,
        85.2699443272182,
        85.23914119175502,
        85.21056692940849,
        85.18403843470982,
        85.15938786097935,
        85.13645826067243,
        85.11511884416852,
        85.0952377319336,
        85.0767092023577,
        85.05942644391742,
        85.04329354422433,
        85.02822549002511,
        85.01414925711495,
        85.00097983224052,
        84.98866380964007,
        84.97713252476284,
        84.96633693150112,
        84.95621708461216,
        84.94672066824776,
        84.93781171526227,
        84.92944771902901,
        84.92158726283482,
        84.91419655936105,
        84.90724073137555,
        84.90069362095424,
        84.89452689034599,
        84.88871329171317,
        84.88323211669922,
        84.87806156703404,
        84.87318093436105,
        84.86857060023716,
        84.8642109462193,
        84.86008998325893,
        84.85619245256696,
        84.85249982561383,
        84.84900447300502,
        84.84569113595145,
        84.84254673549107,
        84.83956255231585,
        84.83673095703125,
        84.83404323032924,
        84.83148956298828,
        84.8290546962193,
        84.82674080984933,
        84.82454354422433,
        84.82244328090123,
        84.82044546944755,
        84.81853812081474,
        84.8167234148298,
        84.81498391287667,
        84.8133305140904,
        84.81174686976841,
        84.81023624965123,
        84.8087899344308,
        84.80740683419364,
        84.80608367919922,
        84.80481392996651,
        84.80359867640904,
        84.80243028913226,
        84.80131421770368,
        84.80023847307477
    ],
    "valid_losses": [
        353.81274850027904,
        116.61923544747489,
        151.45780508858817,
        106.9466574532645,
        110.46289389474052,
        101.11834498814174,
        99.30463300432477,
        96.9071295601981,
        95.39497593470982,
        94.04943520682198,
        92.8421380179269,
        92.05705152239118,
        91.23506600516183,
        90.55310712541852,
        90.03084237234933,
        89.55196598597935,
        89.13540213448661,
        88.79710061209542,
        88.49583435058594,
        88.22890908377511,
        88.0041972569057,
        87.80407823835101,
        87.6245585850307,
        87.46857343401227,
        87.32930428641183,
        87.20319148472377,
        87.09072549002511,
        86.98958369663784,
        86.89760262625558,
        86.81424168178013,
        86.73856026785714,
        86.66943359375,
        86.60621425083706,
        86.54832894461495,
        86.49518476213727,
        86.44632066999164,
        86.4013192313058,
        86.35979897635323,
        86.32143729073661,
        86.2859638759068,
        86.25312042236328,
        86.22267041887555,
        86.19441877092633,
        86.16816929408482,
        86.14376940046039,
        86.12105669294085,
        86.09991564069476,
        86.08020673479352,
        86.06182425362724,
        86.04467010498047,
        86.02864728655133,
        86.01367841448102,
        85.9996828351702,
        85.98657662527901,
        85.97430746895927,
        85.96282087053571,
        85.95205579485211,
        85.94195120675224,
        85.93246786934989,
        85.92356218610492,
        85.91519492013114,
        85.9073246547154,
        85.89991760253906,
        85.8929443359375,
        85.88636997767857,
        85.8801749093192,
        85.87432643345424,
        85.86881147112165,
        85.86359296526227,
        85.85866982596261,
        85.85401480538505,
        85.84960610525948,
        85.8454360961914,
        85.84148515973773,
        85.83773912702289,
        85.83419036865234,
        85.83082035609654,
        85.82762037004743,
        85.8245827811105,
        85.82169342041016,
        85.81894792829242,
        85.81633540562221,
        85.8138449532645,
        85.81147766113281,
        85.80922045026507,
        85.80706896100726,
        85.80500793457031,
        85.80304827008929,
        85.8011725289481,
        85.79937962123326,
        85.79766518729073,
        85.79602486746651,
        85.7944564819336,
        85.79295349121094,
        85.79151262555804,
        85.79012952532086,
        85.78880637032645,
        85.78753226143974,
        85.78631591796875,
        85.78514535086495,
        85.78401838030133
    ],