{
    "testproblem": "mnist_vae",
    "batch_size": 64,
    "num_epochs": 50,
    "random_seed": 42,
    "weight_decay": null,
    "optimizer_name": "PowKernelGradientDescentOptimizer",
    "optimizer_hyperparams": {
        "learning_rate": 0.6993395623207707,
        "power": 0.8
    },
    "training_params": {
        "lr_sched_epochs": null,
        "lr_sched_factors": null
    },
    "train_losses": [
        181.3757605919471,
        181.3757605919471,
        181.3757605919471,
        181.3757605919471,
        181.3757605919471,
        181.3757605919471,
        181.3757605919471,
        181.3757605919471,
        181.3757605919471,
        181.3757605919471,
        181.3757605919471,
        181.3757605919471,
        181.3757605919471,
        181.3757605919471,
        181.3757605919471,
        181.3757605919471,
        181.3757605919471,
        181.3757605919471,
        181.3757605919471,
        181.3757605919471,
        181.3757605919471,
        181.3757605919471,
        181.3757605919471,
        181.3757605919471,
        181.3757605919471,
        181.3757605919471,
        181.3757605919471,
        181.3757605919471,
        181.3757605919471,
        181.3757605919471,
        181.3757605919471,
        181.3757605919471,
        181.3757605919471,
        181.3757605919471,
        181.3757605919471,
        181.3757605919471,
        181.3757605919471,
        181.3757605919471,
        181.3757605919471,
        181.3757605919471,
        181.3757605919471,
        181.3757605919471,
        181.3757605919471,
        181.3757605919471,
        181.3757605919471,
        181.3757605919471,
        181.3757605919471,
        181.3757605919471,
        181.3757605919471,
        181.3757605919471,
        181.3757605919471
    ],
    "valid_losses": [
        181.31722200833835,
        181.31722200833835,
        181.31722200833835,
        181.31722200833835,
        181.31722200833835,
        181.31722200833835,
        181.31722200833835,
        181.31722200833835,
        181.31722200833835,
        181.31722200833835,
        181.31722200833835,
        181.31722200833835,
        181.31722200833835,
        181.31722200833835,
        181.31722200833835,
        181.31722200833835,
        181.31722200833835,
        181.31722200833835,
        181.31722200833835,
        181.31722200833835,
        181.31722200833835,
        181.31722200833835,
        181.31722200833835,
        181.31722200833835,
        181.31722200833835,
        181.31722200833835,
        181.31722200833835,
        181.31722200833835,
        181.31722200833835,
        181.31722200833835,
        181.31722200833835,
        181.31722200833835,
        181.31722200833835,
        181.31722200833835,
        181.31722200833835,
        181.31722200833835,
        181.31722200833835,
        181.31722200833835,
        181.31722200833835,
        181.31722200833835,
        181.31722200833835,
        181.31722200833835,
        181.31722200833835,
        181.31722200833835,
        181.31722200833835,
        181.31722200833835,
        181.31722200833835,
        181.31722200833835,
        181.31722200833835,
        181.31722200833835,
        181.31722200833835
    ],
    "test_losses": [
        181.37621248685397,
        181.37621248685397,
        181.37621248685397,
        181.37621248685397,
        181.37621248685397,
        181.37621248685397,
        181.37621248685397,
        181.37621248685397,
        181.37621248685397,
        181.37621248685397,
        181.37621248685397,
        181.37621248685397,
        181.37621248685397,
        181.37621248685397,
        181.37621248685397,
        181.37621248685397,
        181.37621248685397,
        181.37621248685397,
        181.37621248685397,
        181.37621248685397,
        181.37621248685397,
        181.37621248685397,
        181.37621248685397,
        181.37621248685397,
        181.37621248685397,
        181.37621248685397,
        181.37621248685397,
        181.37621248685397,
        181.37621248685397,
        181.37621248685397,
        181.37621248685397,
        181.37621248685397,
        181.37621248685397,
        181.37621248685397,
        181.37621248685397,
        181.37621248685397,
        181.37621248685397,
        181.37621248685397,
        181.37621248685397,
        181.37621248685397,
        181.37621248685397,
        181.37621248685397,
        181.37621248685397,
        181.37621248685397,
        181.37621248685397,
        181.37621248685397,
        181.37621248685397,
        181.37621248685397,
        181.37621248685397,
        181.37621248685397,
        181.37621248685397
    ],