{
    "testproblem": "quadratic_deep",
    "batch_size": 128,
    "num_epochs": 100,
    "random_seed": 42,
    "weight_decay": null,
    "optimizer_name": "PowKernelGradientDescentOptimizer",
    "optimizer_hyperparams": {
        "learning_rate": 0.0005488047000766042,
        "power": 0.5
    },
    "training_params": {
        "lr_sched_epochs": null,
        "lr_sched_factors": null
    },
    "train_losses": [
        352.8963535853795,
        334.0299333844866,
        316.286376953125,
        299.6185738699777,
        283.980460030692,
        269.3270525251116,
        255.61443219866072,
        242.79981340680803,
        230.8412584577288,
        219.6980961390904,
        209.3307604108538,
        199.70065307617188,
        190.76986476353235,
        182.50201851981026,
        174.86175319126673,
        167.81482805524553,
        161.32806832449776,
        155.3686763218471,
        149.9051295689174,
        144.90711103166853,
        140.34554399762834,
        136.19257463727678,
        132.4213921683175,
        129.006103515625,
        125.92213112967355,
        123.14569309779576,
        120.6544167654855,
        118.42622811453683,
        116.43953813825335,
        114.67476872035435,
        113.1130872453962,
        111.7366692679269,
        110.5278799874442,
        109.47024536132812,
        108.54850115094867,
        107.74822126116071,
        107.05698830740792,
        106.46234130859375,
        105.95412009102958,
        105.51911054338727,
        105.14707292829242,
        104.82723890032086,
        104.55118778773716,
        104.3119637625558,
        104.1028584071568,
        103.91860743931362,
        103.75443158830915,
        103.60632978166852,
        103.47110748291016,
        103.34657069614956,
        103.2298104422433,
        103.11927250453404,
        103.0138680594308,
        102.9124025617327,
        102.81399100167411,
        102.71820177350726,
        102.62457166399274,
        102.5327399117606,
        102.44239698137555,
        102.35319192068917,
        102.26499938964844,
        102.17765699114118,
        102.09109279087612,
        102.00525883265904,
        101.92000252859933,
        101.83526284354073,
        101.75104522705078,
        101.66733006068638,
        101.58409772600446,
        101.5013427734375,
        101.4190444946289,
        101.33719308035714,
        101.25580160958427,
        101.1748526436942,
        101.0943363734654,
        101.01424298967633,
        100.93458121163505,
        100.85534014020648,
        100.7765121459961,
        100.69809177943638,
        100.62007904052734,
        100.54247174944196,
        100.46527208600726,
        100.38848440987724,
        100.31209891183036,
        100.23612322126117,
        100.16055951799665,
        100.08542197091239,
        100.01067897251674,
        99.9363294328962,
        99.86236136300224,
        99.78878239222935,
        99.71559797014508,
        99.64279174804688,
        99.57036481584821,
        99.49830627441406,
        99.42662375313895,
        99.35530526297433,
        99.28435952322823,
        99.2137680053711,
        99.14354814801898
    ],
    "valid_losses": [
        353.81274850027904,
        334.9690944126674,
        317.2468479701451,
        300.5989467075893,
        284.97936575753346,
        270.3432312011719,
        256.6466326032366,
        243.8466578892299,
        231.9013955252511,
        220.7701132638114,
        210.4130619594029,
        200.79154314313615,
        191.86785452706474,
        183.60564313616072,
        175.9696328299386,
        168.9254869733538,
        162.44002859933036,
        156.4803248814174,
        151.015141078404,
        146.01433454241072,
        141.44893101283483,
        137.29112243652344,
        133.51412527901786,
        130.0921892438616,
        127.00077274867466,
        124.21634892054966,
        121.71666608537946,
        119.47943878173828,
        117.48316410609654,
        115.70823887416294,
        114.13600049700055,
        112.74924142020089,
        111.53017970493862,
        110.46231515066964,
        109.53031049455915,
        108.71999904087612,
        108.0189677647182,
        107.41497148786273,
        106.89803641183036,
        106.45482744489398,
        106.07532174246651,
        105.74842834472656,
        105.46561431884766,
        105.22003718784877,
        105.00513349260602,
        104.81553758893695,
        104.64661625453404,
        104.49419948032924,
        104.35510144914899,
        104.22711835588727,
        104.10729108537946,
        103.9940654209682,
        103.88634599958148,
        103.78282383510044,
        103.68268476213727,
        103.58545357840401,
        103.4906234741211,
        103.39791107177734,
        103.30691092354911,
        103.21722739083427,
        103.12866537911552,
        103.04105922154018,
        102.9542726789202,
        102.86829812186105,
        102.78299713134766,
        102.69830213274274,
        102.61418042864118,
        102.53061240059989,
        102.44757080078125,
        102.36503383091518,
        102.28298732212612,
        102.201413835798,
        102.12031664167132,
        102.03969138009208,
        101.9595195225307,
        101.87977927071708,
        101.80047607421875,
        101.72160121372768,
        101.64313507080078,
        101.56508309500558,
        101.48743874686105,
        101.41019766671317,
        101.33336312430245,
        101.2569329398019,
        101.18090929303851,
        101.10529000418526,
        101.03008379255023,
        100.95531245640346,
        100.88094329833984,
        100.80696977887835,
        100.73337663922992,
        100.66017477852958,
        100.58736419677734,
        100.51493835449219,
        100.44288962227958,
        100.37120819091797,
        100.2999027797154,
        100.22896357945034,
        100.15839168003627,
        100.08818599155971,
        100.01834106445312
    ],