{
    "testproblem": "quadratic_deep",
    "batch_size": 128,
    "num_epochs": 100,
    "random_seed": 42,
    "weight_decay": null,
    "optimizer_name": "PowKernelMomentumOptimizerN",
    "optimizer_hyperparams": {
        "learning_rate": 0.0004207053950287936,
        "power": 0.6000000000000001
    },
    "training_params": {
        "lr_sched_epochs": null,
        "lr_sched_factors": null
    },
    "train_losses": [
        352.8963623046875,
        281.5648193359375,
        190.85571507045202,
        131.78775787353516,
        108.66543797084263,
        105.24503326416016,
        105.2243161882673,
        104.059812273298,
        102.92034258161273,
        102.19232395717076,
        101.5563245500837,
        100.92035348074776,
        100.3138896397182,
        99.73699297223773,
        99.18282972063336,
        98.65032414027623,
        98.13894326346261,
        97.64804295131138,
        97.17716653006417,
        96.725588117327,
        96.2925796508789,
        95.87742396763393,
        95.47937556675502,
        95.09783826555524,
        94.73215157645089,
        94.38167354038784,
        94.0457512991769,
        93.72388676234654,
        93.41557094029018,
        93.1202392578125,
        92.83716474260602,
        92.56575448172433,
        92.3054689679827,
        92.0558613368443,
        91.81643894740513,
        91.58674948556083,
        91.36631229945591,
        91.15472957066127,
        90.95160130092076,
        90.75651005336216,
        90.56910814557757,
        90.38908386230469,
        90.2161614554269,
        90.05007498604911,
        89.89050183977399,
        89.73718915666852,
        89.58984701974052,
        89.44817788260323,
        89.31192452566964,
        89.18087877546039,
        89.05485316685268,
        88.93365478515625,
        88.81706237792969,
        88.7048590523856,
        88.59683445521763,
        88.49279894147601,
        88.39256831577846,
        88.29600524902344,
        88.20294952392578,
        88.11326926095145,
        88.0268325805664,
        87.94351087297711,
        87.86313956124442,
        87.7855943952288,
        87.71077728271484,
        87.63857923235211,
        87.56888253348214,
        87.50159454345703,
        87.43659210205078,
        87.37374005998883,
        87.31293051583427,
        87.25406864711216,
        87.19706617082868,
        87.14185333251953,
        87.08836691720145,
        87.03654153006417,
        86.98632267543248,
        86.93764168875558,
        86.8904277256557,
        86.84461539132255,
        86.80015890938895,
        86.75700051443917,
        86.71510532924107,
        86.67441667829242,
        86.63489314488002,
        86.59650203159877,
        86.55919974190849,
        86.52293722970145,
        86.48767525809151,
        86.4533942086356,
        86.42004830496651,
        86.38761138916016,
        86.35604640415737,
        86.32533155168805,
        86.29544285365513,
        86.26634434291294,
        86.23801749093192,
        86.21043940952846,
        86.18358503069196,
        86.15743146623883,
        86.13195255824498
    ],
    "valid_losses": [
        353.812752859933,
        282.54982212611606,
        191.93967982700892,
        132.92266845703125,
        109.7579836164202,
        106.21215275355748,
        106.06062425885882,
        104.8304203578404,
        103.69749123709542,
        103.01700592041016,
        102.42536381312779,
        101.80695016043526,
        101.19668579101562,
        100.6100583757673,
        100.05045754568917,
        99.5192391531808,
        99.01323699951172,
        98.52791050502232,
        98.06088365827289,
        97.61175755092076,
        97.18074035644531,
        96.7677753993443,
        96.37225341796875,
        95.99344635009766,
        95.6304680960519,
        95.28252628871373,
        94.94896806989398,
        94.62936074393136,
        94.3231942313058,
        94.02989850725446,
        93.7488261631557,
        93.47941480364118,
        93.22105516706195,
        92.97332000732422,
        92.73571668352399,
        92.5078364780971,
        92.28919655936105,
        92.079343523298,
        91.8778544834682,
        91.68433271135602,
        91.4984370640346,
        91.31988525390625,
        91.14839826311383,
        90.9836927141462,
        90.82546997070312,
        90.67350224086216,
        90.52750941685268,
        90.38719395228794,
        90.25228336879185,
        90.1225814819336,
        89.9979019165039,
        89.87804303850446,
        89.76271275111607,
        89.65166255405971,
        89.54471152169364,
        89.44173104422433,
        89.34256962367466,
        89.24706268310547,
        89.15505545479911,
        89.06642259870257,
        88.98103768484933,
        88.89876229422433,
        88.81939806256976,
        88.74281855991909,
        88.66892787388393,
        88.59761265345982,
        88.5287857055664,
        88.4623304094587,
        88.3980941772461,
        88.3359843662807,
        88.27590506417411,
        88.21776471819196,
        88.16147940499442,
        88.10695975167411,
        88.0541501726423,
        88.0029798235212,
        87.9533920288086,
        87.90532793317523,
        87.8587177821568,
        87.81349291120257,
        87.76959119524274,
        87.72697230747768,
        87.68560900006976,
        87.64544786725726,
        87.60644967215401,
        87.56858171735492,
        87.53179168701172,
        87.49602835518974,
        87.46125030517578,
        87.42742592947823,
        87.39452471051898,
        87.36251722063336,
        87.33136858258929,
        87.30106353759766,
        87.27157156808036,
        87.24285234723773,
        87.21488843645368,
        87.18766239711216,
        87.16114589146206,
        87.13532366071429,
        87.11016954694476
    ],