{
    "testproblem": "quadratic_deep",
    "batch_size": 128,
    "num_epochs": 100,
    "random_seed": 42,
    "weight_decay": null,
    "optimizer_name": "PowKernelMomentumOptimizerN",
    "optimizer_hyperparams": {
        "learning_rate": 0.0005488047000766042,
        "power": 0.5
    },
    "training_params": {
        "lr_sched_epochs": null,
        "lr_sched_factors": null
    },
    "train_losses": [
        352.8963623046875,
        283.3051234654018,
        192.99072047642298,
        132.4614028930664,
        108.36772700718471,
        105.27875736781529,
        105.10941859654018,
        103.58559090750558,
        102.38965606689453,
        101.58369554792132,
        100.7797361101423,
        99.99946703229632,
        99.26743643624442,
        98.57056427001953,
        97.90714481898716,
        97.27694157191685,
        96.67928314208984,
        96.11333247593471,
        95.57759312220982,
        95.07088143484933,
        94.5916028703962,
        94.13864462716239,
        93.71058436802456,
        93.30648476736886,
        92.92491367885044,
        92.56432015555245,
        92.22337777273995,
        91.9006838117327,
        91.59513310023716,
        91.30583081926618,
        91.03176007952008,
        90.77202606201172,
        90.52586582728794,
        90.2925295148577,
        90.07135009765625,
        89.86179024832589,
        89.66314915248326,
        89.4747565133231,
        89.29603358677456,
        89.12655094691685,
        88.96583121163505,
        88.8133784702846,
        88.66855839320591,
        88.53098515101841,
        88.40026746477399,
        88.2760489327567,
        88.15791538783482,
        88.04559435163226,
        87.93871198381696,
        87.8369631086077,
        87.73998042515346,
        87.64742061070034,
        87.55897194998605,
        87.47440447126117,
        87.39353288922992,
        87.31612505231585,
        87.24196188790458,
        87.17086247035435,
        87.10266876220703,
        87.03725106375558,
        86.97446659633091,
        86.9141845703125,
        86.85626329694476,
        86.80057198660714,
        86.74703107561383,
        86.69554901123047,
        86.64601026262555,
        86.59830474853516,
        86.55234091622489,
        86.50804574148995,
        86.46533639090401,
        86.4241703578404,
        86.38450295584542,
        86.3462415422712,
        86.30932290213448,
        86.27367292131696,
        86.23924582345145,
        86.20597621372768,
        86.17383684430804,
        86.14277103969029,
        86.11274828229632,
        86.08375004359654,
        86.0557359967913,
        86.02865600585938,
        86.00245448521206,
        85.97711072649274,
        85.9525876726423,
        85.9288569859096,
        85.90588705880302,
        85.88364846365792,
        85.86211177280971,
        85.84124319893974,
        85.82103729248047,
        85.80148315429688,
        85.78255353655133,
        85.76421465192523,
        85.74644034249442,
        85.7291979108538,
        85.71246773856026,
        85.69623347691127,
        85.68048095703125
    ],
    "valid_losses": [
        353.812752859933,
        284.3037763323103,
        194.1106698172433,
        133.6456560407366,
        109.49203164236886,
        106.2333984375,
        105.90622384207589,
        104.32918766566685,
        103.18100193568638,
        102.44901711600167,
        101.67950766427177,
        100.89356122698102,
        100.14503043038505,
        99.4405266898019,
        98.78153664725167,
        98.16073281424386,
        97.57037026541573,
        97.00820704868862,
        96.47487967354911,
        95.97117505754743,
        95.495607648577,
        95.04639979771206,
        94.62178257533482,
        94.22066388811383,
        93.84174019949776,
        93.48370034354073,
        93.14534432547433,
        92.82523890904018,
        92.52227020263672,
        92.23538208007812,
        91.96348680768695,
        91.70579419817243,
        91.46156964983258,
        91.23009381975446,
        91.01073128836495,
        90.80287061418805,
        90.60594395228794,
        90.41932787214007,
        90.24244580950055,
        90.07483673095703,
        89.9159687587193,
        89.76519012451172,
        89.62189265659877,
        89.48573303222656,
        89.35641043526786,
        89.23364584786552,
        89.1170174734933,
        89.00616346086774,
        88.90073612758091,
        88.80035836356026,
        88.70459747314453,
        88.61316244942802,
        88.52582659040179,
        88.4423359462193,
        88.36250414167132,
        88.28606414794922,
        88.2128677368164,
        88.14273180280414,
        88.07543182373047,
        88.01086534772601,
        87.94886016845703,
        87.8893072945731,
        87.83209228515625,
        87.77710287911552,
        87.7242202758789,
        87.67340196881976,
        87.62454877580915,
        87.57751137869698,
        87.53218187604632,
        87.48848397391183,
        87.44634246826172,
        87.40572357177734,
        87.3666000366211,
        87.32887704031808,
        87.29245322091239,
        87.2572762625558,
        87.22329384940011,
        87.19048527308873,
        87.15879276820591,
        87.12814549037388,
        87.0984616960798,
        87.06975446428571,
        87.04206085205078,
        87.01532418387276,
        86.9894779750279,
        86.9644546508789,
        86.94023786272321,
        86.9168472290039,
        86.8942402430943,
        86.8723395211356,
        86.85111890520368,
        86.83057185581752,
        86.81068202427456,
        86.7914058140346,
        86.77273886544364,
        86.75467790876117,
        86.73719896589007,
        86.72025953020368,
        86.70381600516183,
        86.68784659249442,
        86.67235129220145
    ],