{
    "testproblem": "quadratic_deep",
    "batch_size": 128,
    "num_epochs": 100,
    "random_seed": 42,
    "weight_decay": null,
    "optimizer_name": "PowKernelGradientDescentOptimizer",
    "optimizer_hyperparams": {
        "learning_rate": 0.017912362571043654,
        "power": 0.5
    },
    "training_params": {
        "lr_sched_epochs": null,
        "lr_sched_factors": null
    },
    "train_losses": [
        352.8963535853795,
        108.10719190325055,
        102.24390847342355,
        99.93147931780133,
        97.98243168422154,
        96.330808367048,
        94.9330073765346,
        93.75971984863281,
        92.76137324741909,
        91.91220528738839,
        91.18870871407645,
        90.56587655203683,
        90.0279791695731,
        89.563967023577,
        89.16221618652344,
        88.81394522530692,
        88.51118687220982,
        88.24453626360211,
        88.0088631766183,
        87.80046735491071,
        87.61537715366909,
        87.45139748709542,
        87.30411747523716,
        87.17127445765904,
        87.05136108398438,
        86.9425277709961,
        86.84353964669364,
        86.75292096819196,
        86.67051260811942,
        86.59525735037667,
        86.5263900756836,
        86.46353367396763,
        86.40591866629464,
        86.35284532819476,
        86.30393545968192,
        86.25883374895368,
        86.21719905308315,
        86.17870548793248,
        86.14296286446708,
        86.10949162074498,
        86.0789773123605,
        86.05063302176339,
        86.02469526018415,
        86.00080871582031,
        85.97876085553851,
        85.95840454101562,
        85.93961770193917,
        85.92227063860211,
        85.90613773890904,
        85.8914053780692,
        85.87768009730748,
        85.86495644705636,
        85.85323333740234,
        85.84245845249721,
        85.83256094796317,
        85.82347760881696,
        85.81515175955636,
        85.80753871372768,
        85.80058833530971,
        85.7942624773298,
        85.78851645333427,
        85.78331320626395,
        85.77861894880023,
        85.77440207345145,
        85.77063424246651,
        85.7672860281808,
        85.7643301827567,
        85.7617438180106,
        85.75950731549945,
        85.75759778703961,
        85.75603267124721,
        85.75474112374442,
        85.7537111554827,
        85.75292423793248,
        85.75235748291016,
        85.75200762067523,
        85.75185067313058,
        85.75187683105469,
        85.75207955496651,
        85.75244140625,
        85.75295584542411,
        85.75361088344029,
        85.75438690185547,
        85.75528281075614,
        85.75630950927734,
        85.75744519914899,
        85.75868116106305,
        85.76000540597099,
        85.76140921456474,
        85.76289694649833,
        85.76445661272321,
        85.76608385358539,
        85.76776885986328,
        85.76951817103794,
        85.7713154384068,
        85.77316066196987,
        85.77505493164062,
        85.77698952811105,
        85.77896445138114,
        85.78096880231585,
        85.78301021030971
    ],
    "valid_losses": [
        353.81274850027904,
        109.20240347726005,
        103.28865923200335,
        100.98823656354632,
        99.04774802071708,
        97.40577370779855,
        96.01426478794643,
        94.84940011160714,
        93.85858481270927,
        93.01688494001117,
        92.30103628976005,
        91.68374851771763,
        91.15106746128627,
        90.69169071742466,
        90.29480743408203,
        89.95095934186664,
        89.65303039550781,
        89.39103589739118,
        89.15922328404018,
        88.95451028006417,
        88.77301897321429,
        88.61288343157086,
        88.46817997523716,
        88.33774784633091,
        88.22017233712333,
        88.11343601771763,
        88.01618085588727,
        87.92664337158203,
        87.84553745814732,
        87.77159990583148,
        87.70396205357143,
        87.64225660051618,
        87.58558436802456,
        87.53345271519252,
        87.48543003627232,
        87.4411370413644,
        87.40022495814732,
        87.36236572265625,
        87.32709721156529,
        87.2938254220145,
        87.26381465366909,
        87.23599134172711,
        87.21052987234933,
        87.18707711356026,
        87.16544778006417,
        87.14549691336495,
        87.12711007254464,
        87.11016191755023,
        87.09435054234096,
        87.08013371058873,
        87.06676919119698,
        87.05435943603516,
        87.04292842320034,
        87.03240312848773,
        87.02274104527065,
        87.01388331821987,
        87.00577436174665,
        86.99836730957031,
        86.99161093575614,
        86.98547472272601,
        86.97991071428571,
        86.97488621303013,
        86.97035762241909,
        86.966306413923,
        86.9626944405692,
        86.9594955444336,
        86.95668465750558,
        86.95423889160156,
        86.95213644845145,
        86.95035552978516,
        86.94891139439174,
        86.94773755754743,
        86.94681658063617,
        86.94613756452289,
        86.94567762102399,
        86.94543566022601,
        86.94538334437779,
        86.94551195417132,
        86.94581277029855,
        86.94627380371094,
        86.94688742501395,
        86.94764382498605,
        86.94852883475167,
        86.94955553327289,
        86.95068468366351,
        86.95192064557757,
        86.95324816022601,
        86.9546628679548,
        86.95616149902344,
        86.9577396937779,
        86.95938437325614,
        86.96109771728516,
        86.96286991664341,
        86.96469552176339,
        86.9665767124721,
        86.968505859375,
        86.97047642299107,
        86.97248840332031,
        86.9745352608817,
        86.97661590576172,
        86.97873360770089
    ],