{
    "testproblem": "quadratic_deep",
    "batch_size": 128,
    "num_epochs": 100,
    "random_seed": 42,
    "weight_decay": null,
    "optimizer_name": "PowKernelGradientDescentOptimizer",
    "optimizer_hyperparams": {
        "learning_rate": 0.0038071583792493907,
        "power": 0.7000000000000001
    },
    "training_params": {
        "lr_sched_epochs": null,
        "lr_sched_factors": null
    },
    "train_losses": [
        352.8963535853795,
        188.47351946149553,
        128.26277705601282,
        109.69424438476562,
        104.90938677106585,
        103.54751259940011,
        102.81585475376674,
        102.20223236083984,
        101.62471662248883,
        101.07039860316685,
        100.53673771449498,
        100.02268763950893,
        99.52756827218192,
        99.05064610072544,
        98.59123229980469,
        98.14867074148995,
        97.72238486153739,
        97.31170872279576,
        96.91609845842633,
        96.5348369053432,
        96.16745867047992,
        95.81336430140904,
        95.47200448172433,
        95.14288003104073,
        94.82554844447544,
        94.51963915143695,
        94.2248055594308,
        93.94056483677456,
        93.66647338867188,
        93.40220097133091,
        93.1473628452846,
        92.9015361240932,
        92.66441018240792,
        92.43564060756138,
        92.2148906162807,
        92.00187574114118,
        91.79629734584263,
        91.59784371512276,
        91.40626089913505,
        91.22130257742745,
        91.04270281110492,
        90.8702392578125,
        90.70369284493583,
        90.54282597133091,
        90.3874282836914,
        90.23734610421317,
        90.0923581804548,
        89.95226396833148,
        89.81688472202846,
        89.68605586460659,
        89.55964006696429,
        89.43756757463727,
        89.31955827985492,
        89.20547812325614,
        89.0951407296317,
        88.98841639927456,
        88.88516017368862,
        88.78521946498326,
        88.68848528180804,
        88.59483010428292,
        88.50414494105748,
        88.41634586879185,
        88.33129010881696,
        88.24888719831195,
        88.16902160644531,
        88.09160831996373,
        88.01654052734375,
        87.94373648507255,
        87.87312534877232,
        87.80461992536273,
        87.73813738141742,
        87.67360578264508,
        87.6109597342355,
        87.55013166155133,
        87.4910398210798,
        87.43362862723214,
        87.37784576416016,
        87.32362583705357,
        87.27090999058315,
        87.21964699881417,
        87.16978890555245,
        87.1212910243443,
        87.07410866873605,
        87.02820587158203,
        86.98351941789899,
        86.9400144304548,
        86.89764513288226,
        86.85637882777623,
        86.81617845807757,
        86.77701350620815,
        86.73886217389789,
        86.70167759486607,
        86.66542707170758,
        86.63008335658482,
        86.5956061226981,
        86.56198011125836,
        86.52918025425502,
        86.49717930385044,
        86.46595655168805,
        86.43548474993024,
        86.40574319022042
    ],
    "valid_losses": [
        353.81274850027904,
        189.5231715611049,
        129.31018284388952,
        110.68313598632812,
        105.84613582066127,
        104.4556634085519,
        103.71274239676339,
        103.09622192382812,
        102.51917266845703,
        101.96681431361607,
        101.43551853724888,
        100.92393602643695,
        100.4312493460519,
        99.95672280447823,
        99.49968719482422,
        99.05949401855469,
        98.63553510393415,
        98.22720009940011,
        97.83391353062221,
        97.45491681780133,
        97.08974129813058,
        96.73784746442523,
        96.39866202218192,
        96.07164982386998,
        95.75637817382812,
        95.45247323172433,
        95.15959712437221,
        94.87729862758091,
        94.60510362897601,
        94.34268842424665,
        94.08965083530971,
        93.84559195382255,
        93.61017717633929,
        93.38312530517578,
        93.16404506138393,
        92.95263671875,
        92.74861689976284,
        92.55171530587333,
        92.36165291922433,
        92.17819431849888,
        92.00107683454242,
        91.83009447370257,
        91.66501726422992,
        91.50557490757534,
        91.35157557896206,
        91.20286996023995,
        91.05922045026507,
        90.92043631417411,
        90.78631809779576,
        90.65673719133649,
        90.53155408586774,
        90.41070338657924,
        90.29388536725726,
        90.18095070975167,
        90.07174137660435,
        89.96614837646484,
        89.86400931222099,
        89.76514543805804,
        89.66944667271206,
        89.57680402483258,
        89.48710414341518,
        89.40026746477399,
        89.31612723214286,
        89.23460715157645,
        89.15561349051339,
        89.07905033656529,
        89.00481523786273,
        88.93283299037388,
        88.86303274972099,
        88.79532732282367,
        88.72961861746651,
        88.66584014892578,
        88.60393742152623,
        88.54382215227399,
        88.48543003627232,
        88.42869458879743,
        88.37355259486607,
        88.31995936802456,
        88.26786586216518,
        88.2172099522182,
        88.16793932233539,
        88.12001364571708,
        88.0733882359096,
        88.02803475516183,
        87.98389107840401,
        87.94091251918248,
        87.89906202043805,
        87.8583014351981,
        87.81858716692243,
        87.77989087785993,
        87.74219512939453,
        87.70546395438058,
        87.66966029575893,
        87.63474927629743,
        87.6007058279855,
        87.56750379289899,
        87.5351093837193,
        87.50352042061942,
        87.47269112723214,
        87.44260515485492,
        87.41324506487165
    ],