{
    "testproblem": "quadratic_deep",
    "batch_size": 128,
    "num_epochs": 100,
    "random_seed": 42,
    "weight_decay": null,
    "optimizer_name": "PowKernelGradientDescentOptimizer",
    "optimizer_hyperparams": {
        "learning_rate": 0.00015369603110608834,
        "power": 0.7000000000000001
    },
    "training_params": {
        "lr_sched_epochs": null,
        "lr_sched_factors": null
    },
    "train_losses": [
        352.8963535853795,
        343.1774161202567,
        333.7903791155134,
        324.7256338936942,
        315.9738028390067,
        307.5257568359375,
        299.3725062779018,
        291.50533621651783,
        283.91578456333707,
        276.59546334402904,
        269.5363006591797,
        262.7303902762277,
        256.1699981689453,
        249.84761701311385,
        243.75587463378906,
        237.88764081682478,
        232.2359139578683,
        226.79390607561385,
        221.5550079345703,
        216.51273890904017,
        211.66082981654577,
        206.9931379045759,
        202.50370352608817,
        198.18668038504464,
        194.03643144880022,
        190.0474373953683,
        186.21436418805803,
        182.53198024204798,
        178.99523271833147,
        175.59918430873327,
        172.33905247279577,
        169.21016802106584,
        166.20804050990515,
        163.3282710484096,
        160.5665762765067,
        157.91878618512834,
        155.38085065569197,
        152.94889395577567,
        150.61910792759485,
        148.38778032575334,
        146.25130135672433,
        144.20617893763952,
        142.2490495954241,
        140.37665448869978,
        138.58582850864954,
        136.87347630092077,
        135.2366202218192,
        133.67239706856864,
        132.17799486432756,
        130.75072261265345,
        129.3879623413086,
        128.0871865408761,
        126.845947265625,
        125.66184997558594,
        124.53261457170758,
        123.45601436070034,
        122.4299065726144,
        121.45223127092633,
        120.52099064418248,
        119.63421303885323,
        118.79002816336495,
        117.9866202218192,
        117.22224644252232,
        116.49524252755302,
        115.80398232596261,
        115.14691162109375,
        114.52254268101284,
        113.92942810058594,
        113.36616516113281,
        112.83143942696708,
        112.32391575404576,
        111.84237670898438,
        111.38558088030133,
        110.95237622942243,
        110.54162052699498,
        110.15222494942802,
        109.7831551688058,
        109.43343462262835,
        109.10212816510882,
        108.78833552769252,
        108.49117715018136,
        108.20982687813895,
        107.9434814453125,
        107.69141387939453,
        107.45286996023995,
        107.2271728515625,
        107.01365443638393,
        106.81169019426618,
        106.62064361572266,
        106.43995884486607,
        106.26908329554966,
        106.10748617989677,
        105.95458221435547,
        105.80987548828125,
        105.67286573137555,
        105.54309517996651,
        105.42017691476005,
        105.3036357334682,
        105.19307817731585,
        105.08814130510602,
        104.98846435546875
    ],
    "valid_losses": [
        353.81274850027904,
        344.1017630440848,
        334.7223554338728,
        325.6649431501116,
        316.92016165597096,
        308.47884259905135,
        300.33206612723217,
        292.4711129324777,
        284.88746425083707,
        277.57278878348217,
        270.5190124511719,
        263.7182355608259,
        257.16270664760043,
        250.8449467250279,
        244.75757489885603,
        238.89345223563058,
        233.24559674944197,
        227.80724225725447,
        222.57173374720983,
        217.5326385498047,
        212.6836395263672,
        208.01862226213728,
        203.53162493024553,
        199.2168186732701,
        195.06856209891183,
        191.08135986328125,
        187.2498517717634,
        183.56884547642298,
        180.03328159877233,
        176.63822719029017,
        173.37891278948103,
        170.2506822858538,
        167.2490234375,
        164.36954389299666,
        161.6079581124442,
        158.96012442452567,
        156.42198617117745,
        153.98966326032365,
        151.6593475341797,
        149.42733110700334,
        147.2900150844029,
        145.24392918178015,
        143.28570338657923,
        141.41207231794084,
        139.61988830566406,
        137.90606689453125,
        136.26764351981026,
        134.70174080984933,
        133.20557512555803,
        131.77645002092635,
        130.41175842285156,
        129.10896192278182,
        127.86563873291016,
        126.67938995361328,
        125.54793112618583,
        124.46905844552177,
        123.44062260219029,
        122.46057673863002,
        121.5269284929548,
        120.63771384102958,
        119.7910635811942,
        118.98514774867466,
        118.2182377406529,
        117.48866380964007,
        116.79481179373605,
        116.13512202671596,
        115.50812094552177,
        114.91235787527901,
        114.346437726702,
        113.80904279436383,
        113.29884883335659,
        112.81462642124721,
        112.3551515851702,
        111.91929081508091,
        111.50589207240513,
        111.11387198311942,
        110.742189679827,
        110.3898675101144,
        110.05597032819476,
        109.7395989554269,
        109.43988909040179,
        109.15600258963448,
        108.88715144566127,
        108.63259451729911,
        108.39159175327846,
        108.16346304757255,
        107.94755227225167,
        107.74322400774274,
        107.54985918317523,
        107.36690521240234,
        107.19380623953683,
        107.03003365652901,
        106.87498910086495,
        106.72818102155414,
        106.58912876674107,
        106.45735495431083,
        106.33248465401786,
        106.21402522495815,
        106.1015864780971,
        105.99480765206474,
        105.89331817626953
    ],