{
    "testproblem": "quadratic_deep",
    "batch_size": 128,
    "num_epochs": 100,
    "random_seed": 42,
    "weight_decay": null,
    "optimizer_name": "PowKernelMomentumOptimizer",
    "optimizer_hyperparams": {
        "learning_rate": 0.00292043384718141,
        "power": 0.9
    },
    "training_params": {
        "lr_sched_epochs": null,
        "lr_sched_factors": null
    },
    "train_losses": [
        352.8963535853795,
        154.85003226143974,
        107.84001813616071,
        111.1413824898856,
        104.18216487339565,
        97.3386982509068,
        92.95200565883091,
        90.65189361572266,
        89.50110735212054,
        88.55309949602399,
        87.76618085588727,
        87.22366441999164,
        86.82456970214844,
        86.51420593261719,
        86.25811440604073,
        86.05041939871651,
        85.87811606270927,
        85.7332523890904,
        85.61285182407924,
        85.50885336739677,
        85.4207022530692,
        85.34422629220145,
        85.27797154017857,
        85.2206050327846,
        85.17031533377511,
        85.12642451695034,
        85.08786991664341,
        85.05389731270927,
        85.0239497593471,
        84.99743216378349,
        84.97390856061664,
        84.95299639020648,
        84.93434688023159,
        84.91768428257534,
        84.90275464739118,
        84.88935198102679,
        84.87728554861886,
        84.86640167236328,
        84.85656193324498,
        84.84764099121094,
        84.83953857421875,
        84.83215767996651,
        84.82541765485492,
        84.81925528390067,
        84.81360190255302,
        84.80840846470424,
        84.80362810407367,
        84.79921613420758,
        84.79513222830636,
        84.79135240827289,
        84.78783852713448,
        84.7845709664481,
        84.78152465820312,
        84.77867889404297,
        84.77601732526507,
        84.77352142333984,
        84.77117810930524,
        84.76897539411273,
        84.76690019880023,
        84.7649416242327,
        84.76309095110211,
        84.76134381975446,
        84.75968606131417,
        84.75811440604073,
        84.75662122453961,
        84.7552010672433,
        84.75385066441127,
        84.75256456647601,
        84.75133187430245,
        84.75015912737165,
        84.74903978620257,
        84.74796949114118,
        84.74694061279297,
        84.74595424107143,
        84.74501146589007,
        84.74410574776786,
        84.74323272705078,
        84.74239676339286,
        84.74159131731305,
        84.74081747872489,
        84.74006979806083,
        84.73935154506138,
        84.73865618024554,
        84.73798588344029,
        84.73733956473214,
        84.7367172241211,
        84.73611450195312,
        84.73553139822823,
        84.73496791294643,
        84.73441968645368,
        84.73389434814453,
        84.73337990897042,
        84.7328861781529,
        84.73240552629743,
        84.73193795340401,
        84.73148890904018,
        84.73104858398438,
        84.73062460763114,
        84.73020935058594,
        84.7298082624163,
        84.72942134312221
    ],
    "valid_losses": [
        353.81274850027904,
        155.83335658482142,
        108.35268075125558,
        112.35500117710659,
        104.91226741245815,
        98.19646671840123,
        94.03202165876117,
        91.39646366664341,
        90.56832013811383,
        89.42344665527344,
        88.74533517020089,
        88.18018995012555,
        87.77775573730469,
        87.49841744559151,
        87.21388789585659,
        87.04107666015625,
        86.84637996128627,
        86.71903119768415,
        86.59463282993862,
        86.49142129080636,
        86.40788269042969,
        86.32900565011161,
        86.26573290143695,
        86.20787811279297,
        86.15851484026227,
        86.11477661132812,
        86.07658059256417,
        86.04276275634766,
        86.01288277762276,
        85.9865003313337,
        85.96292659214565,
        85.94201987130302,
        85.92332131522042,
        85.9065682547433,
        85.89154924665179,
        85.87803649902344,
        85.86584036690849,
        85.85482897077289,
        85.84484318324498,
        85.83577510288784,
        85.82752227783203,
        85.81998552594867,
        85.81309836251395,
        85.80678340366909,
        85.80098070417132,
        85.79563685825893,
        85.79070935930524,
        85.78614916120257,
        85.78192683628627,
        85.7780031476702,
        85.77435520717076,
        85.77095467703683,
        85.76777975899833,
        85.76481301443917,
        85.76202828543526,
        85.75941685267857,
        85.75696236746651,
        85.75465066092355,
        85.75246865408761,
        85.75041089739118,
        85.74846431187221,
        85.74661908830915,
        85.74487195696149,
        85.7432131086077,
        85.74163927350726,
        85.7401373726981,
        85.73871067592076,
        85.73734501429966,
        85.73604692731585,
        85.73480224609375,
        85.7336196899414,
        85.73247855050224,
        85.73138972691127,
        85.7303466796875,
        85.7293461390904,
        85.72838156563895,
        85.72745731898716,
        85.72657012939453,
        85.72571236746651,
        85.72488948277065,
        85.72410147530692,
        85.7233396257673,
        85.72260066441127,
        85.72189113071987,
        85.72120666503906,
        85.72054290771484,
        85.71990094866071,
        85.71928296770368,
        85.71868678501674,
        85.71810695103237,
        85.71754673549107,
        85.71700395856585,
        85.7164775303432,
        85.71597072056362,
        85.71547480991909,
        85.71499524797711,
        85.71453203473773,
        85.71408299037388,
        85.71364375523159,
        85.71321977887835,
        85.71280561174665
    ],