{
    "testproblem": "quadratic_deep",
    "batch_size": 128,
    "num_epochs": 100,
    "random_seed": 45,
    "weight_decay": null,
    "optimizer_name": "PowKernelMomentumOptimizer",
    "optimizer_hyperparams": {
        "learning_rate": 0.00292043384718141,
        "power": 0.9
    },
    "training_params": {
        "lr_sched_epochs": null,
        "lr_sched_factors": null
    },
    "train_losses": [
        354.20138113839283,
        153.8424115862165,
        107.61833081926618,
        111.57293701171875,
        103.16429138183594,
        97.1238272530692,
        92.56038556780133,
        90.38377489362445,
        89.20881652832031,
        88.235837663923,
        87.4729254586356,
        86.89029148646763,
        86.53226906912667,
        86.19704982212612,
        85.94896044049945,
        85.74217660086495,
        85.56644003731864,
        85.42249080113002,
        85.30291748046875,
        85.19675772530692,
        85.10929870605469,
        85.0325927734375,
        84.96549878801618,
        84.90882219587054,
        84.85793631417411,
        84.81435067313058,
        84.77575356619698,
        84.74191066196987,
        84.7120862688337,
        84.68568747384208,
        84.66235024588448,
        84.64156123570034,
        84.62311662946429,
        84.60660443987165,
        84.59186117989677,
        84.57863943917411,
        84.5667473929269,
        84.55604117257255,
        84.54636819022042,
        84.53761727469308,
        84.52967507498605,
        84.52244894845145,
        84.51586260114398,
        84.50984845842633,
        84.50433458600726,
        84.49927956717355,
        84.49462563650948,
        84.49033573695591,
        84.48637281145368,
        84.48270307268415,
        84.4792970929827,
        84.47613416399274,
        84.47318158830915,
        84.47043282645089,
        84.46786281040737,
        84.46545519147601,
        84.46319689069476,
        84.46107591901507,
        84.45907592773438,
        84.45719255719867,
        84.4554214477539,
        84.45374080113002,
        84.452150617327,
        84.45064871651786,
        84.449220929827,
        84.44786725725446,
        84.44657679966518,
        84.44534846714565,
        84.44418116978237,
        84.4430661882673,
        84.44200352260044,
        84.44098663330078,
        84.44001988002232,
        84.43909018380302,
        84.43820408412388,
        84.4373539515904,
        84.43654196602958,
        84.43575831821987,
        84.4350095476423,
        84.43429347446987,
        84.43360137939453,
        84.43293762207031,
        84.43229675292969,
        84.43168640136719,
        84.43109675816127,
        84.43052891322544,
        84.4299806867327,
        84.42945534842355,
        84.42894744873047,
        84.42845807756696,
        84.42798614501953,
        84.42752947126117,
        84.42709350585938,
        84.42667170933315,
        84.42626299176898,
        84.42586953299386,
        84.4254869733538,
        84.4251218523298,
        84.42476654052734,
        84.42442321777344,
        84.42409406389508
    ],
    "valid_losses": [
        353.81274850027904,
        155.98661368233817,
        108.28312574114118,
        112.84403773716518,
        104.5031018938337,
        98.02659279959542,
        94.02153887067523,
        91.39252035958427,
        90.52406855991909,
        89.41101837158203,
        88.6955326625279,
        88.13218797956195,
        87.74284035818917,
        87.44884708949498,
        87.16952732631138,
        86.99199894496373,
        86.7995845249721,
        86.66675240652901,
        86.54588644845145,
        86.4389397757394,
        86.35520717075893,
        86.27662985665458,
        86.2113287789481,
        86.15428924560547,
        86.10392216273716,
        86.06014033726284,
        86.02177320207868,
        85.98775373186383,
        85.95783451625279,
        85.93133871895927,
        85.90775953020368,
        85.8867906842913,
        85.8680921282087,
        85.85133906773159,
        85.83631787981305,
        85.82283238002232,
        85.81065150669643,
        85.79966517857143,
        85.78970990862165,
        85.7806647164481,
        85.77244240897042,
        85.76493508475167,
        85.75807407924107,
        85.7517841884068,
        85.74600546700614,
        85.74068777901786,
        85.73578207833427,
        85.73124258858817,
        85.72703879220145,
        85.72313254220145,
        85.71950313023159,
        85.71611567905971,
        85.71295492989677,
        85.70999799455915,
        85.7072274344308,
        85.70462799072266,
        85.70217895507812,
        85.6998781476702,
        85.69770921979632,
        85.69566018240792,
        85.69371795654297,
        85.69188036237445,
        85.69014086042132,
        85.68848746163505,
        85.68691907610211,
        85.68542371477399,
        85.68400246756417,
        85.68264661516461,
        85.68135506766183,
        85.68012237548828,
        85.67894199916294,
        85.67781393868583,
        85.67673819405692,
        85.67570386614118,
        85.67471749441964,
        85.67376599993024,
        85.67285919189453,
        85.67198508126395,
        85.67114366803851,
        85.67033931187221,
        85.66956547328404,
        85.66881997244698,
        85.66810171944755,
        85.66741398402623,
        85.66674913678851,
        85.66610826764789,
        85.66549573625836,
        85.66490064348493,
        85.66432734898159,
        85.66377258300781,
        85.66324288504464,
        85.66273062569755,
        85.6622336251395,
        85.66175297328404,
        85.66128867013114,
        85.6608407156808,
        85.66040693010602,
        85.65999167306083,
        85.65958731515067,
        85.65919603620257,
        85.6588156563895
    ],