{
    "testproblem": "quadratic_deep",
    "batch_size": 128,
    "num_epochs": 100,
    "random_seed": 51,
    "weight_decay": null,
    "optimizer_name": "PowKernelMomentumOptimizer",
    "optimizer_hyperparams": {
        "learning_rate": 0.00292043384718141,
        "power": 0.9
    },
    "training_params": {
        "lr_sched_epochs": null,
        "lr_sched_factors": null
    },
    "train_losses": [
        354.2937229701451,
        155.8755841936384,
        108.13190242222377,
        111.79050772530692,
        104.61527906145368,
        97.52186257498605,
        93.38175092424665,
        90.94831848144531,
        89.81402478899274,
        88.86909593854632,
        88.06090000697544,
        87.52323804582868,
        87.12264796665737,
        86.80437360491071,
        86.54609898158482,
        86.34331294468471,
        86.16576276506696,
        86.02510179792132,
        85.90396118164062,
        85.80086190359933,
        85.7139914376395,
        85.63826642717633,
        85.5730732509068,
        85.51657322474888,
        85.46730477469308,
        85.42407335553851,
        85.38641357421875,
        85.35306113106864,
        85.32373700823102,
        85.29777417864118,
        85.27471487862724,
        85.25421796526227,
        85.23592158726284,
        85.2195576259068,
        85.20487104143415,
        85.1916743687221,
        85.17976597377232,
        85.16900525774274,
        85.15924508231026,
        85.15037972586495,
        85.14230237688336,
        85.13493238176618,
        85.12818254743304,
        85.12198529924665,
        85.11628723144531,
        85.1110349382673,
        85.10617937360492,
        85.10168348039899,
        85.09751565115792,
        85.09363882882255,
        85.09002249581474,
        85.08664921351841,
        85.083493913923,
        85.08053588867188,
        85.07775987897601,
        85.07515062604632,
        85.07269287109375,
        85.07037680489677,
        85.0681871686663,
        85.0661141531808,
        85.06415339878627,
        85.06229400634766,
        85.06053270612445,
        85.05885205950055,
        85.0572531563895,
        85.05573163713727,
        85.05428205217633,
        85.05290004185268,
        85.05157688685826,
        85.05031367710659,
        85.04910060337612,
        85.04794202532086,
        85.04683358328683,
        85.04576764787946,
        85.04474530901227,
        85.04376329694476,
        85.0428227015904,
        85.0419180733817,
        85.04104396275112,
        85.04020581926618,
        85.03939710344586,
        85.03861999511719,
        85.0378657749721,
        85.03714643205915,
        85.03644452776227,
        85.03577423095703,
        85.03512028285435,
        85.03449140276227,
        85.03388432094029,
        85.03329576764789,
        85.03272901262555,
        85.0321796962193,
        85.03164781842914,
        85.03113228934151,
        85.03063310895648,
        85.0301513671875,
        85.02967834472656,
        85.02922712053571,
        85.02878897530692,
        85.02835627964565,
        85.02794429234096
    ],
    "valid_losses": [
        353.81274850027904,
        157.2528795514788,
        108.30609566824776,
        112.5626972743443,
        105.38164738246373,
        97.93039049421039,
        94.30717468261719,
        91.44385964529855,
        90.58562905447823,
        89.53424072265625,
        88.75831604003906,
        88.23257664271763,
        87.82144056047711,
        87.52618626185826,
        87.24613843645368,
        87.07198224748883,
        86.87514168875558,
        86.74815477643695,
        86.6245869227818,
        86.52102225167411,
        86.43756975446429,
        86.36021532331195,
        86.29653930664062,
        86.23954010009766,
        86.1909670148577,
        86.1471939086914,
        86.10986764090401,
        86.0762470790318,
        86.0467300415039,
        86.02068437848773,
        85.99729483468192,
        85.97660827636719,
        85.9580317905971,
        85.94140951974052,
        85.92644500732422,
        85.91297367640904,
        85.90077536446708,
        85.88973127092633,
        85.87970188685826,
        85.8705586024693,
        85.86221531459263,
        85.85457066127232,
        85.84756469726562,
        85.8411145891462,
        85.83517238071987,
        85.82968030657086,
        85.82459368024554,
        85.8198732648577,
        85.81548418317523,
        85.81139264787946,
        85.80757359095982,
        85.8040019444057,
        85.80065482003349,
        85.79751368931362,
        85.79456002371651,
        85.79178183419364,
        85.7891616821289,
        85.78668648856026,
        85.78434426443917,
        85.7821284702846,
        85.78002820696149,
        85.77803475516183,
        85.77613830566406,
        85.77433340890067,
        85.77261461530414,
        85.7709732055664,
        85.76941353934151,
        85.76792253766742,
        85.76649366106305,
        85.76512908935547,
        85.76382228306362,
        85.76256888253349,
        85.76136779785156,
        85.76021357945034,
        85.7591084071568,
        85.75804574148995,
        85.75702340262276,
        85.75604139055524,
        85.75509643554688,
        85.75418635777065,
        85.75330679757255,
        85.75246211460659,
        85.75164467947823,
        85.75085776192802,
        85.7500991821289,
        85.7493645804269,
        85.7486572265625,
        85.7479716709682,
        85.74731118338448,
        85.74667031424386,
        85.74604906354632,
        85.74544852120536,
        85.74486868722099,
        85.74430847167969,
        85.74376242501395,
        85.74323272705078,
        85.74271937779018,
        85.74222455705915,
        85.74174281529018,
        85.74127633231026,
        85.7408218383789
    ],