{
    "testproblem": "quadratic_deep",
    "batch_size": 128,
    "num_epochs": 100,
    "random_seed": 48,
    "weight_decay": null,
    "optimizer_name": "PowKernelMomentumOptimizer",
    "optimizer_hyperparams": {
        "learning_rate": 0.00292043384718141,
        "power": 0.9
    },
    "training_params": {
        "lr_sched_epochs": null,
        "lr_sched_factors": null
    },
    "train_losses": [
        354.5420924595424,
        154.3731929234096,
        108.48046112060547,
        111.65232304164341,
        104.34758976527623,
        97.76053619384766,
        92.99900490897042,
        90.91019766671317,
        89.65596008300781,
        88.72649383544922,
        87.95650046212333,
        87.39483642578125,
        87.0031018938337,
        86.67417689732143,
        86.4290302821568,
        86.20782252720424,
        86.04220472063336,
        85.8934555053711,
        85.77197701590401,
        85.66998291015625,
        85.57989392961774,
        85.50496782575335,
        85.438722882952,
        85.3820550101144,
        85.33241053989956,
        85.28926958356585,
        85.2513918195452,
        85.21817561558315,
        85.18895612444196,
        85.16309683663505,
        85.14027840750558,
        85.11998857770648,
        85.10195922851562,
        85.08587864467076,
        85.07150595528739,
        85.05861990792411,
        85.04704284667969,
        85.036618913923,
        85.02720860072544,
        85.01869637625558,
        85.01096670968192,
        85.00394439697266,
        84.99753897530692,
        84.99168940952846,
        84.98632921491351,
        84.98141152518136,
        84.97688402448382,
        84.97271401541573,
        84.96885899135044,
        84.96528843470982,
        84.96197400774274,
        84.95889500209263,
        84.95602525983539,
        84.9533440726144,
        84.95084054129464,
        84.94849177769252,
        84.946286882673,
        84.9442160470145,
        84.94226619175502,
        84.94042532784599,
        84.93868909563336,
        84.93704441615513,
        84.93549019949776,
        84.9340079171317,
        84.93260955810547,
        84.9312744140625,
        84.93000793457031,
        84.92879486083984,
        84.92764064243862,
        84.9265365600586,
        84.92548152378627,
        84.92447444370815,
        84.92350769042969,
        84.9225834437779,
        84.92169298444476,
        84.92084176199776,
        84.92002214704242,
        84.91923195975167,
        84.91847773960659,
        84.91774640764508,
        84.91704450334821,
        84.91636657714844,
        84.91571262904576,
        84.91508265904018,
        84.9144755772182,
        84.91388484409877,
        84.91331699916294,
        84.9127698625837,
        84.91223907470703,
        84.91172136579242,
        84.91122218540737,
        84.91074044363839,
        84.91027178083148,
        84.90981946672711,
        84.90938023158482,
        84.90895298549107,
        84.90853663853237,
        84.90813337053571,
        84.90774318150112,
        84.90736280168805,
        84.90699223109654
    ],
    "valid_losses": [
        353.81274850027904,
        156.2037091936384,
        108.4019524710519,
        112.64549146379743,
        105.3161849975586,
        98.06548527308873,
        94.16469900948661,
        91.43687002999442,
        90.55478123256138,
        89.4904283796038,
        88.7508544921875,
        88.21268681117466,
        87.79593767438617,
        87.50810023716518,
        87.22552599225726,
        87.04636492047992,
        86.85350581577846,
        86.72347586495536,
        86.59843444824219,
        86.49623543875558,
        86.41128213065011,
        86.3335712977818,
        86.27072579520089,
        86.21291896275112,
        86.16492898123605,
        86.12136731828961,
        86.08415985107422,
        86.05106462751117,
        86.0218015398298,
        85.99625505719867,
        85.97323281424386,
        85.95305524553571,
        85.93490927559989,
        85.91875784737724,
        85.9042739868164,
        85.89124952043805,
        85.8795416695731,
        85.86895315987724,
        85.85938153948102,
        85.85068620954242,
        85.84277779715401,
        85.8355691092355,
        85.82897404261998,
        85.82293592180524,
        85.8173828125,
        85.81227547781808,
        85.80756051199776,
        85.80320085797992,
        85.79915945870536,
        85.79540579659599,
        85.79191153390067,
        85.78865705217633,
        85.78561292375836,
        85.7827627999442,
        85.78009360177177,
        85.777587890625,
        85.77522604806083,
        85.77300262451172,
        85.77090454101562,
        85.76892198835101,
        85.76704515729632,
        85.76526532854352,
        85.7635737827846,
        85.76196943010602,
        85.76044137137276,
        85.7589863368443,
        85.75759669712612,
        85.7562724522182,
        85.75500597272601,
        85.75379616873605,
        85.7526354108538,
        85.75152042933873,
        85.75045885358539,
        85.7494386945452,
        85.74845668247768,
        85.7475117274693,
        85.74660382952008,
        85.7457297188895,
        85.74488939557757,
        85.74407741001674,
        85.74329812186105,
        85.74254390171596,
        85.74181692940849,
        85.7411128452846,
        85.74043273925781,
        85.73977770124164,
        85.73914555140904,
        85.738527570452,
        85.7379379272461,
        85.73736027308873,
        85.73680332728794,
        85.73626382010323,
        85.73573957170758,
        85.73523385184151,
        85.73474012102399,
        85.73425946916852,
        85.73379625592914,
        85.73334503173828,
        85.73290470668248,
        85.73248073032924,
        85.73206438337054
    ],