{
    "testproblem": "quadratic_deep",
    "batch_size": 128,
    "num_epochs": 100,
    "random_seed": 44,
    "weight_decay": null,
    "optimizer_name": "PowKernelMomentumOptimizer",
    "optimizer_hyperparams": {
        "learning_rate": 0.00292043384718141,
        "power": 0.9
    },
    "training_params": {
        "lr_sched_epochs": null,
        "lr_sched_factors": null
    },
    "train_losses": [
        353.8855198451451,
        155.6600123814174,
        108.89124734061105,
        112.19348035539899,
        105.19576045445034,
        98.30426679338727,
        93.9345942905971,
        91.62789699009487,
        90.43530164446149,
        89.49781036376953,
        88.70263126918248,
        88.16785212925502,
        87.76795850481305,
        87.45199040004185,
        87.19639042445591,
        86.98684474400112,
        86.81514522007534,
        86.66935403006417,
        86.54849788120815,
        86.44483620779855,
        86.35590144566127,
        86.2796609061105,
        86.2133069719587,
        86.15578896658761,
        86.10558428083148,
        86.06161934988839,
        86.02304513113839,
        85.9890638078962,
        85.95907156808036,
        85.93251037597656,
        85.90893881661552,
        85.8879623413086,
        85.86924089704242,
        85.85250091552734,
        85.83747972760882,
        85.82398441859654,
        85.8118177141462,
        85.80082484654018,
        85.79087175641742,
        85.78183419363839,
        85.7736064365932,
        85.76610020228794,
        85.75923374720982,
        85.75293404715401,
        85.7471433367048,
        85.74181256975446,
        85.73688616071429,
        85.7323237827846,
        85.72809273856026,
        85.72416578020368,
        85.72049931117466,
        85.71708461216518,
        85.71388353620257,
        85.71089172363281,
        85.7080797467913,
        85.70543452671596,
        85.70294625418526,
        85.70059531075614,
        85.69837733677456,
        85.69627380371094,
        85.69428253173828,
        85.69239698137555,
        85.6905997140067,
        85.6888907296317,
        85.68726239885602,
        85.68570818219867,
        85.68422154017857,
        85.68280465262276,
        85.6814455304827,
        85.68014635358539,
        85.67889731270927,
        85.67769731794085,
        85.67654527936664,
        85.67544337681362,
        85.67437744140625,
        85.67335183279855,
        85.672361101423,
        85.67140742710659,
        85.67048754010882,
        85.66959817068917,
        85.66874258858817,
        85.66791098458427,
        85.66710553850446,
        85.66632625034877,
        85.6655742100307,
        85.66483742850167,
        85.66412898472377,
        85.66344669886998,
        85.66277640206474,
        85.66212790352958,
        85.66149466378349,
        85.660886492048,
        85.66028921944755,
        85.65970938546317,
        85.65914045061383,
        85.65859113420758,
        85.6580581665039,
        85.65753827776227,
        85.65702710832868,
        85.65653555733817,
        85.65604836600167
    ],
    "valid_losses": [
        353.81274850027904,
        155.84955705915178,
        108.29348863874164,
        112.56039646693638,
        105.01783534458706,
        98.14317975725446,
        94.14888763427734,
        91.39137377057757,
        90.58004542759487,
        89.4314705984933,
        88.73520006452289,
        88.18915339878627,
        87.77439662388393,
        87.49644143240792,
        87.20548248291016,
        87.03371320452008,
        86.83723885672433,
        86.70851135253906,
        86.58339146205357,
        86.47967420305524,
        86.39467402866909,
        86.31596156529018,
        86.25182560511998,
        86.19349125453404,
        86.14406476702008,
        86.09965297154018,
        86.06138501848493,
        86.02717808314732,
        85.9970474243164,
        85.97042083740234,
        85.94657788957868,
        85.92544773646763,
        85.90648324148995,
        85.88951764787946,
        85.87425667898995,
        85.8605237688337,
        85.84810311453683,
        85.8368661063058,
        85.82667214529855,
        85.81738608224052,
        85.80892181396484,
        85.80118451799665,
        85.79408482142857,
        85.78756059919085,
        85.78155408586774,
        85.77600206647601,
        85.7708718436105,
        85.766111101423,
        85.76168278285435,
        85.75756399972099,
        85.75371551513672,
        85.7501220703125,
        85.74675641741071,
        85.74359457833427,
        85.74062238420758,
        85.73782675606864,
        85.73518916538784,
        85.73269326346261,
        85.73033905029297,
        85.72810581752232,
        85.72598593575614,
        85.7239761352539,
        85.72206006731305,
        85.7202377319336,
        85.71849931989398,
        85.71684156145368,
        85.7152568272182,
        85.7137429373605,
        85.71229226248605,
        85.71089826311383,
        85.70956311907086,
        85.70828356061664,
        85.70705304827008,
        85.70587049211774,
        85.70473044259208,
        85.7036361694336,
        85.70258004324776,
        85.70155879429409,
        85.70057460239956,
        85.69962528773716,
        85.6987064906529,
        85.69781930106026,
        85.69696153913226,
        85.69612666538784,
        85.69532339913505,
        85.69454302106585,
        85.69378662109375,
        85.69305310930524,
        85.69234357561383,
        85.69164930071149,
        85.69097900390625,
        85.69032614571708,
        85.68969181605748,
        85.68907383510044,
        85.688474382673,
        85.6878912789481,
        85.68732343401227,
        85.68676866803851,
        85.68622698102679,
        85.68570164271763,
        85.68519047328404
    ],