{
    "testproblem": "quadratic_deep",
    "batch_size": 128,
    "num_epochs": 100,
    "random_seed": 49,
    "weight_decay": null,
    "optimizer_name": "PowKernelMomentumOptimizer",
    "optimizer_hyperparams": {
        "learning_rate": 0.00292043384718141,
        "power": 0.9
    },
    "training_params": {
        "lr_sched_epochs": null,
        "lr_sched_factors": null
    },
    "train_losses": [
        354.36492919921875,
        154.72406877790178,
        107.78382546561105,
        111.53623962402344,
        104.19343893868583,
        97.07606724330357,
        92.82188415527344,
        90.5239737374442,
        89.29691859654018,
        88.3994892665318,
        87.55381992885044,
        87.02952575683594,
        86.62485068184989,
        86.30419921875,
        86.0562264578683,
        85.8403549194336,
        85.67456381661552,
        85.52734701974052,
        85.40934099469867,
        85.30678231375558,
        85.21934182303292,
        85.1453356061663,
        85.07990046909877,
        85.02454049246651,
        84.9755358014788,
        84.93310001918248,
        84.89596339634487,
        84.86317661830357,
        84.83448355538505,
        84.80900355747768,
        84.78648812430245,
        84.76647404261998,
        84.74862670898438,
        84.73269980294364,
        84.71841648646763,
        84.7055903843471,
        84.69403403145927,
        84.68359919956752,
        84.6741441999163,
        84.66555895124164,
        84.65774318150112,
        84.6506096976144,
        84.64407893589565,
        84.6380855015346,
        84.63257380894252,
        84.62749481201172,
        84.62279619489398,
        84.61844635009766,
        84.61440713065011,
        84.61064910888672,
        84.60714394705636,
        84.60386766706195,
        84.6008050101144,
        84.59792981828961,
        84.59523010253906,
        84.59269060407367,
        84.59029715401786,
        84.5880377633231,
        84.58590044294085,
        84.58387865339007,
        84.58196367536273,
        84.58014460972377,
        84.5784170968192,
        84.57677459716797,
        84.57520948137555,
        84.57372065952846,
        84.57230159214565,
        84.57094464983258,
        84.56964874267578,
        84.56841387067523,
        84.56722804478237,
        84.56609453473773,
        84.56501007080078,
        84.56396920340401,
        84.56296757289341,
        84.56201280866351,
        84.56109401157924,
        84.56021336146763,
        84.55936322893415,
        84.55855015345982,
        84.55776541573661,
        84.55701446533203,
        84.55628749302456,
        84.5555899483817,
        84.55491965157645,
        84.5542733328683,
        84.55364772251674,
        84.5530515398298,
        84.55247497558594,
        84.55191693987165,
        84.55137961251395,
        84.55086408342633,
        84.55036272321429,
        84.54988207135882,
        84.54941667829242,
        84.54896872384208,
        84.5485371180943,
        84.54811750139508,
        84.54771423339844,
        84.54732840401786,
        84.5469502040318
    ],
    "valid_losses": [
        353.81274850027904,
        156.6461443219866,
        108.61955261230469,
        112.56679861886161,
        105.43097468784877,
        97.99787357875279,
        94.13770076206752,
        91.48962075369698,
        90.53911372593471,
        89.5008076259068,
        88.71168082101005,
        88.20069340297154,
        87.77375793457031,
        87.48397282191685,
        87.21619524274554,
        87.0231443132673,
        86.84213583809989,
        86.70938437325614,
        86.58580017089844,
        86.48645673479352,
        86.40057809012276,
        86.32572065080915,
        86.26207842145648,
        86.20616912841797,
        86.15807124546596,
        86.11516789027623,
        86.07855115618024,
        86.04540361676898,
        86.01674543108258,
        85.99111938476562,
        85.96835218157086,
        85.9481953212193,
        85.9300558907645,
        85.91390228271484,
        85.89933122907367,
        85.88623809814453,
        85.8743918282645,
        85.8636725289481,
        85.85393415178571,
        85.84506225585938,
        85.83696746826172,
        85.82955169677734,
        85.82274736676898,
        85.81648799351284,
        85.8107169015067,
        85.80537850516183,
        85.80043138776507,
        85.79584285191127,
        85.79156930106026,
        85.78758675711495,
        85.7838625226702,
        85.78037915910993,
        85.77711050851005,
        85.77404240199498,
        85.77115195138114,
        85.7684304373605,
        85.76586042131696,
        85.76343318394252,
        85.76113564627511,
        85.7589590890067,
        85.75689152308873,
        85.7549307686942,
        85.75306483677456,
        85.75128936767578,
        85.74960218157086,
        85.74799019949776,
        85.74645342145648,
        85.74498203822544,
        85.74358258928571,
        85.7422376360212,
        85.74095589773995,
        85.73972538539341,
        85.73854609898159,
        85.73742021833148,
        85.73633793422154,
        85.73530033656529,
        85.73430415562221,
        85.73334612165179,
        85.73242732456752,
        85.73154122488839,
        85.73069109235492,
        85.72987038748605,
        85.72908891950335,
        85.72833360944476,
        85.72760554722377,
        85.7269036429269,
        85.72622680664062,
        85.72557394845145,
        85.72494942801339,
        85.72434452601841,
        85.72376142229352,
        85.72319793701172,
        85.72265625,
        85.72213418143136,
        85.7216328212193,
        85.7211423601423,
        85.72067151750836,
        85.72021920340401,
        85.71978105817523,
        85.7193581717355,
        85.71895054408482
    ],