{
    "testproblem": "quadratic_deep",
    "batch_size": 128,
    "num_epochs": 100,
    "random_seed": 47,
    "weight_decay": null,
    "optimizer_name": "PowKernelMomentumOptimizer",
    "optimizer_hyperparams": {
        "learning_rate": 0.00292043384718141,
        "power": 0.9
    },
    "training_params": {
        "lr_sched_epochs": null,
        "lr_sched_factors": null
    },
    "train_losses": [
        354.2903747558594,
        154.40378897530692,
        107.69754137311664,
        111.56587873186383,
        104.0804683140346,
        97.21021597726005,
        92.80993979317802,
        90.425779070173,
        89.37616075788226,
        88.3437750680106,
        87.60782187325614,
        87.06663295200893,
        86.66051483154297,
        86.3626687186105,
        86.09394291469029,
        85.89400264195034,
        85.71669224330357,
        85.57412392752511,
        85.4522236415318,
        85.34788513183594,
        85.2598408290318,
        85.1821528843471,
        85.11629050118583,
        85.058107648577,
        85.00775582449776,
        84.96357182094029,
        84.92471858433315,
        84.89060320172992,
        84.86039297921317,
        84.83370971679688,
        84.80999755859375,
        84.78891209193638,
        84.77010018484933,
        84.75328717912946,
        84.73821803501674,
        84.72467912946429,
        84.71249171665737,
        84.7014879499163,
        84.69153812953404,
        84.68251364571708,
        84.674314226423,
        84.6668461390904,
        84.66002328055245,
        84.6537846156529,
        84.64806147984096,
        84.64280155726841,
        84.63795798165458,
        84.63348933628627,
        84.62935311453683,
        84.62552206856864,
        84.62196568080357,
        84.61865234375,
        84.61557006835938,
        84.61269269670758,
        84.60999952043805,
        84.60747637067523,
        84.60510798863002,
        84.6028823852539,
        84.60079193115234,
        84.59881591796875,
        84.59695107596261,
        84.59518868582589,
        84.59352111816406,
        84.59194074358258,
        84.59044211251395,
        84.58901541573661,
        84.58766283307757,
        84.58637346540179,
        84.58514513288226,
        84.58396911621094,
        84.58285522460938,
        84.58178601946149,
        84.5807604108538,
        84.5797849382673,
        84.57884761265346,
        84.57795061383929,
        84.57708522251674,
        84.57625906808036,
        84.5754645211356,
        84.57470158168248,
        84.57396480015346,
        84.57325417654855,
        84.57257516043526,
        84.57192012241909,
        84.57128361293248,
        84.57067435128349,
        84.57008361816406,
        84.56951250348773,
        84.56896427699498,
        84.56842912946429,
        84.56791469029018,
        84.56741441999164,
        84.56693485804966,
        84.56646183558873,
        84.56601170131138,
        84.56557137625558,
        84.56514304024833,
        84.56473105294364,
        84.56432669503349,
        84.56393432617188,
        84.56355503627232
    ],
    "valid_losses": [
        353.81274850027904,
        156.3719199044364,
        108.47902025495257,
        112.61703273228237,
        105.42820303780692,
        98.08568899972099,
        94.18177250453404,
        91.4497789655413,
        90.6107428414481,
        89.52357155936105,
        88.78390502929688,
        88.27999332972935,
        87.85155596051898,
        87.57811737060547,
        87.29547119140625,
        87.11411939348493,
        86.92587716238839,
        86.79248700823102,
        86.67009626116071,
        86.56479971749442,
        86.48057883126395,
        86.40103803362165,
        86.33691515241351,
        86.27838025774274,
        86.22851126534599,
        86.18418557303292,
        86.14544023786273,
        86.11130196707589,
        86.08084651402065,
        86.0541763305664,
        86.03016553606305,
        86.00892966134208,
        85.9898921421596,
        85.97283063616071,
        85.95752607073102,
        85.94373212541852,
        85.93128858293805,
        85.92002432686942,
        85.90981837681362,
        85.90053340366909,
        85.89208003452846,
        85.88436235700335,
        85.8772942679269,
        85.87081364222935,
        85.86485835484096,
        85.85936955043248,
        85.85430036272321,
        85.84961591448102,
        85.84526933942523,
        85.8412333897182,
        85.83748190743583,
        85.83398328508649,
        85.83071463448661,
        85.82766287667411,
        85.82479967389789,
        85.82211739676339,
        85.81959315708706,
        85.81722041538784,
        85.81498173304966,
        85.8128683907645,
        85.81086839948382,
        85.80898066929409,
        85.80718994140625,
        85.80548967633929,
        85.8038809640067,
        85.8023452758789,
        85.80088588169643,
        85.79949842180524,
        85.7981687273298,
        85.79690551757812,
        85.7957022530692,
        85.79454476492745,
        85.79343959263393,
        85.79238782610211,
        85.79137420654297,
        85.7904030936105,
        85.78947121756417,
        85.78857748849052,
        85.78771863664899,
        85.7868903023856,
        85.78609793526786,
        85.78533499581474,
        85.78459930419922,
        85.7838865007673,
        85.783203125,
        85.7825426374163,
        85.7819083077567,
        85.78129032679966,
        85.78069741385323,
        85.78012084960938,
        85.7795660836356,
        85.7790298461914,
        85.77850777762276,
        85.7780042375837,
        85.7775159563337,
        85.77704402378627,
        85.77658081054688,
        85.77613830566406,
        85.77570452008929,
        85.77528381347656,
        85.7748772757394
    ],