{
    "testproblem": "quadratic_deep",
    "batch_size": 128,
    "num_epochs": 100,
    "random_seed": 43,
    "weight_decay": null,
    "optimizer_name": "PowKernelMomentumOptimizer",
    "optimizer_hyperparams": {
        "learning_rate": 0.00292043384718141,
        "power": 0.9
    },
    "training_params": {
        "lr_sched_epochs": null,
        "lr_sched_factors": null
    },
    "train_losses": [
        353.6695295061384,
        156.06762913295202,
        108.26996285574776,
        111.23165130615234,
        104.87832205636161,
        97.36165073939732,
        93.0887451171875,
        90.82462855747768,
        89.5961412702288,
        88.711669921875,
        87.87618582589286,
        87.34960610525948,
        86.94807434082031,
        86.63050624302456,
        86.38165392194476,
        86.16903359549386,
        85.99990408761161,
        85.85570853097099,
        85.73529597691127,
        85.63348715645927,
        85.54513004847935,
        85.47006007603237,
        85.4043709891183,
        85.34764317103794,
        85.29811532156808,
        85.25462014334542,
        85.21662030901227,
        85.18297794886998,
        85.15335627964565,
        85.12707846505302,
        85.10372597830636,
        85.08295440673828,
        85.0643790108817,
        85.04776218959263,
        85.0328390938895,
        85.01941462925502,
        85.00730569022042,
        84.99635314941406,
        84.98642948695591,
        84.97740827287946,
        84.96919359479632,
        84.96169063023159,
        84.95482199532645,
        84.94852120535714,
        84.9427250453404,
        84.93738446916852,
        84.93245043073382,
        84.92788478306362,
        84.92364937918526,
        84.91971043178013,
        84.9160385131836,
        84.91261509486607,
        84.90941619873047,
        84.90641566685268,
        84.90360151018415,
        84.90095846993583,
        84.89846365792411,
        84.89611707414899,
        84.8938980102539,
        84.89180101667132,
        84.88981301443917,
        84.88792746407645,
        84.88613891601562,
        84.88443538120815,
        84.882814679827,
        84.8812735421317,
        84.87979997907367,
        84.87839181082589,
        84.87704685756138,
        84.87575966971261,
        84.87452915736607,
        84.87334442138672,
        84.87221091134208,
        84.87112317766461,
        84.87007795061383,
        84.86907305036273,
        84.86810520717076,
        84.86717442103794,
        84.86627306256976,
        84.8654065813337,
        84.8645738874163,
        84.86376626150948,
        84.86298479352679,
        84.8622316632952,
        84.86150251116071,
        84.86079624720982,
        84.860109601702,
        84.8594480242048,
        84.85880933489118,
        84.85818590436664,
        84.85758536202567,
        84.85700007847377,
        84.85642787388393,
        84.85587855747768,
        84.85534340994698,
        84.85482134137835,
        84.85431453159877,
        84.85382189069476,
        84.85334232875279,
        84.85287693568638,
        84.85242244175502
    ],
    "valid_losses": [
        353.81274850027904,
        157.4423544747489,
        108.53345816476005,
        112.23563385009766,
        105.78489467075893,
        97.915036882673,
        94.15281786237445,
        91.49388667515346,
        90.48224748883929,
        89.5526613507952,
        88.70873151506696,
        88.20966012137276,
        87.79996926443917,
        87.49731772286552,
        87.23516954694476,
        87.0473131452288,
        86.8602534702846,
        86.7308578491211,
        86.60784476143974,
        86.50562831333706,
        86.42178235735211,
        86.34453909737724,
        86.28100040980748,
        86.22391074044364,
        86.1750717163086,
        86.13135092599052,
        86.09366389683315,
        86.05991581508091,
        86.0301262991769,
        86.0038811819894,
        85.98021589006696,
        85.95933641706195,
        85.94051252092633,
        85.92366354806083,
        85.90850394112724,
        85.89482007707868,
        85.88245064871651,
        85.87123325892857,
        85.86104038783482,
        85.85175432477679,
        85.84327915736607,
        85.83551352364677,
        85.8283920288086,
        85.82184055873326,
        85.81580461774554,
        85.8102297101702,
        85.80506461007255,
        85.80027335030692,
        85.79582105364118,
        85.7916750226702,
        85.78780364990234,
        85.78418513706752,
        85.78079768589565,
        85.77761513846261,
        85.77462441580636,
        85.77181134905133,
        85.76915849958148,
        85.76665496826172,
        85.76428985595703,
        85.76204354422433,
        85.75991385323661,
        85.75789860316685,
        85.7559814453125,
        85.75415475027901,
        85.75241524832589,
        85.7507574898856,
        85.74917602539062,
        85.74766322544643,
        85.74621691022601,
        85.74483272007534,
        85.7435062953404,
        85.74223327636719,
        85.7410147530692,
        85.7398430960519,
        85.73871503557477,
        85.73763493129185,
        85.7365951538086,
        85.73558916364398,
        85.73462241036552,
        85.7336894444057,
        85.73279135567802,
        85.73192269461495,
        85.73108455113002,
        85.73027038574219,
        85.729490007673,
        85.72872815813336,
        85.72799682617188,
        85.72728293282645,
        85.72659519740513,
        85.72592599051339,
        85.72527640206474,
        85.72464970179966,
        85.72403935023716,
        85.72344861711774,
        85.72287314278739,
        85.7223151070731,
        85.72177124023438,
        85.72124481201172,
        85.72072928292411,
        85.72023228236607,
        85.71974400111607
    ],