{
    "testproblem": "quadratic_deep",
    "batch_size": 128,
    "num_epochs": 100,
    "random_seed": 46,
    "weight_decay": null,
    "optimizer_name": "PowKernelMomentumOptimizer",
    "optimizer_hyperparams": {
        "learning_rate": 0.00292043384718141,
        "power": 0.9
    },
    "training_params": {
        "lr_sched_epochs": null,
        "lr_sched_factors": null
    },
    "train_losses": [
        355.4367414202009,
        155.82545035226005,
        108.11838640485492,
        112.06922258649554,
        104.53174700055804,
        97.54592895507812,
        93.26064082554409,
        90.9559326171875,
        89.78763144356864,
        88.84681374686105,
        88.04171752929688,
        87.49687848772321,
        87.11319514683315,
        86.79317583356585,
        86.54369572230748,
        86.33738817487445,
        86.1645257132394,
        86.02275085449219,
        85.90283530099052,
        85.8002689906529,
        85.71339198521206,
        85.63791765485492,
        85.57282148088727,
        85.51642499651227,
        85.46707916259766,
        85.42408316476005,
        85.38628278459821,
        85.35309382847377,
        85.32376534598214,
        85.2978515625,
        85.27485111781529,
        85.25438472202846,
        85.23616027832031,
        85.21984427315849,
        85.20523725237165,
        85.19211033412388,
        85.18028695242745,
        85.16961015973773,
        85.15995243617466,
        85.15118299211774,
        85.1432135445731,
        85.13594709123883,
        85.12930515834263,
        85.12322562081474,
        85.11764417375836,
        85.11250741141183,
        85.10777827671596,
        85.10340227399554,
        85.09935106549945,
        85.09559740339007,
        85.09210750034877,
        85.08885955810547,
        85.08582632882255,
        85.08299364362445,
        85.08034297398159,
        85.07785906110492,
        85.07552337646484,
        85.07333156040737,
        85.0712661743164,
        85.06931958879743,
        85.0674798148019,
        85.06573922293526,
        85.06409454345703,
        85.06253487723214,
        85.06105695452008,
        85.05965096609933,
        85.05831800188336,
        85.05704498291016,
        85.0558362688337,
        85.05468096051898,
        85.05358232770648,
        85.05253165108817,
        85.05152566092355,
        85.05056326729911,
        85.04964556012835,
        85.04876491001674,
        85.04791804722377,
        85.04711042131696,
        85.04632895333427,
        85.04558563232422,
        85.04486737932477,
        85.04417310442243,
        85.04351152692523,
        85.0428706577846,
        85.04225594656808,
        85.04165867396763,
        85.04108646937779,
        85.04053388323102,
        85.03999546595982,
        85.03948102678571,
        85.03898184640067,
        85.0384990147182,
        85.03803362165179,
        85.03758021763393,
        85.03713989257812,
        85.03671591622489,
        85.0363050188337,
        85.03590611049107,
        85.03551919119698,
        85.03514099121094,
        85.03477587018695
    ],
    "valid_losses": [
        353.81274850027904,
        157.63968549455916,
        108.32409014020648,
        112.6253193446568,
        105.38202558244977,
        97.88094002859933,
        94.17222704206195,
        91.38892037527901,
        90.56981658935547,
        89.45202200753349,
        88.70514896937779,
        88.18717084612165,
        87.76103973388672,
        87.48836299351284,
        87.20652444022042,
        87.02847834995815,
        86.8385729108538,
        86.70969717843192,
        86.58545575823102,
        86.48434230259487,
        86.39945438929966,
        86.3223855154855,
        86.25900050571987,
        86.20159803118024,
        86.1530282156808,
        86.10927908761161,
        86.07180350167411,
        86.03814261300224,
        86.0086441040039,
        85.98251669747489,
        85.9591304234096,
        85.93844822474888,
        85.9198499407087,
        85.9032472882952,
        85.88829585484096,
        85.87484850202289,
        85.86269269670758,
        85.85169219970703,
        85.84171731131417,
        85.83263397216797,
        85.82436043875558,
        85.81678989955357,
        85.80985695975167,
        85.80349295479911,
        85.79763357979911,
        85.792234148298,
        85.78723798479352,
        85.7826178414481,
        85.77832685198102,
        85.77434321812221,
        85.77062879289899,
        85.76717049734933,
        85.76392909458706,
        85.76090240478516,
        85.75805991036552,
        85.75539180210659,
        85.75288500104632,
        85.75051988874164,
        85.74829646519252,
        85.7461918422154,
        85.74420166015625,
        85.74232046944755,
        85.74053628104073,
        85.73884582519531,
        85.73724038260323,
        85.73571450369698,
        85.73426164899554,
        85.73287636893136,
        85.73155866350446,
        85.73030199323382,
        85.7291030883789,
        85.7279532296317,
        85.7268567766462,
        85.7258061000279,
        85.7248033796038,
        85.72383553641183,
        85.72291346958706,
        85.72202736990792,
        85.72117505754743,
        85.72035544259208,
        85.71956634521484,
        85.71881103515625,
        85.71808188302177,
        85.7173821585519,
        85.71670859200614,
        85.71605137416294,
        85.71542249407086,
        85.71481759207589,
        85.7142312186105,
        85.71366119384766,
        85.71311514718192,
        85.71258653913226,
        85.71207427978516,
        85.71157509940011,
        85.71109553745815,
        85.71063123430524,
        85.71017565046039,
        85.70973859514508,
        85.70931461879185,
        85.70889936174665,
        85.70850154331752
    ],