{
    "testproblem": "quadratic_deep",
    "batch_size": 128,
    "num_epochs": 100,
    "random_seed": 50,
    "weight_decay": null,
    "optimizer_name": "PowKernelMomentumOptimizer",
    "optimizer_hyperparams": {
        "learning_rate": 0.00292043384718141,
        "power": 0.9
    },
    "training_params": {
        "lr_sched_epochs": null,
        "lr_sched_factors": null
    },
    "train_losses": [
        352.11155482700894,
        154.43394470214844,
        107.824948992048,
        110.80503736223493,
        103.74579293387276,
        97.06594630650112,
        92.59923553466797,
        90.27195957728794,
        89.16214098249164,
        88.14881134033203,
        87.41462925502232,
        86.85513959612165,
        86.45716857910156,
        86.14931379045758,
        85.88829258510044,
        85.68600572858539,
        85.50870295933315,
        85.36751556396484,
        85.24364144461495,
        85.14105660574776,
        85.05224173409599,
        84.97528294154576,
        84.90964835030692,
        84.8517325265067,
        84.80187552315849,
        84.75797380719867,
        84.71960776192802,
        84.68584333147321,
        84.65607452392578,
        84.62977164132255,
        84.60645948137555,
        84.58575984409877,
        84.56732068743024,
        84.55086953299386,
        84.53614044189453,
        84.52293722970145,
        84.51106262207031,
        84.50035967145648,
        84.49068995884487,
        84.48193904331752,
        84.47399575369698,
        84.46677071707589,
        84.4601811000279,
        84.45415823800224,
        84.44864654541016,
        84.44358934674945,
        84.43893650599888,
        84.43464987618583,
        84.43069131033761,
        84.4270259312221,
        84.42362976074219,
        84.42047555106026,
        84.41754150390625,
        84.41480364118304,
        84.41224888392857,
        84.40985761369977,
        84.40761893136161,
        84.40552084786552,
        84.40354919433594,
        84.40169307163784,
        84.39994485037667,
        84.39829472133091,
        84.39673505510602,
        84.39526476178851,
        84.3938729422433,
        84.3925552368164,
        84.39130074637276,
        84.3901116507394,
        84.38898250034877,
        84.38790784563336,
        84.38688659667969,
        84.38591003417969,
        84.38498251778739,
        84.38409750802177,
        84.3832506452288,
        84.38243865966797,
        84.38166918073382,
        84.38092803955078,
        84.38022177559989,
        84.37954384940011,
        84.37889426095145,
        84.37826974051339,
        84.37767246791294,
        84.3770980834961,
        84.37655094691685,
        84.37601906912667,
        84.37551007952008,
        84.3750239780971,
        84.37455313546317,
        84.37410191127232,
        84.37366594587054,
        84.37324741908482,
        84.37284197126117,
        84.37245505196708,
        84.37207685198102,
        84.37171718052456,
        84.37136840820312,
        84.37103162493024,
        84.37071010044643,
        84.37039511544364,
        84.3700942993164
    ],
    "valid_losses": [
        353.81274850027904,
        155.6401650565011,
        108.64877537318638,
        112.48246656145368,
        104.7716554914202,
        98.32491302490234,
        94.02198028564453,
        91.37884303501674,
        90.59121486118862,
        89.37074170793805,
        88.75616564069476,
        88.15942491803851,
        87.76746041434151,
        87.4822747366769,
        87.19500078473773,
        87.02545057024274,
        86.8246601649693,
        86.7008034842355,
        86.57144601004464,
        86.46966443743024,
        86.38436453683036,
        86.30470275878906,
        86.24150957380023,
        86.18254634312221,
        86.13336290631976,
        86.089111328125,
        86.05082266671317,
        86.01690782819476,
        85.98687635149274,
        85.96047755650112,
        85.93683406284877,
        85.9159164428711,
        85.89719935825893,
        85.88044956752232,
        85.86543709891183,
        85.85192980085101,
        85.83975110735211,
        85.82875279017857,
        85.81878553118024,
        85.80973379952567,
        85.80150386265346,
        85.7939921787807,
        85.78712463378906,
        85.78083256312779,
        85.77505275181362,
        85.76973397391183,
        85.76483045305524,
        85.76029968261719,
        85.75610024588448,
        85.75220707484654,
        85.74858638218471,
        85.7452163696289,
        85.74207414899554,
        85.7391357421875,
        85.73638589041573,
        85.7338115147182,
        85.73139299665179,
        85.72911725725446,
        85.72698102678571,
        85.72496250697544,
        85.72305624825614,
        85.72125789097377,
        85.7195565359933,
        85.71794782366071,
        85.71642085484096,
        85.7149680001395,
        85.71359034946987,
        85.71228681291852,
        85.71103886195591,
        85.70985412597656,
        85.70872279575893,
        85.70764269147601,
        85.7066170828683,
        85.70563180106026,
        85.70469556535993,
        85.70379529680524,
        85.70293426513672,
        85.70211138044085,
        85.70132555280414,
        85.70057024274554,
        85.69984218052456,
        85.69915117536273,
        85.698484148298,
        85.69784109933036,
        85.69722638811383,
        85.69663565499442,
        85.69606454031808,
        85.69551631382534,
        85.69499097551618,
        85.6944808959961,
        85.69399043491909,
        85.69352286202567,
        85.6930661882673,
        85.692629132952,
        85.69220515659877,
        85.69180079868862,
        85.69140733991351,
        85.69102805001395,
        85.69065856933594,
        85.6903054373605,
        85.6899642944336
    ],