{
    "testproblem": "mnist_vae_no_dropout",
    "batch_size": 64,
    "num_epochs": 50,
    "random_seed": 42,
    "weight_decay": null,
    "optimizer_name": "PowKernelGradientDescentOptimizer",
    "optimizer_hyperparams": {
        "learning_rate": 0.01256315277393866,
        "power": 0.5
    },
    "training_params": {
        "lr_sched_epochs": null,
        "lr_sched_factors": null
    },
    "train_losses": [
        181.4783539405236,
        48.66914147597093,
        181.4783539405236,
        181.4783539405236,
        181.4783539405236,
        181.4783539405236,
        181.4783539405236,
        181.4783539405236,
        181.4783539405236,
        181.4783539405236,
        181.4783539405236,
        181.4783539405236,
        181.4783539405236,
        181.4783539405236,
        181.4783539405236,
        181.4783539405236,
        181.4783539405236,
        181.4783539405236,
        181.4783539405236,
        181.4783539405236,
        181.4783539405236,
        181.4783539405236,
        181.4783539405236,
        181.4783539405236,
        181.4783539405236,
        181.4783539405236,
        181.4783539405236,
        181.4783539405236,
        181.4783539405236,
        181.4783539405236,
        181.4783539405236,
        181.4783539405236,
        181.4783539405236,
        181.4783539405236,
        181.4783539405236,
        181.4783539405236,
        181.4783539405236,
        181.4783539405236,
        181.4783539405236,
        181.4783539405236,
        181.4783539405236,
        181.4783539405236,
        181.4783539405236,
        181.4783539405236,
        181.4783539405236,
        181.4783539405236,
        181.4783539405236,
        181.4783539405236,
        181.4783539405236,
        181.4783539405236,
        181.4783539405236
    ],
    "valid_losses": [
        181.41603998037485,
        48.51027588966565,
        181.41603998037485,
        181.41603998037485,
        181.41603998037485,
        181.41603998037485,
        181.41603998037485,
        181.41603998037485,
        181.41603998037485,
        181.41603998037485,
        181.41603998037485,
        181.41603998037485,
        181.41603998037485,
        181.41603998037485,
        181.41603998037485,
        181.41603998037485,
        181.41603998037485,
        181.41603998037485,
        181.41603998037485,
        181.41603998037485,
        181.41603998037485,
        181.41603998037485,
        181.41603998037485,
        181.41603998037485,
        181.41603998037485,
        181.41603998037485,
        181.41603998037485,
        181.41603998037485,
        181.41603998037485,
        181.41603998037485,
        181.41603998037485,
        181.41603998037485,
        181.41603998037485,
        181.41603998037485,
        181.41603998037485,
        181.41603998037485,
        181.41603998037485,
        181.41603998037485,
        181.41603998037485,
        181.41603998037485,
        181.41603998037485,
        181.41603998037485,
        181.41603998037485,
        181.41603998037485,
        181.41603998037485,
        181.41603998037485,
        181.41603998037485,
        181.41603998037485,
        181.41603998037485,
        181.41603998037485,
        181.41603998037485
    ],
    "test_losses": [
        181.48047853127505,
        48.65630433498285,
        181.48047853127505,
        181.48047853127505,
        181.48047853127505,
        181.48047853127505,
        181.48047853127505,
        181.48047853127505,
        181.48047853127505,
        181.48047853127505,
        181.48047853127505,
        181.48047853127505,
        181.48047853127505,
        181.48047853127505,
        181.48047853127505,
        181.48047853127505,
        181.48047853127505,
        181.48047853127505,
        181.48047853127505,
        181.48047853127505,
        181.48047853127505,
        181.48047853127505,
        181.48047853127505,
        181.48047853127505,
        181.48047853127505,
        181.48047853127505,
        181.48047853127505,
        181.48047853127505,
        181.48047853127505,
        181.48047853127505,
        181.48047853127505,
        181.48047853127505,
        181.48047853127505,
        181.48047853127505,
        181.48047853127505,
        181.48047853127505,
        181.48047853127505,
        181.48047853127505,
        181.48047853127505,
        181.48047853127505,
        181.48047853127505,
        181.48047853127505,
        181.48047853127505,
        181.48047853127505,
        181.48047853127505,
        181.48047853127505,
        181.48047853127505,
        181.48047853127505,
        181.48047853127505,
        181.48047853127505,
        181.48047853127505
    ],