{
    "testproblem": "mnist_vae_no_dropout",
    "batch_size": 64,
    "num_epochs": 50,
    "random_seed": 42,
    "weight_decay": null,
    "optimizer_name": "PowKernelGradientDescentOptimizer",
    "optimizer_hyperparams": {
        "learning_rate": 0.017912362571043654,
        "power": 0.5
    },
    "training_params": {
        "lr_sched_epochs": null,
        "lr_sched_factors": null
    },
    "train_losses": [
        181.4783537448981,
        52.94616425343049,
        47.55397412715814,
        181.4783537448981,
        181.4783537448981,
        181.4783537448981,
        181.4783537448981,
        181.4783537448981,
        181.4783537448981,
        181.4783537448981,
        181.4783537448981,
        181.4783537448981,
        181.4783537448981,
        181.4783537448981,
        181.4783537448981,
        181.4783537448981,
        181.4783537448981,
        181.4783537448981,
        181.4783537448981,
        181.4783537448981,
        181.4783537448981,
        181.4783537448981,
        181.4783537448981,
        181.4783537448981,
        181.4783537448981,
        181.4783537448981,
        181.4783537448981,
        181.4783537448981,
        181.4783537448981,
        181.4783537448981,
        181.4783537448981,
        181.4783537448981,
        181.4783537448981,
        181.4783537448981,
        181.4783537448981,
        181.4783537448981,
        181.4783537448981,
        181.4783537448981,
        181.4783537448981,
        181.4783537448981,
        181.4783537448981,
        181.4783537448981,
        181.4783537448981,
        181.4783537448981,
        181.4783537448981,
        181.4783537448981,
        181.4783537448981,
        181.4783537448981,
        181.4783537448981,
        181.4783537448981,
        181.4783537448981
    ],
    "valid_losses": [
        181.4160398825621,
        52.92300258538662,
        47.35418720734425,
        181.4160398825621,
        181.4160398825621,
        181.4160398825621,
        181.4160398825621,
        181.4160398825621,
        181.4160398825621,
        181.4160398825621,
        181.4160398825621,
        181.4160398825621,
        181.4160398825621,
        181.4160398825621,
        181.4160398825621,
        181.4160398825621,
        181.4160398825621,
        181.4160398825621,
        181.4160398825621,
        181.4160398825621,
        181.4160398825621,
        181.4160398825621,
        181.4160398825621,
        181.4160398825621,
        181.4160398825621,
        181.4160398825621,
        181.4160398825621,
        181.4160398825621,
        181.4160398825621,
        181.4160398825621,
        181.4160398825621,
        181.4160398825621,
        181.4160398825621,
        181.4160398825621,
        181.4160398825621,
        181.4160398825621,
        181.4160398825621,
        181.4160398825621,
        181.4160398825621,
        181.4160398825621,
        181.4160398825621,
        181.4160398825621,
        181.4160398825621,
        181.4160398825621,
        181.4160398825621,
        181.4160398825621,
        181.4160398825621,
        181.4160398825621,
        181.4160398825621,
        181.4160398825621,
        181.4160398825621
    ],
    "test_losses": [
        181.48047853127505,
        53.025832787538185,
        47.27635493645301,
        181.48047853127505,
        181.48047853127505,
        181.48047853127505,
        181.48047853127505,
        181.48047853127505,
        181.48047853127505,
        181.48047853127505,
        181.48047853127505,
        181.48047853127505,
        181.48047853127505,
        181.48047853127505,
        181.48047853127505,
        181.48047853127505,
        181.48047853127505,
        181.48047853127505,
        181.48047853127505,
        181.48047853127505,
        181.48047853127505,
        181.48047853127505,
        181.48047853127505,
        181.48047853127505,
        181.48047853127505,
        181.48047853127505,
        181.48047853127505,
        181.48047853127505,
        181.48047853127505,
        181.48047853127505,
        181.48047853127505,
        181.48047853127505,
        181.48047853127505,
        181.48047853127505,
        181.48047853127505,
        181.48047853127505,
        181.48047853127505,
        181.48047853127505,
        181.48047853127505,
        181.48047853127505,
        181.48047853127505,
        181.48047853127505,
        181.48047853127505,
        181.48047853127505,
        181.48047853127505,
        181.48047853127505,
        181.48047853127505,
        181.48047853127505,
        181.48047853127505,
        181.48047853127505,
        181.48047853127505
    ],