{
    "testproblem": "fmnist_vae",
    "batch_size": 64,
    "num_epochs": 100,
    "random_seed": 42,
    "weight_decay": null,
    "optimizer_name": "PowKernelGradientDescentOptimizer",
    "optimizer_hyperparams": {
        "learning_rate": 0.014413469371110323,
        "power": 0.5
    },
    "training_params": {
        "lr_sched_epochs": null,
        "lr_sched_factors": null
    },
    "train_losses": [
        133.04190728603265,
        68.32181531955034,
        133.04190728603265,
        133.04190728603265,
        133.04190728603265,
        133.04190728603265,
        133.04190728603265,
        133.04190728603265,
        133.04190728603265,
        133.04190728603265,
        133.04190728603265,
        133.04190728603265,
        133.04190728603265,
        133.04190728603265,
        133.04190728603265,
        133.04190728603265,
        133.04190728603265,
        133.04190728603265,
        133.04190728603265,
        133.04190728603265,
        133.04190728603265,
        133.04190728603265,
        133.04190728603265,
        133.04190728603265,
        133.04190728603265,
        133.04190728603265,
        133.04190728603265,
        133.04190728603265,
        133.04190728603265,
        133.04190728603265,
        133.04190728603265,
        133.04190728603265,
        133.04190728603265,
        133.04190728603265,
        133.04190728603265,
        133.04190728603265,
        133.04190728603265,
        133.04190728603265,
        133.04190728603265,
        133.04190728603265,
        133.04190728603265,
        133.04190728603265,
        133.04190728603265,
        133.04190728603265,
        133.04190728603265,
        133.04190728603265,
        133.04190728603265,
        133.04190728603265,
        133.04190728603265,
        133.04190728603265,
        133.04190728603265,
        133.04190728603265,
        133.04190728603265,
        133.04190728603265,
        133.04190728603265,
        133.04190728603265,
        133.04190728603265,
        133.04190728603265,
        133.04190728603265,
        133.04190728603265,
        133.04190728603265,
        133.04190728603265,
        133.04190728603265,
        133.04190728603265,
        133.04190728603265,
        133.04190728603265,
        133.04190728603265,
        133.04190728603265,
        133.04190728603265,
        133.04190728603265,
        133.04190728603265,
        133.04190728603265,
        133.04190728603265,
        133.04190728603265,
        133.04190728603265,
        133.04190728603265,
        133.04190728603265,
        133.04190728603265,
        133.04190728603265,
        133.04190728603265,
        133.04190728603265,
        133.04190728603265,
        133.04190728603265,
        133.04190728603265,
        133.04190728603265,
        133.04190728603265,
        133.04190728603265,
        133.04190728603265,
        133.04190728603265,
        133.04190728603265,
        133.04190728603265,
        133.04190728603265,
        133.04190728603265,
        133.04190728603265,
        133.04190728603265,
        133.04190728603265,
        133.04190728603265,
        133.04190728603265,
        133.04190728603265,
        133.04190728603265,
        133.04190728603265
    ],
    "valid_losses": [
        134.00498556479428,
        69.15600977188501,
        134.00498556479428,
        134.00498556479428,
        134.00498556479428,
        134.00498556479428,
        134.00498556479428,
        134.00498556479428,
        134.00498556479428,
        134.00498556479428,
        134.00498556479428,
        134.00498556479428,
        134.00498556479428,
        134.00498556479428,
        134.00498556479428,
        134.00498556479428,
        134.00498556479428,
        134.00498556479428,
        134.00498556479428,
        134.00498556479428,
        134.00498556479428,
        134.00498556479428,
        134.00498556479428,
        134.00498556479428,
        134.00498556479428,
        134.00498556479428,
        134.00498556479428,
        134.00498556479428,
        134.00498556479428,
        134.00498556479428,
        134.00498556479428,
        134.00498556479428,
        134.00498556479428,
        134.00498556479428,
        134.00498556479428,
        134.00498556479428,
        134.00498556479428,
        134.00498556479428,
        134.00498556479428,
        134.00498556479428,
        134.00498556479428,
        134.00498556479428,
        134.00498556479428,
        134.00498556479428,
        134.00498556479428,
        134.00498556479428,
        134.00498556479428,
        134.00498556479428,
        134.00498556479428,
        134.00498556479428,
        134.00498556479428,
        134.00498556479428,
        134.00498556479428,
        134.00498556479428,
        134.00498556479428,
        134.00498556479428,
        134.00498556479428,
        134.00498556479428,
        134.00498556479428,
        134.00498556479428,
        134.00498556479428,
        134.00498556479428,
        134.00498556479428,
        134.00498556479428,
        134.00498556479428,
        134.00498556479428,
        134.00498556479428,
        134.00498556479428,
        134.00498556479428,
        134.00498556479428,
        134.00498556479428,
        134.00498556479428,
        134.00498556479428,
        134.00498556479428,
        134.00498556479428,
        134.00498556479428,
        134.00498556479428,
        134.00498556479428,
        134.00498556479428,
        134.00498556479428,
        134.00498556479428,
        134.00498556479428,
        134.00498556479428,
        134.00498556479428,
        134.00498556479428,
        134.00498556479428,
        134.00498556479428,
        134.00498556479428,
        134.00498556479428,
        134.00498556479428,
        134.00498556479428,
        134.00498556479428,
        134.00498556479428,
        134.00498556479428,
        134.00498556479428,
        134.00498556479428,
        134.00498556479428,
        134.00498556479428,
        134.00498556479428,
        134.00498556479428,
        134.00498556479428
    ],