{
    "testproblem": "fmnist_vae",
    "batch_size": 64,
    "num_epochs": 100,
    "random_seed": 42,
    "weight_decay": null,
    "optimizer_name": "PowKernelGradientDescentOptimizer",
    "optimizer_hyperparams": {
        "learning_rate": 0.014413469371110323,
        "power": 0.5
    },
    "training_params": {
        "lr_sched_epochs": null,
        "lr_sched_factors": null
    },
    "train_losses": [
        133.04190713931354,
        68.32033010629507,
        133.04190713931354,
        133.04190713931354,
        133.04190713931354,
        133.04190713931354,
        133.04190713931354,
        133.04190713931354,
        133.04190713931354,
        133.04190713931354,
        133.04190713931354,
        133.04190713931354,
        133.04190713931354,
        133.04190713931354,
        133.04190713931354,
        133.04190713931354,
        133.04190713931354,
        133.04190713931354,
        133.04190713931354,
        133.04190713931354,
        133.04190713931354,
        133.04190713931354,
        133.04190713931354,
        133.04190713931354,
        133.04190713931354,
        133.04190713931354,
        133.04190713931354,
        133.04190713931354,
        133.04190713931354,
        133.04190713931354,
        133.04190713931354,
        133.04190713931354,
        133.04190713931354,
        133.04190713931354,
        133.04190713931354,
        133.04190713931354,
        133.04190713931354,
        133.04190713931354,
        133.04190713931354,
        133.04190713931354,
        133.04190713931354,
        133.04190713931354,
        133.04190713931354,
        133.04190713931354,
        133.04190713931354,
        133.04190713931354,
        133.04190713931354,
        133.04190713931354,
        133.04190713931354,
        133.04190713931354,
        133.04190713931354,
        133.04190713931354,
        133.04190713931354,
        133.04190713931354,
        133.04190713931354,
        133.04190713931354,
        133.04190713931354,
        133.04190713931354,
        133.04190713931354,
        133.04190713931354,
        133.04190713931354,
        133.04190713931354,
        133.04190713931354,
        133.04190713931354,
        133.04190713931354,
        133.04190713931354,
        133.04190713931354,
        133.04190713931354,
        133.04190713931354,
        133.04190713931354,
        133.04190713931354,
        133.04190713931354,
        133.04190713931354,
        133.04190713931354,
        133.04190713931354,
        133.04190713931354,
        133.04190713931354,
        133.04190713931354,
        133.04190713931354,
        133.04190713931354,
        133.04190713931354,
        133.04190713931354,
        133.04190713931354,
        133.04190713931354,
        133.04190713931354,
        133.04190713931354,
        133.04190713931354,
        133.04190713931354,
        133.04190713931354,
        133.04190713931354,
        133.04190713931354,
        133.04190713931354,
        133.04190713931354,
        133.04190713931354,
        133.04190713931354,
        133.04190713931354,
        133.04190713931354,
        133.04190713931354,
        133.04190713931354,
        133.04190713931354,
        133.04190713931354
    ],
    "valid_losses": [
        134.0049857604198,
        69.15455334003155,
        134.0049857604198,
        134.0049857604198,
        134.0049857604198,
        134.0049857604198,
        134.0049857604198,
        134.0049857604198,
        134.0049857604198,
        134.0049857604198,
        134.0049857604198,
        134.0049857604198,
        134.0049857604198,
        134.0049857604198,
        134.0049857604198,
        134.0049857604198,
        134.0049857604198,
        134.0049857604198,
        134.0049857604198,
        134.0049857604198,
        134.0049857604198,
        134.0049857604198,
        134.0049857604198,
        134.0049857604198,
        134.0049857604198,
        134.0049857604198,
        134.0049857604198,
        134.0049857604198,
        134.0049857604198,
        134.0049857604198,
        134.0049857604198,
        134.0049857604198,
        134.0049857604198,
        134.0049857604198,
        134.0049857604198,
        134.0049857604198,
        134.0049857604198,
        134.0049857604198,
        134.0049857604198,
        134.0049857604198,
        134.0049857604198,
        134.0049857604198,
        134.0049857604198,
        134.0049857604198,
        134.0049857604198,
        134.0049857604198,
        134.0049857604198,
        134.0049857604198,
        134.0049857604198,
        134.0049857604198,
        134.0049857604198,
        134.0049857604198,
        134.0049857604198,
        134.0049857604198,
        134.0049857604198,
        134.0049857604198,
        134.0049857604198,
        134.0049857604198,
        134.0049857604198,
        134.0049857604198,
        134.0049857604198,
        134.0049857604198,
        134.0049857604198,
        134.0049857604198,
        134.0049857604198,
        134.0049857604198,
        134.0049857604198,
        134.0049857604198,
        134.0049857604198,
        134.0049857604198,
        134.0049857604198,
        134.0049857604198,
        134.0049857604198,
        134.0049857604198,
        134.0049857604198,
        134.0049857604198,
        134.0049857604198,
        134.0049857604198,
        134.0049857604198,
        134.0049857604198,
        134.0049857604198,
        134.0049857604198,
        134.0049857604198,
        134.0049857604198,
        134.0049857604198,
        134.0049857604198,
        134.0049857604198,
        134.0049857604198,
        134.0049857604198,
        134.0049857604198,
        134.0049857604198,
        134.0049857604198,
        134.0049857604198,
        134.0049857604198,
        134.0049857604198,
        134.0049857604198,
        134.0049857604198,
        134.0049857604198,
        134.0049857604198,
        134.0049857604198,
        134.0049857604198
    ],