{
    "testproblem": "quadratic_deep",
    "batch_size": 128,
    "num_epochs": 100,
    "random_seed": 42,
    "weight_decay": null,
    "optimizer_name": "PowKernelMomentumOptimizer",
    "optimizer_hyperparams": {
        "learning_rate": 0.017912362571043654,
        "power": 0.5
    },
    "training_params": {
        "lr_sched_epochs": null,
        "lr_sched_factors": null
    },
    "train_losses": [
        352.8963535853795,
        210.36835152762276,
        123.9418204171317,
        102.48424312046596,
        92.77103642054966,
        89.38441358293805,
        87.01452309744698,
        87.47530038016183,
        86.69298771449498,
        86.19557080950055,
        86.29654802594867,
        86.71565464564732,
        86.83278547014508,
        86.79708644321987,
        86.80518123081752,
        86.81693049839565,
        86.87217276436942,
        86.95144871303013,
        86.98123168945312,
        86.99282727922711,
        87.0423093523298,
        87.10952540806362,
        87.17300415039062,
        87.2218508039202,
        87.27600206647601,
        87.33580017089844,
        87.3886239188058,
        87.43213435581752,
        87.4640372140067,
        87.48441314697266,
        87.50102996826172,
        87.51626259940011,
        87.53829520089286,
        87.56998879568917,
        87.60543932233539,
        87.63866751534599,
        87.670407976423,
        87.7014650617327,
        87.73177337646484,
        87.75963701520648,
        87.78214808872768,
        87.80741010393415,
        87.83928462437221,
        87.8745869227818,
        87.90631866455078,
        87.93617466517857,
        87.96427699497768,
        87.9931400844029,
        88.02433449881417,
        88.05415344238281,
        88.07951028006417,
        88.09816632952008,
        88.1102785382952,
        88.1217019217355,
        88.13644191196987,
        88.15451158796039,
        88.174318586077,
        88.19572230747768,
        88.22191074916294,
        88.2490703037807,
        88.2762701851981,
        88.30382319859096,
        88.33093806675502,
        88.35557229178292,
        88.37708827427456,
        88.3959459577288,
        88.41149575369698,
        88.42720031738281,
        88.44238717215401,
        88.45937238420758,
        88.4817875453404,
        88.49894496372768,
        88.51615905761719,
        88.52889469691685,
        88.54456983293805,
        88.56708308628627,
        88.59639304024833,
        88.62387411934989,
        88.64694649832589,
        88.66405487060547,
        88.6763196672712,
        88.69008418491909,
        88.71332659040179,
        88.74378095354352,
        88.77191053118024,
        88.79002162388393,
        88.80030059814453,
        88.80453709193638,
        88.80640520368304,
        88.8155038016183,
        88.83154841831752,
        88.84967367989677,
        88.86453574044364,
        88.87601906912667,
        88.887939453125,
        88.89722987583706,
        88.90682329450335,
        88.92037200927734,
        88.93524387904576,
        88.95204162597656,
        88.96394675118583
    ],
    "valid_losses": [
        353.81274850027904,
        210.68190002441406,
        125.89595685686383,
        102.97977011544364,
        93.21760777064732,
        90.44926452636719,
        88.21002851213727,
        88.72639465332031,
        88.07090323311942,
        87.41665649414062,
        87.51403481619698,
        87.99430193219867,
        88.03467450823102,
        87.94841548374721,
        87.95716857910156,
        87.95516967773438,
        87.99587576729911,
        88.08725084577289,
        88.12587520054409,
        88.13456726074219,
        88.18848964146206,
        88.26590946742466,
        88.33145795549665,
        88.3778054373605,
        88.43344334193638,
        88.49600110735211,
        88.55015454973493,
        88.59261431012835,
        88.62028394426618,
        88.6355732509068,
        88.6487557547433,
        88.66236114501953,
        88.68438284737724,
        88.71772221156529,
        88.7548076084682,
        88.7889872959682,
        88.82005855015346,
        88.8496813092913,
        88.8785629272461,
        88.90541076660156,
        88.92654309953961,
        88.95120784214565,
        88.9857918875558,
        89.0230211530413,
        89.05510820661273,
        89.08763231549945,
        89.11717006138393,
        89.14590345110211,
        89.1776842389788,
        89.20679582868304,
        89.23040989467076,
        89.24697440011161,
        89.25659288678851,
        89.26584734235492,
        89.27860586983817,
        89.29525865827289,
        89.31607600620815,
        89.33931187220982,
        89.3675035749163,
        89.39603642054966,
        89.4226804460798,
        89.45032937186105,
        89.4778082711356,
        89.50306592668805,
        89.52544948032924,
        89.5438210623605,
        89.5575703212193,
        89.57182965959821,
        89.58550262451172,
        89.60210854666573,
        89.62465449741909,
        89.64047677176339,
        89.65657915387835,
        89.66933114188058,
        89.68638283865792,
        89.71091679164341,
        89.74134281703404,
        89.76849474225726,
        89.7917960030692,
        89.80961499895368,
        89.82203129359654,
        89.83602687290737,
        89.86096082414899,
        89.89220319475446,
        89.91976928710938,
        89.93707602364677,
        89.9457277570452,
        89.9471457345145,
        89.9474345615932,
        89.95559583391461,
        89.97062683105469,
        89.98848942347935,
        90.00306810651507,
        90.0135247366769,
        90.02520642961774,
        90.03422110421317,
        90.04427991594586,
        90.05883026123047,
        90.07276371547154,
        90.08891296386719,
        90.09772164481026
    ],