{
    "testproblem": "quadratic_deep",
    "batch_size": 128,
    "num_epochs": 100,
    "random_seed": 42,
    "weight_decay": null,
    "optimizer_name": "PowKernelMomentumOptimizer",
    "optimizer_hyperparams": {
        "learning_rate": 0.2752717392942939,
        "power": 0.8
    },
    "training_params": {
        "lr_sched_epochs": null,
        "lr_sched_factors": null
    },
    "train_losses": [
        352.8963535853795,
        238188.3169642857,
        388448.54910714284,
        373300.5625,
        329324.54464285716,
        325365.0714285714,
        323508.35714285716,
        327665.1785714286,
        326762.0848214286,
        332623.50446428574,
        331767.45089285716,
        336535.6964285714,
        334307.98214285716,
        338125.72321428574,
        335387.41071428574,
        338934.71875,
        336007.81696428574,
        339407.84821428574,
        336338.52678571426,
        339622.40625,
        336462.22321428574,
        339682.09375,
        336480.8125,
        339680.23660714284,
        336470.1964285714,
        339668.5223214286,
        336460.82589285716,
        339661.6160714286,
        336456.25,
        339658.85714285716,
        336454.15625,
        339657.1651785714,
        336453.0535714286,
        339656.69196428574,
        336452.48214285716,
        339655.95089285716,
        336452.0,
        339655.6160714286,
        336451.8660714286,
        339655.51339285716,
        336451.95089285716,
        339655.6964285714,
        336452.1473214286,
        339655.79464285716,
        336452.11160714284,
        339655.625,
        336452.03125,
        339655.6160714286,
        336451.9375,
        339655.6964285714,
        336451.9776785714,
        339655.5,
        336451.9151785714,
        339655.6473214286,
        336452.03125,
        339655.6964285714,
        336451.7901785714,
        339655.45089285716,
        336451.68303571426,
        339655.5848214286,
        336451.66071428574,
        339655.2410714286,
        336451.6651785714,
        339655.32589285716,
        336451.5714285714,
        339655.04464285716,
        336451.33035714284,
        339655.01785714284,
        336451.33928571426,
        339655.23214285716,
        336451.58035714284,
        339655.36160714284,
        336451.6339285714,
        339655.52678571426,
        336451.44196428574,
        339655.28125,
        336451.4776785714,
        339655.40625,
        336451.55803571426,
        339655.42410714284,
        336451.51339285716,
        339655.39285714284,
        336451.79910714284,
        339655.58035714284,
        336451.9910714286,
        339655.54464285716,
        336451.875,
        339655.45535714284,
        336451.5223214286,
        339655.42410714284,
        336451.75446428574,
        339655.4464285714,
        336451.5089285714,
        339655.25446428574,
        336451.57589285716,
        339655.4598214286,
        336451.8125,
        339655.34821428574,
        336451.75,
        339655.3660714286,
        336451.8214285714
    ],
    "valid_losses": [
        353.81274850027904,
        238335.1986607143,
        388331.1473214286,
        373432.2723214286,
        329216.3973214286,
        325498.2410714286,
        323390.47321428574,
        327788.21875,
        326633.60714285716,
        332755.45089285716,
        331637.8348214286,
        336666.3973214286,
        334177.875,
        338256.5848214286,
        335256.1785714286,
        339065.625,
        335876.75,
        339538.6026785714,
        336207.47321428574,
        339753.26339285716,
        336331.0535714286,
        339812.97321428574,
        336349.65178571426,
        339811.09821428574,
        336339.04910714284,
        339799.3973214286,
        336329.66964285716,
        339792.50446428574,
        336325.09821428574,
        339789.7410714286,
        336323.00446428574,
        339788.05803571426,
        336321.90625,
        339787.59375,
        336321.3214285714,
        339786.84821428574,
        336320.84821428574,
        339786.5089285714,
        336320.7098214286,
        339786.40625,
        336320.8125,
        339786.5848214286,
        336321.01339285716,
        339786.6785714286,
        336320.96875,
        339786.5223214286,
        336320.8839285714,
        339786.49553571426,
        336320.78125,
        339786.5848214286,
        336320.82589285716,
        339786.38839285716,
        336320.7723214286,
        339786.53125,
        336320.8839285714,
        339786.58928571426,
        336320.63839285716,
        339786.33928571426,
        336320.53125,
        339786.46875,
        336320.5,
        339786.125,
        336320.5223214286,
        339786.21875,
        336320.4151785714,
        339785.9285714286,
        336320.17410714284,
        339785.90178571426,
        336320.19196428574,
        339786.11160714284,
        336320.42410714284,
        339786.24553571426,
        336320.47321428574,
        339786.41071428574,
        336320.28125,
        339786.16071428574,
        336320.33035714284,
        339786.28571428574,
        336320.3973214286,
        339786.30803571426,
        336320.36160714284,
        339786.27678571426,
        336320.65178571426,
        339786.46875,
        336320.8348214286,
        339786.41964285716,
        336320.71875,
        339786.34821428574,
        336320.35714285716,
        339786.3035714286,
        336320.59821428574,
        339786.33928571426,
        336320.3526785714,
        339786.1339285714,
        336320.40625,
        339786.34821428574,
        336320.65178571426,
        339786.23214285716,
        336320.59375,
        339786.25446428574,
        336320.6651785714
    ],