{
    "testproblem": "fmnist_vae",
    "batch_size": 64,
    "num_epochs": 100,
    "random_seed": 42,
    "weight_decay": null,
    "optimizer_name": "PowKernelMomentumOptimizer",
    "optimizer_hyperparams": {
        "learning_rate": 0.2752717392942939,
        "power": 0.8
    },
    "training_params": {
        "lr_sched_epochs": null,
        "lr_sched_factors": null
    },
    "train_losses": [
        133.04190748165814,
        133.04190748165814,
        133.04190748165814,
        133.04190748165814,
        133.04190748165814,
        133.04190748165814,
        133.04190748165814,
        133.04190748165814,
        133.04190748165814,
        133.04190748165814,
        133.04190748165814,
        133.04190748165814,
        133.04190748165814,
        133.04190748165814,
        133.04190748165814,
        133.04190748165814,
        133.04190748165814,
        133.04190748165814,
        133.04190748165814,
        133.04190748165814,
        133.04190748165814,
        133.04190748165814,
        133.04190748165814,
        133.04190748165814,
        133.04190748165814,
        133.04190748165814,
        133.04190748165814,
        133.04190748165814,
        133.04190748165814,
        133.04190748165814,
        133.04190748165814,
        133.04190748165814,
        133.04190748165814,
        133.04190748165814,
        133.04190748165814,
        133.04190748165814,
        133.04190748165814,
        133.04190748165814,
        133.04190748165814,
        133.04190748165814,
        133.04190748165814,
        133.04190748165814,
        133.04190748165814,
        133.04190748165814,
        133.04190748165814,
        133.04190748165814,
        133.04190748165814,
        133.04190748165814,
        133.04190748165814,
        133.04190748165814,
        133.04190748165814,
        133.04190748165814,
        133.04190748165814,
        133.04190748165814,
        133.04190748165814,
        133.04190748165814,
        133.04190748165814,
        133.04190748165814,
        133.04190748165814,
        133.04190748165814,
        133.04190748165814,
        133.04190748165814,
        133.04190748165814,
        133.04190748165814,
        133.04190748165814,
        133.04190748165814,
        133.04190748165814,
        133.04190748165814,
        133.04190748165814,
        133.04190748165814,
        133.04190748165814,
        133.04190748165814,
        133.04190748165814,
        133.04190748165814,
        133.04190748165814,
        133.04190748165814,
        133.04190748165814,
        133.04190748165814,
        133.04190748165814,
        133.04190748165814,
        133.04190748165814,
        133.04190748165814,
        133.04190748165814,
        133.04190748165814,
        133.04190748165814,
        133.04190748165814,
        133.04190748165814,
        133.04190748165814,
        133.04190748165814,
        133.04190748165814,
        133.04190748165814,
        133.04190748165814,
        133.04190748165814,
        133.04190748165814,
        133.04190748165814,
        133.04190748165814,
        133.04190748165814,
        133.04190748165814,
        133.04190748165814,
        133.04190748165814,
        133.04190748165814
    ],
    "valid_losses": [
        134.00498566260706,
        134.00498566260706,
        134.00498566260706,
        134.00498566260706,
        134.00498566260706,
        134.00498566260706,
        134.00498566260706,
        134.00498566260706,
        134.00498566260706,
        134.00498566260706,
        134.00498566260706,
        134.00498566260706,
        134.00498566260706,
        134.00498566260706,
        134.00498566260706,
        134.00498566260706,
        134.00498566260706,
        134.00498566260706,
        134.00498566260706,
        134.00498566260706,
        134.00498566260706,
        134.00498566260706,
        134.00498566260706,
        134.00498566260706,
        134.00498566260706,
        134.00498566260706,
        134.00498566260706,
        134.00498566260706,
        134.00498566260706,
        134.00498566260706,
        134.00498566260706,
        134.00498566260706,
        134.00498566260706,
        134.00498566260706,
        134.00498566260706,
        134.00498566260706,
        134.00498566260706,
        134.00498566260706,
        134.00498566260706,
        134.00498566260706,
        134.00498566260706,
        134.00498566260706,
        134.00498566260706,
        134.00498566260706,
        134.00498566260706,
        134.00498566260706,
        134.00498566260706,
        134.00498566260706,
        134.00498566260706,
        134.00498566260706,
        134.00498566260706,
        134.00498566260706,
        134.00498566260706,
        134.00498566260706,
        134.00498566260706,
        134.00498566260706,
        134.00498566260706,
        134.00498566260706,
        134.00498566260706,
        134.00498566260706,
        134.00498566260706,
        134.00498566260706,
        134.00498566260706,
        134.00498566260706,
        134.00498566260706,
        134.00498566260706,
        134.00498566260706,
        134.00498566260706,
        134.00498566260706,
        134.00498566260706,
        134.00498566260706,
        134.00498566260706,
        134.00498566260706,
        134.00498566260706,
        134.00498566260706,
        134.00498566260706,
        134.00498566260706,
        134.00498566260706,
        134.00498566260706,
        134.00498566260706,
        134.00498566260706,
        134.00498566260706,
        134.00498566260706,
        134.00498566260706,
        134.00498566260706,
        134.00498566260706,
        134.00498566260706,
        134.00498566260706,
        134.00498566260706,
        134.00498566260706,
        134.00498566260706,
        134.00498566260706,
        134.00498566260706,
        134.00498566260706,
        134.00498566260706,
        134.00498566260706,
        134.00498566260706,
        134.00498566260706,
        134.00498566260706,
        134.00498566260706,
        134.00498566260706
    ],