{
    "testproblem": "mnist_vae",
    "batch_size": 64,
    "num_epochs": 50,
    "random_seed": 42,
    "weight_decay": null,
    "optimizer_name": "PowKernelMomentumOptimizerN",
    "optimizer_hyperparams": {
        "learning_rate": 0.6993395623207707,
        "power": 0.8
    },
    "training_params": {
        "allow_early_finish": true
    },
    "train_losses": [
        181.37576098319812,
        181.37576098319812,
        181.37576098319812,
        181.37576098319812,
        181.37576098319812,
        181.37576098319812,
        181.37576098319812,
        181.37576098319812,
        181.37576098319812,
        181.37576098319812,
        181.37576098319812,
        181.37576098319812,
        181.37576098319812,
        181.37576098319812,
        181.37576098319812,
        181.37576098319812,
        181.37576098319812,
        181.37576098319812,
        181.37576098319812,
        181.37576098319812,
        181.37576098319812,
        181.37576098319812,
        181.37576098319812,
        181.37576098319812,
        181.37576098319812,
        181.37576098319812,
        181.37576098319812,
        181.37576098319812,
        181.37576098319812,
        181.37576098319812,
        181.37576098319812,
        181.37576098319812,
        181.37576098319812,
        181.37576098319812,
        181.37576098319812,
        181.37576098319812,
        181.37576098319812,
        181.37576098319812,
        181.37576098319812,
        181.37576098319812,
        181.37576098319812,
        181.37576098319812,
        181.37576098319812,
        181.37576098319812,
        181.37576098319812,
        181.37576098319812,
        181.37576098319812,
        181.37576098319812,
        181.37576098319812,
        181.37576098319812,
        181.37576098319812
    ],
    "valid_losses": [
        181.31722239958935,
        181.31722239958935,
        181.31722239958935,
        181.31722239958935,
        181.31722239958935,
        181.31722239958935,
        181.31722239958935,
        181.31722239958935,
        181.31722239958935,
        181.31722239958935,
        181.31722239958935,
        181.31722239958935,
        181.31722239958935,
        181.31722239958935,
        181.31722239958935,
        181.31722239958935,
        181.31722239958935,
        181.31722239958935,
        181.31722239958935,
        181.31722239958935,
        181.31722239958935,
        181.31722239958935,
        181.31722239958935,
        181.31722239958935,
        181.31722239958935,
        181.31722239958935,
        181.31722239958935,
        181.31722239958935,
        181.31722239958935,
        181.31722239958935,
        181.31722239958935,
        181.31722239958935,
        181.31722239958935,
        181.31722239958935,
        181.31722239958935,
        181.31722239958935,
        181.31722239958935,
        181.31722239958935,
        181.31722239958935,
        181.31722239958935,
        181.31722239958935,
        181.31722239958935,
        181.31722239958935,
        181.31722239958935,
        181.31722239958935,
        181.31722239958935,
        181.31722239958935,
        181.31722239958935,
        181.31722239958935,
        181.31722239958935,
        181.31722239958935
    ],
    "test_losses": [
        181.37621248685397,
        181.37621248685397,
        181.37621248685397,
        181.37621248685397,
        181.37621248685397,
        181.37621248685397,
        181.37621248685397,
        181.37621248685397,
        181.37621248685397,
        181.37621248685397,
        181.37621248685397,
        181.37621248685397,
        181.37621248685397,
        181.37621248685397,
        181.37621248685397,
        181.37621248685397,
        181.37621248685397,
        181.37621248685397,
        181.37621248685397,
        181.37621248685397,
        181.37621248685397,
        181.37621248685397,
        181.37621248685397,
        181.37621248685397,
        181.37621248685397,
        181.37621248685397,
        181.37621248685397,
        181.37621248685397,
        181.37621248685397,
        181.37621248685397,
        181.37621248685397,
        181.37621248685397,
        181.37621248685397,
        181.37621248685397,
        181.37621248685397,
        181.37621248685397,
        181.37621248685397,
        181.37621248685397,
        181.37621248685397,
        181.37621248685397,
        181.37621248685397,
        181.37621248685397,
        181.37621248685397,
        181.37621248685397,
        181.37621248685397,
        181.37621248685397,
        181.37621248685397,
        181.37621248685397,
        181.37621248685397,
        181.37621248685397,
        181.37621248685397
    ],