{
    "testproblem": "quadratic_deep",
    "batch_size": 128,
    "num_epochs": 100,
    "random_seed": 42,
    "weight_decay": null,
    "optimizer_name": "PowKernelGradientDescentOptimizer",
    "optimizer_hyperparams": {
        "learning_rate": 0.6993395623207707,
        "power": 0.8
    },
    "training_params": {
        "lr_sched_epochs": null,
        "lr_sched_factors": null
    },
    "train_losses": [
        352.8963535853795,
        274244185526.85715,
        1928016241810.2856,
        2110312789723.4285,
        2178741736009.1428,
        2248113876406.857,
        2273232963876.5713,
        2282785790829.7144,
        2284862570496.0,
        2285482765750.857,
        2285637131117.7144,
        2285676302921.143,
        2285684728978.2856,
        2285689185426.2856,
        2285688998180.5713,
        2285690758290.2856,
        2285689222875.4287,
        2285690346349.7144,
        2285689035629.7144,
        2285690908086.857,
        2285688810934.857,
        2285690982985.143,
        2285688960731.4287,
        2285690308900.5713,
        2285689035629.7144,
        2285691020434.2856,
        2285688698587.4287,
        2285691057883.4287,
        2285688698587.4287,
        2285691207680.0,
        2285688885833.143,
        2285690795739.4287,
        2285689073078.857,
        2285691095332.5713,
        2285689035629.7144,
        2285690945536.0,
        2285689073078.857,
        2285691020434.2856,
        2285688923282.2856,
        2285690571044.5713,
        2285688698587.4287,
        2285690271451.4287,
        2285688473892.5713,
        2285690346349.7144,
        2285688548790.857,
        2285690458697.143,
        2285688623689.143,
        2285690421248.0,
        2285688511341.7144,
        2285690645942.857,
        2285688136850.2856,
        2285690421248.0,
        2285688586240.0,
        2285690683392.0,
        2285688436443.4287,
        2285690683392.0,
        2285688324096.0,
        2285690683392.0,
        2285688361545.143,
        2285690645942.857,
        2285688473892.5713,
        2285690533595.4287,
        2285688398994.2856,
        2285690645942.857,
        2285688361545.143,
        2285690383798.857,
        2285688473892.5713,
        2285690533595.4287,
        2285688623689.143,
        2285690571044.5713,
        2285688473892.5713,
        2285690421248.0,
        2285688473892.5713,
        2285690533595.4287,
        2285688136850.2856,
        2285690271451.4287,
        2285688286646.857,
        2285690084205.7144,
        2285688623689.143,
        2285690196553.143,
        2285688324096.0,
        2285690234002.2856,
        2285688211748.5713,
        2285690234002.2856,
        2285688773485.7144,
        2285690308900.5713,
        2285688473892.5713,
        2285690308900.5713,
        2285688361545.143,
        2285690308900.5713,
        2285688511341.7144,
        2285690271451.4287,
        2285688398994.2856,
        2285690308900.5713,
        2285688361545.143,
        2285690421248.0,
        2285688324096.0,
        2285690458697.143,
        2285688249197.7144,
        2285690533595.4287,
        2285688136850.2856
    ],
    "valid_losses": [
        353.81274850027904,
        274244265106.2857,
        1928015942217.1428,
        2110313051867.4285,
        2178741417691.4285,
        2248114325796.5713,
        2273232626834.2856,
        2282786202770.2856,
        2284862233453.7144,
        2285483140242.2856,
        2285636794075.4287,
        2285676677412.5713,
        2285684354486.857,
        2285689485019.4287,
        2285688661138.2856,
        2285691095332.5713,
        2285688960731.4287,
        2285690720841.143,
        2285688810934.857,
        2285691357476.5713,
        2285688473892.5713,
        2285691357476.5713,
        2285688661138.2856,
        2285690645942.857,
        2285688661138.2856,
        2285691357476.5713,
        2285688436443.4287,
        2285691357476.5713,
        2285688398994.2856,
        2285691544722.2856,
        2285688511341.7144,
        2285691095332.5713,
        2285688736036.5713,
        2285691394925.7144,
        2285688698587.4287,
        2285691357476.5713,
        2285688810934.857,
        2285691357476.5713,
        2285688548790.857,
        2285690908086.857,
        2285688398994.2856,
        2285690571044.5713,
        2285688136850.2856,
        2285690758290.2856,
        2285688286646.857,
        2285690795739.4287,
        2285688324096.0,
        2285690720841.143,
        2285688136850.2856,
        2285690945536.0,
        2285687912155.4287,
        2285690833188.5713,
        2285688324096.0,
        2285690945536.0,
        2285687912155.4287,
        2285691020434.2856,
        2285687912155.4287,
        2285690982985.143,
        2285687949604.5713,
        2285690908086.857,
        2285688024502.857,
        2285690870637.7144,
        2285688061952.0,
        2285690908086.857,
        2285688024502.857,
        2285690720841.143,
        2285688136850.2856,
        2285690833188.5713,
        2285688324096.0,
        2285690945536.0,
        2285688024502.857,
        2285690833188.5713,
        2285688136850.2856,
        2285690908086.857,
        2285687912155.4287,
        2285690608493.7144,
        2285687912155.4287,
        2285690383798.857,
        2285688286646.857,
        2285690496146.2856,
        2285687949604.5713,
        2285690496146.2856,
        2285687912155.4287,
        2285690496146.2856,
        2285688436443.4287,
        2285690720841.143,
        2285688136850.2856,
        2285690571044.5713,
        2285687987053.7144,
        2285690645942.857,
        2285688136850.2856,
        2285690608493.7144,
        2285687987053.7144,
        2285690683392.0,
        2285687912155.4287,
        2285690758290.2856,
        2285687949604.5713,
        2285690795739.4287,
        2285687912155.4287,
        2285690795739.4287,
        2285687912155.4287
    ],