{
    "testproblem": "quadratic_deep",
    "batch_size": 128,
    "num_epochs": 100,
    "random_seed": 42,
    "weight_decay": null,
    "optimizer_name": "PowKernelMomentumOptimizer",
    "optimizer_hyperparams": {
        "learning_rate": 0.014817820606039075,
        "power": 0.4
    },
    "training_params": {
        "lr_sched_epochs": null,
        "lr_sched_factors": null
    },
    "train_losses": [
        352.8963535853795,
        189.86956787109375,
        130.73649161202567,
        105.12453351702008,
        95.11253247942243,
        91.57091958182198,
        88.46510532924107,
        86.52407945905414,
        86.48281751360211,
        86.38473183768136,
        86.04720742361886,
        86.03018406459263,
        86.24654933384487,
        86.46260724748883,
        86.59539140973773,
        86.70164925711495,
        86.80944388253349,
        86.86103929792132,
        86.89902823311942,
        86.94189126150948,
        86.99938528878349,
        87.08088030133929,
        87.15932137625558,
        87.23704528808594,
        87.33165958949498,
        87.37281472342355,
        87.3963623046875,
        87.4327392578125,
        87.50106375558036,
        87.59634072440011,
        87.64545331682477,
        87.64567238943917,
        87.6347176688058,
        87.63881465366909,
        87.67525046212333,
        87.67127772739956,
        87.6718248639788,
        87.68898664202008,
        87.73409162248883,
        87.76720755440849,
        87.81248256138393,
        87.8821291242327,
        87.94647870744977,
        87.98441314697266,
        87.9903335571289,
        88.00342995779855,
        88.02041516985211,
        88.04578508649554,
        88.06954738071987,
        88.05777195521763,
        88.0650874546596,
        88.09813581194196,
        88.13983045305524,
        88.14331926618304,
        88.12946428571429,
        88.10080283028739,
        88.0739517211914,
        88.07776859828404,
        88.11795152936664,
        88.15521022251674,
        88.21238054547992,
        88.22517504010882,
        88.29056549072266,
        88.31866891043526,
        88.32909720284599,
        88.32095663888114,
        88.33841923304966,
        88.39372144426618,
        88.44978877476284,
        88.45565795898438,
        88.47493089948382,
        88.51539175851005,
        88.51856776646206,
        88.46395874023438,
        88.39140101841518,
        88.34113420758929,
        88.33234078543526,
        88.3460213797433,
        88.36747632707868,
        88.35812159946987,
        88.37552206856864,
        88.41819218226841,
        88.48912702287946,
        88.5191399710519,
        88.50803702218192,
        88.45783015659877,
        88.44239807128906,
        88.47884150913784,
        88.5319083077567,
        88.52101135253906,
        88.5023433140346,
        88.49281420026507,
        88.48456246512276,
        88.47400447300502,
        88.49269539969308,
        88.54050772530692,
        88.59578813825335,
        88.63340214320591,
        88.646728515625,
        88.63191986083984,
        88.62544795445034
    ],
    "valid_losses": [
        353.81274850027904,
        190.69605364118303,
        131.85144805908203,
        105.57977730887276,
        96.77347346714565,
        92.52134486607143,
        89.28262111118862,
        87.48373522077289,
        87.55875614711216,
        87.6402086530413,
        87.20675441196987,
        87.12932586669922,
        87.37149483816964,
        87.56095341273716,
        87.70064980643136,
        87.80971309116909,
        87.89996882847377,
        87.95264870779855,
        87.99687957763672,
        88.03837367466518,
        88.09805842808315,
        88.1733158656529,
        88.25120435442243,
        88.33424922398159,
        88.44279261997768,
        88.48808179582868,
        88.5099105834961,
        88.5530253819057,
        88.61935097830636,
        88.71091134207589,
        88.75819287981305,
        88.7285646711077,
        88.7000241960798,
        88.70334189278739,
        88.75609806605748,
        88.75445338657924,
        88.76201738630023,
        88.78220476422992,
        88.83291952950614,
        88.85998099190849,
        88.90827287946429,
        88.98467036655971,
        89.04668971470424,
        89.08817836216518,
        89.09086608886719,
        89.09692491803851,
        89.11382838657924,
        89.13776615687779,
        89.14749254499164,
        89.13551657540458,
        89.14256940569196,
        89.17546735491071,
        89.22450910295758,
        89.23213413783482,
        89.22608511788505,
        89.20030975341797,
        89.17081015450614,
        89.16968863351005,
        89.21053968157086,
        89.25324358258929,
        89.31596156529018,
        89.31604330880302,
        89.37287248883929,
        89.40008871895927,
        89.40777042933873,
        89.40459333147321,
        89.44015720912388,
        89.51998356410435,
        89.57808140345982,
        89.57581329345703,
        89.5771953037807,
        89.60199192592076,
        89.59973471505302,
        89.53680419921875,
        89.45986938476562,
        89.40249197823661,
        89.41122545514789,
        89.43920026506696,
        89.48097882952008,
        89.48366328648159,
        89.49656786237445,
        89.54254913330078,
        89.60877554757255,
        89.61885179792132,
        89.59559195382255,
        89.53057534354073,
        89.50606863839286,
        89.55348641531808,
        89.61819893973214,
        89.61034502301898,
        89.59873962402344,
        89.58397674560547,
        89.56950378417969,
        89.5511714390346,
        89.5685795375279,
        89.63036564418248,
        89.6902847290039,
        89.7290278843471,
        89.74456787109375,
        89.73748888288226,
        89.74037824358258
    ],