{
    "testproblem": "quadratic_deep",
    "batch_size": 128,
    "num_epochs": 100,
    "random_seed": 42,
    "weight_decay": null,
    "optimizer_name": "PowKernelMomentumOptimizer",
    "optimizer_hyperparams": {
        "learning_rate": 0.0005488047000766042,
        "power": 0.5
    },
    "training_params": {
        "lr_sched_epochs": null,
        "lr_sched_factors": null
    },
    "train_losses": [
        352.8963535853795,
        293.8367135184152,
        202.16390555245536,
        136.59879411969865,
        109.20445360456195,
        105.81607709612165,
        106.11433628627232,
        104.24813079833984,
        102.74135262625558,
        101.94839259556362,
        101.12733459472656,
        100.30816977364677,
        99.56377737862724,
        98.85028076171875,
        98.16802324567523,
        97.5200674874442,
        96.9044418334961,
        96.32198006766183,
        95.7708511352539,
        95.24906812395368,
        94.75540488106864,
        94.28884560721261,
        93.84813908168248,
        93.43203517368862,
        93.03939165387835,
        92.66863032749721,
        92.3181882585798,
        91.98683602469308,
        91.6734390258789,
        91.37700871058873,
        91.09646933419364,
        90.83074406215123,
        90.57898930140904,
        90.34045083182198,
        90.1145749773298,
        89.90062386648995,
        89.69787706647601,
        89.5056621006557,
        89.32334245954242,
        89.15044948032924,
        88.9865471976144,
        88.8311288016183,
        88.68358939034599,
        88.54339490618024,
        88.41014317103794,
        88.28345816476005,
        88.16295405796596,
        88.04835401262555,
        87.93932669503349,
        87.8355941772461,
        87.73684583391461,
        87.64271436418805,
        87.55285317557198,
        87.46700068882534,
        87.38491930280414,
        87.30642264229911,
        87.2313232421875,
        87.15939658028739,
        87.0904519217355,
        87.02434975760323,
        86.96093205043248,
        86.90005929129464,
        86.84159633091518,
        86.7854232788086,
        86.73140607561383,
        86.67945207868304,
        86.6294686453683,
        86.5813958304269,
        86.53516823904855,
        86.49066053118024,
        86.4477767944336,
        86.40643964494977,
        86.36660984584263,
        86.32823835100446,
        86.29125213623047,
        86.25558689662388,
        86.22115543910435,
        86.18790762765067,
        86.15579223632812,
        86.12476239885602,
        86.09479631696429,
        86.06588091169085,
        86.03797803606305,
        86.01102774483817,
        85.98497336251395,
        85.95977674211774,
        85.93539101736886,
        85.91177804129464,
        85.88890184674945,
        85.8667460850307,
        85.84527587890625,
        85.82447814941406,
        85.80431692940849,
        85.78477478027344,
        85.76581791469029,
        85.74742562430245,
        85.72957284109933,
        85.71224648611886,
        85.69542803083148,
        85.6791011265346,
        85.66324942452567
    ],
    "valid_losses": [
        353.81274850027904,
        294.821533203125,
        203.27390616280692,
        137.7931191580636,
        110.36190795898438,
        106.80132184709821,
        106.91034916469029,
        104.95793151855469,
        103.4912861415318,
        102.79861450195312,
        102.03816550118583,
        101.21386173793248,
        100.43590654645648,
        99.70138331821987,
        99.02398027692523,
        98.39464569091797,
        97.7930930001395,
        97.21402958461216,
        96.66138785226005,
        96.14009966169085,
        95.65048108782086,
        95.18900844029018,
        94.75225939069476,
        94.33912440708706,
        93.94893973214286,
        93.58054678780692,
        93.2324970790318,
        92.90356336321149,
        92.59271894182477,
        92.29889569963727,
        92.02084132603237,
        91.7574462890625,
        91.5078844342913,
        91.27137756347656,
        91.04723467145648,
        90.83491952078683,
        90.63387952532086,
        90.44343566894531,
        90.2628675188337,
        90.09171186174665,
        89.92967006138393,
        89.77620588030133,
        89.63043212890625,
        89.49178205217633,
        89.35988398960659,
        89.23454175676618,
        89.11553846086774,
        89.00257764543805,
        88.89507075718471,
        88.79258728027344,
        88.6949931553432,
        88.60197339739118,
        88.51321738106864,
        88.42840685163226,
        88.34732600620815,
        88.26977430071149,
        88.19558497837612,
        88.12452588762555,
        88.05640738351005,
        87.99115753173828,
        87.92860412597656,
        87.86853899274554,
        87.8108149937221,
        87.75533839634487,
        87.70201001848493,
        87.65074157714844,
        87.60144369942802,
        87.55406188964844,
        87.50845554896763,
        87.4645244053432,
        87.42220197405133,
        87.38142830984933,
        87.34215218680245,
        87.30434199741909,
        87.26788984026227,
        87.2326899937221,
        87.1986836024693,
        87.16584886823382,
        87.13415091378349,
        87.10353306361607,
        87.0739495413644,
        87.04539162772042,
        87.01780155726841,
        86.99116625104632,
        86.96545955113002,
        86.94060952322823,
        86.9165758405413,
        86.89330400739398,
        86.8707526070731,
        86.84889548165458,
        86.8277108328683,
        86.80721609933036,
        86.78737095424107,
        86.76812417166573,
        86.74945504324776,
        86.73134177071708,
        86.7137690952846,
        86.69671630859375,
        86.68015834263393,
        86.66410173688617,
        86.64851597377232
    ],