{
    "testproblem": "quadratic_deep",
    "batch_size": 128,
    "num_epochs": 100,
    "random_seed": 42,
    "weight_decay": null,
    "optimizer_name": "PowKernelMomentumOptimizer",
    "optimizer_hyperparams": {
        "learning_rate": 0.001531418971165477,
        "power": 0.8
    },
    "training_params": {
        "lr_sched_epochs": null,
        "lr_sched_factors": null
    },
    "train_losses": [
        352.8963535853795,
        120.65657479422433,
        146.6012725830078,
        109.20021493094308,
        108.87215859549386,
        100.60637882777623,
        99.25249699183873,
        96.47741045270648,
        95.05780683244977,
        93.70347159249442,
        92.57421766008649,
        91.65459769112724,
        90.8371810913086,
        90.15732138497489,
        89.5618166242327,
        89.0578362601144,
        88.61746869768415,
        88.2367673601423,
        87.90585000174386,
        87.61608232770648,
        87.361325945173,
        87.13667297363281,
        86.93775721958706,
        86.76064954485211,
        86.60242026192802,
        86.4605963570731,
        86.3328857421875,
        86.2174824305943,
        86.1129150390625,
        86.01786695207868,
        85.9312253679548,
        85.85206495012555,
        85.7795639038086,
        85.71301705496651,
        85.65181187220982,
        85.59541320800781,
        85.5433578491211,
        85.4952392578125,
        85.45069994245257,
        85.40940965924945,
        85.37108939034599,
        85.33548627580915,
        85.30237470354352,
        85.27154432024274,
        85.24281747000558,
        85.21601867675781,
        85.19100734165737,
        85.16764504568917,
        85.1458009992327,
        85.12536512102399,
        85.10623604910714,
        85.08831351143974,
        85.07151576450893,
        85.0557632446289,
        85.04098401750836,
        85.02710287911552,
        85.01406860351562,
        85.00181688581195,
        84.99029758998326,
        84.97946166992188,
        84.96925789969308,
        84.95965358189174,
        84.95060294015067,
        84.94207218715123,
        84.93402535574776,
        84.92642974853516,
        84.91925484793526,
        84.91248321533203,
        84.90607343401227,
        84.90001460484096,
        84.89428601946149,
        84.88885498046875,
        84.8837160382952,
        84.87884739467076,
        84.87422943115234,
        84.8698501586914,
        84.86569213867188,
        84.86174774169922,
        84.85800170898438,
        84.85443878173828,
        84.85105569022042,
        84.84783390590123,
        84.84476906912667,
        84.84184810093471,
        84.83906773158482,
        84.83642033168248,
        84.83389282226562,
        84.83148193359375,
        84.82918221609933,
        84.82698495047433,
        84.82489122663226,
        84.82288251604352,
        84.82096753801618,
        84.81913103376117,
        84.81737845284599,
        84.8156988961356,
        84.81409236363002,
        84.8125501360212,
        84.81107221330915,
        84.80965532575335,
        84.80829402378627
    ],
    "valid_losses": [
        353.81274850027904,
        121.73384421212333,
        147.46819196428572,
        109.7560294015067,
        109.72477395193917,
        101.70431845528739,
        100.07228742327008,
        97.22806222098214,
        96.024172101702,
        94.64116886683873,
        93.41588701520648,
        92.5691397530692,
        91.7828848702567,
        91.06370326450893,
        90.48342677525112,
        90.00166647774833,
        89.55215345110211,
        89.17508479527065,
        88.85579354422433,
        88.56561170305524,
        88.31233542306083,
        88.0939222063337,
        87.8971176147461,
        87.7211162022182,
        87.56613377162388,
        87.42667170933315,
        87.30027117047992,
        87.18663133893695,
        87.08377729143415,
        86.99000549316406,
        86.90459224155971,
        86.8266132899693,
        86.75514003208706,
        86.68955666678292,
        86.6292484828404,
        86.57363673618862,
        86.52230290004185,
        86.47486550467355,
        86.43094090053013,
        86.3902097429548,
        86.3523930140904,
        86.31724221365792,
        86.28454480852399,
        86.25409262520927,
        86.22569928850446,
        86.19920022147042,
        86.17445918491909,
        86.1513432094029,
        86.12971605573382,
        86.10947636195591,
        86.09051949637276,
        86.072751726423,
        86.05609239850726,
        86.04046194893974,
        86.02578517368862,
        86.01199994768415,
        85.99903869628906,
        85.98685019356864,
        85.97538430350167,
        85.96458762032645,
        85.9544198172433,
        85.94484383719308,
        85.93580845424107,
        85.92728206089565,
        85.91924067905971,
        85.9116450718471,
        85.90446145193917,
        85.89767238071987,
        85.89124625069755,
        85.88516453334263,
        85.87940870012555,
        85.8739482334682,
        85.86877550397601,
        85.86387089320591,
        85.85921260288784,
        85.85479409354073,
        85.85059683663505,
        85.8466066632952,
        85.84281267438617,
        85.83920179094586,
        85.83577074323382,
        85.83249773297992,
        85.82938276018415,
        85.82641492571149,
        85.8235833304269,
        85.82087925502232,
        85.81830160958427,
        85.8158427647182,
        85.81348855154855,
        85.81124005998883,
        85.80909293038505,
        85.80703299386161,
        85.80506678989956,
        85.80317796979632,
        85.80137089320591,
        85.79963793073382,
        85.79797690255302,
        85.79638235909599,
        85.7948499407087,
        85.79338073730469,
        85.79197038922992
    ],