{
    "testproblem": "quadratic_deep",
    "batch_size": 128,
    "num_epochs": 100,
    "random_seed": 42,
    "weight_decay": null,
    "optimizer_name": "PowKernelMomentumOptimizerN",
    "optimizer_hyperparams": {
        "learning_rate": 0.07726718477963428,
        "power": 0.9
    },
    "training_params": {
        "lr_sched_epochs": null,
        "lr_sched_factors": null
    },
    "train_losses": [
        352.8963623046875,
        58680177.14285714,
        1092044854.857143,
        1564636964.5714285,
        1661033435.4285715,
        1717264713.142857,
        1745467977.142857,
        1761659922.2857144,
        1773556992.0,
        1780130614.857143,
        1784163931.4285715,
        1786626011.4285715,
        1788366592.0,
        1790002102.857143,
        1791267584.0,
        1792359222.857143,
        1793063241.142857,
        1793768576.0,
        1794056594.2857144,
        1794332909.7142856,
        1794343588.5714285,
        1794473819.4285715,
        1794414464.0,
        1794512146.2857144,
        1794434377.142857,
        1794521270.857143,
        1794439424.0,
        1794524288.0,
        1794441728.0,
        1794524178.2857144,
        1794441417.142857,
        1794525202.2857144,
        1794439387.4285715,
        1794525714.2857144,
        1794440338.2857144,
        1794526555.4285715,
        1794441069.7142856,
        1794525476.5714285,
        1794440758.857143,
        1794525202.2857144,
        1794440758.857143,
        1794525202.2857144,
        1794440576.0,
        1794525421.7142856,
        1794439716.5714285,
        1794526171.4285715,
        1794439844.5714285,
        1794526226.2857144,
        1794440667.4285715,
        1794527195.4285715,
        1794440996.5714285,
        1794526738.2857144,
        1794440905.142857,
        1794526921.142857,
        1794441161.142857,
        1794526866.2857144,
        1794440960.0,
        1794525677.7142856,
        1794440777.142857,
        1794525641.142857,
        1794440612.5714285,
        1794525750.857143,
        1794441398.857143,
        1794526061.7142856,
        1794441197.7142856,
        1794526171.4285715,
        1794440795.4285715,
        1794525549.7142856,
        1794440539.4285715,
        1794525750.857143,
        1794440777.142857,
        1794525915.4285715,
        1794441435.4285715,
        1794525348.5714285,
        1794440649.142857,
        1794525970.2857144,
        1794440667.4285715,
        1794526281.142857,
        1794440813.7142856,
        1794525568.0,
        1794441124.5714285,
        1794526262.857143,
        1794440832.0,
        1794525458.2857144,
        1794440850.2857144,
        1794525988.5714285,
        1794440777.142857,
        1794526445.7142856,
        1794440740.5714285,
        1794524946.2857144,
        1794441014.857143,
        1794525769.142857,
        1794440594.2857144,
        1794525933.7142856,
        1794440758.857143,
        1794526061.7142856,
        1794440886.857143,
        1794525750.857143,
        1794440758.857143,
        1794525988.5714285,
        1794440740.5714285
    ],
    "valid_losses": [
        353.812752859933,
        58681480.571428575,
        1092037430.857143,
        1564646308.5714285,
        1661023780.5714285,
        1717274624.0,
        1745457865.142857,
        1761670016.0,
        1773546880.0,
        1780140708.5714285,
        1784153984.0,
        1786635995.4285715,
        1788356790.857143,
        1790011721.142857,
        1791258038.857143,
        1792368658.2857144,
        1793053878.857143,
        1793777846.857143,
        1794047341.7142856,
        1794342162.2857144,
        1794334372.5714285,
        1794483090.2857144,
        1794405229.7142856,
        1794521252.5714285,
        1794425161.142857,
        1794530450.2857144,
        1794430226.2857144,
        1794533430.857143,
        1794432512.0,
        1794533302.857143,
        1794432201.142857,
        1794534345.142857,
        1794430153.142857,
        1794534912.0,
        1794431140.5714285,
        1794535734.857143,
        1794431890.2857144,
        1794534656.0,
        1794431542.857143,
        1794534308.5714285,
        1794431579.4285715,
        1794534326.857143,
        1794431469.7142856,
        1794534582.857143,
        1794430518.857143,
        1794535350.857143,
        1794430665.142857,
        1794535387.4285715,
        1794431488.0,
        1794536374.857143,
        1794431835.4285715,
        1794535936.0,
        1794431689.142857,
        1794536118.857143,
        1794432036.5714285,
        1794535990.857143,
        1794431762.2857144,
        1794534893.7142856,
        1794431561.142857,
        1794534802.2857144,
        1794431469.7142856,
        1794534893.7142856,
        1794432164.5714285,
        1794535277.7142856,
        1794432036.5714285,
        1794535350.857143,
        1794431616.0,
        1794534710.857143,
        1794431451.4285715,
        1794534930.2857144,
        1794431652.5714285,
        1794535094.857143,
        1794432182.857143,
        1794534509.7142856,
        1794431488.0,
        1794535149.7142856,
        1794431506.2857144,
        1794535424.0,
        1794431652.5714285,
        1794534710.857143,
        1794431908.5714285,
        1794535387.4285715,
        1794431689.142857,
        1794534564.5714285,
        1794431707.4285715,
        1794535186.2857144,
        1794431616.0,
        1794535588.5714285,
        1794431524.5714285,
        1794534125.7142856,
        1794431835.4285715,
        1794534912.0,
        1794431451.4285715,
        1794535113.142857,
        1794431634.2857144,
        1794535277.7142856,
        1794431707.4285715,
        1794534912.0,
        1794431542.857143,
        1794535222.857143,
        1794431524.5714285
    ],