{
    "testproblem": "quadratic_deep",
    "batch_size": 128,
    "num_epochs": 100,
    "random_seed": 42,
    "weight_decay": null,
    "optimizer_name": "PowKernelMomentumOptimizerN",
    "optimizer_hyperparams": {
        "learning_rate": 0.00314891164795686,
        "power": 0.8
    },
    "training_params": {
        "lr_sched_epochs": null,
        "lr_sched_factors": null
    },
    "train_losses": [
        352.8963623046875,
        122.70659528459821,
        104.12540871756417,
        100.22555759974888,
        95.83738272530692,
        93.2388414655413,
        91.25543648856026,
        89.79647609165737,
        88.7303488595145,
        87.9442868913923,
        87.36202675955636,
        86.92028154645648,
        86.57851191929409,
        86.30792890276227,
        86.08954402378627,
        85.91028812953404,
        85.76114109584263,
        85.63580213274274,
        85.52962929861886,
        85.43917410714286,
        85.36172921316964,
        85.2951889038086,
        85.237790788923,
        85.18811362130302,
        85.1449944632394,
        85.1074687412807,
        85.07473645891461,
        85.04612077985492,
        85.02105821881976,
        84.99905395507812,
        84.97970145089286,
        84.96263776506696,
        84.94756208147321,
        84.93421500069755,
        84.92236764090401,
        84.91183798653739,
        84.90245383126395,
        84.89406476702008,
        84.8865476335798,
        84.87979779924665,
        84.87372153145927,
        84.86823490687779,
        84.86327253069196,
        84.85877227783203,
        84.85468183244977,
        84.8509521484375,
        84.84754943847656,
        84.84443119594029,
        84.84157453264508,
        84.83894457135882,
        84.8365238734654,
        84.83428737095424,
        84.83221653529576,
        84.8302993774414,
        84.8285140991211,
        84.8268563406808,
        84.82530975341797,
        84.82386452811105,
        84.82251303536552,
        84.82124764578683,
        84.82005528041294,
        84.81893920898438,
        84.81788635253906,
        84.81689126150948,
        84.81595938546317,
        84.81507001604352,
        84.8142340523856,
        84.81343732561383,
        84.81268637520927,
        84.81197030203683,
        84.81128801618304,
        84.81064278738839,
        84.81002807617188,
        84.80944061279297,
        84.80888257707868,
        84.80834851946149,
        84.80783952985492,
        84.80735342843192,
        84.80688912527901,
        84.8064433506557,
        84.80601937430245,
        84.80561065673828,
        84.8052226475307,
        84.80484880719867,
        84.8044913155692,
        84.8041490827288,
        84.80382210867745,
        84.80350712367466,
        84.80320521763393,
        84.80291966029576,
        84.80264609200614,
        84.80238342285156,
        84.80212511335101,
        84.80188315255302,
        84.80164991106305,
        84.80142647879464,
        84.80121285574776,
        84.80101013183594,
        84.80081176757812,
        84.80062103271484,
        84.80044337681362
    ],
    "valid_losses": [
        353.812752859933,
        123.68736594063895,
        104.82051958356585,
        101.25984518868583,
        96.71901157924107,
        94.19806889125279,
        92.22503989083427,
        90.76800864083427,
        89.72260393415179,
        88.94209943498883,
        88.36910683768136,
        87.9334248134068,
        87.59679739815849,
        87.33009665352958,
        87.11486707414899,
        86.9381343296596,
        86.7909665788923,
        86.66722324916294,
        86.56230708530971,
        86.4728535243443,
        86.39618573869977,
        86.33028302873883,
        86.2733884538923,
        86.22410038539341,
        86.18128858293805,
        86.14399065290179,
        86.11143057686942,
        86.0829347882952,
        86.05796160016742,
        86.0360107421875,
        86.01668439592633,
        85.9996316092355,
        85.98453739711216,
        85.97115434919085,
        85.95926230294364,
        85.94867706298828,
        85.93923841203961,
        85.93077959333148,
        85.92319161551339,
        85.91636221749442,
        85.9102052961077,
        85.90463692801339,
        85.89959280831474,
        85.89500863211495,
        85.89083644321987,
        85.88702501569476,
        85.88353838239398,
        85.88034384591239,
        85.87741088867188,
        85.87470463344029,
        85.87220764160156,
        85.86990138462612,
        85.86776079450335,
        85.86577497209821,
        85.86392974853516,
        85.8622076851981,
        85.86060115269252,
        85.85910034179688,
        85.85769217354911,
        85.85636901855469,
        85.85512978690011,
        85.85396248953683,
        85.85286167689732,
        85.85182298932757,
        85.85084315708706,
        85.84991673060826,
        85.84903826032367,
        85.84820447649274,
        85.847414289202,
        85.84666551862445,
        85.84595271519252,
        85.84527478899274,
        85.8446295601981,
        85.84401157924107,
        85.84342738560268,
        85.84286825997489,
        85.84233638218471,
        85.84182303292411,
        85.8413325718471,
        85.8408693586077,
        85.84042031424386,
        85.83999524797711,
        85.83958653041294,
        85.83919634137835,
        85.83882359095982,
        85.83846609933036,
        85.83812168666294,
        85.83779689243862,
        85.83747972760882,
        85.83717782156808,
        85.8368911743164,
        85.83661542619977,
        85.8363516671317,
        85.83609444754464,
        85.83585030691964,
        85.8356214250837,
        85.83539472307477,
        85.8351800101144,
        85.83497510637555,
        85.83477783203125,
        85.83459145682198
    ],