{
    "testproblem": "mnist_vae",
    "batch_size": 64,
    "num_epochs": 50,
    "random_seed": 42,
    "weight_decay": null,
    "optimizer_name": "PowKernelMomentumOptimizerN",
    "optimizer_hyperparams": {
        "learning_rate": 0.014413469371110323,
        "power": 0.5
    },
    "training_params": {
        "allow_early_finish": true
    },
    "train_losses": [
        181.3757605919471,
        181.3757605919471,
        181.3757605919471,
        181.3757605919471,
        181.3757605919471,
        181.3757605919471,
        181.3757605919471,
        181.3757605919471,
        181.3757605919471,
        181.3757605919471,
        181.3757605919471,
        181.3757605919471,
        181.3757605919471,
        181.3757605919471,
        181.3757605919471,
        181.3757605919471,
        181.3757605919471,
        181.3757605919471,
        181.3757605919471,
        181.3757605919471,
        181.3757605919471,
        181.3757605919471,
        181.3757605919471,
        181.3757605919471,
        181.3757605919471,
        181.3757605919471,
        181.3757605919471,
        181.3757605919471,
        181.3757605919471,
        181.3757605919471,
        181.3757605919471,
        181.3757605919471,
        181.3757605919471,
        181.3757605919471,
        181.3757605919471,
        181.3757605919471,
        181.3757605919471,
        181.3757605919471,
        181.3757605919471,
        181.3757605919471,
        181.3757605919471,
        181.3757605919471,
        181.3757605919471,
        181.3757605919471,
        181.3757605919471,
        181.3757605919471,
        181.3757605919471,
        181.3757605919471,
        181.3757605919471,
        181.3757605919471,
        181.3757605919471
    ],
    "valid_losses": [
        181.31722181271283,
        181.31722181271283,
        181.31722181271283,
        181.31722181271283,
        181.31722181271283,
        181.31722181271283,
        181.31722181271283,
        181.31722181271283,
        181.31722181271283,
        181.31722181271283,
        181.31722181271283,
        181.31722181271283,
        181.31722181271283,
        181.31722181271283,
        181.31722181271283,
        181.31722181271283,
        181.31722181271283,
        181.31722181271283,
        181.31722181271283,
        181.31722181271283,
        181.31722181271283,
        181.31722181271283,
        181.31722181271283,
        181.31722181271283,
        181.31722181271283,
        181.31722181271283,
        181.31722181271283,
        181.31722181271283,
        181.31722181271283,
        181.31722181271283,
        181.31722181271283,
        181.31722181271283,
        181.31722181271283,
        181.31722181271283,
        181.31722181271283,
        181.31722181271283,
        181.31722181271283,
        181.31722181271283,
        181.31722181271283,
        181.31722181271283,
        181.31722181271283,
        181.31722181271283,
        181.31722181271283,
        181.31722181271283,
        181.31722181271283,
        181.31722181271283,
        181.31722181271283,
        181.31722181271283,
        181.31722181271283,
        181.31722181271283,
        181.31722181271283
    ],
    "test_losses": [
        181.3762121934157,
        181.3762121934157,
        181.3762121934157,
        181.3762121934157,
        181.3762121934157,
        181.3762121934157,
        181.3762121934157,
        181.3762121934157,
        181.3762121934157,
        181.3762121934157,
        181.3762121934157,
        181.3762121934157,
        181.3762121934157,
        181.3762121934157,
        181.3762121934157,
        181.3762121934157,
        181.3762121934157,
        181.3762121934157,
        181.3762121934157,
        181.3762121934157,
        181.3762121934157,
        181.3762121934157,
        181.3762121934157,
        181.3762121934157,
        181.3762121934157,
        181.3762121934157,
        181.3762121934157,
        181.3762121934157,
        181.3762121934157,
        181.3762121934157,
        181.3762121934157,
        181.3762121934157,
        181.3762121934157,
        181.3762121934157,
        181.3762121934157,
        181.3762121934157,
        181.3762121934157,
        181.3762121934157,
        181.3762121934157,
        181.3762121934157,
        181.3762121934157,
        181.3762121934157,
        181.3762121934157,
        181.3762121934157,
        181.3762121934157,
        181.3762121934157,
        181.3762121934157,
        181.3762121934157,
        181.3762121934157,
        181.3762121934157,
        181.3762121934157
    ],