{
    "testproblem": "quadratic_deep",
    "batch_size": 128,
    "num_epochs": 100,
    "random_seed": 42,
    "weight_decay": null,
    "optimizer_name": "PowKernelMomentumOptimizerN",
    "optimizer_hyperparams": {
        "learning_rate": 0.12273800987852958,
        "power": 0.7000000000000001
    },
    "training_params": {
        "lr_sched_epochs": null,
        "lr_sched_factors": null
    },
    "train_losses": [
        352.8963623046875,
        16203.235630580357,
        16698.508370535714,
        17340.322823660714,
        17731.85770089286,
        18198.970703125,
        18506.29854910714,
        19013.119698660714,
        20076.866071428572,
        19796.571428571428,
        20077.212332589286,
        19796.29464285714,
        20077.08370535714,
        19796.220703125,
        20077.030691964286,
        19796.184709821428,
        20077.00809151786,
        19796.163504464286,
        20076.98828125,
        19796.148995535714,
        20076.979352678572,
        19796.141741071428,
        20076.970703125,
        19796.133928571428,
        20076.96456473214,
        19796.126953125,
        20076.961495535714,
        19796.125558035714,
        20076.957868303572,
        19796.121651785714,
        20076.954520089286,
        19796.118303571428,
        20076.952008928572,
        19796.116350446428,
        20076.94893973214,
        19796.114676339286,
        20076.948660714286,
        19796.11356026786,
        20076.94559151786,
        19796.114676339286,
        20076.947823660714,
        19796.11328125,
        20076.946707589286,
        19796.11328125,
        20076.94503348214,
        19796.11495535714,
        20076.944754464286,
        19796.110770089286,
        20076.944754464286,
        19796.112165178572,
        20076.945870535714,
        19796.109933035714,
        20076.943917410714,
        19796.111886160714,
        20076.944196428572,
        19796.108537946428,
        20076.94308035714,
        19796.111328125,
        20076.943359375,
        19796.11104910714,
        20076.943917410714,
        19796.109933035714,
        20076.94559151786,
        19796.109933035714,
        20076.94559151786,
        19796.110212053572,
        20076.94308035714,
        19796.110770089286,
        20076.944475446428,
        19796.109933035714,
        20076.941964285714,
        19796.11160714286,
        20076.942243303572,
        19796.110770089286,
        20076.9453125,
        19796.110770089286,
        20076.944754464286,
        19796.108537946428,
        20076.943359375,
        19796.108816964286,
        20076.944475446428,
        19796.106305803572,
        20076.944196428572,
        19796.108258928572,
        20076.943917410714,
        19796.108258928572,
        20076.944475446428,
        19796.108258928572,
        20076.942243303572,
        19796.108537946428,
        20076.94168526786,
        19796.108537946428,
        20076.94112723214,
        19796.108258928572,
        20076.94112723214,
        19796.10770089286,
        20076.938895089286,
        19796.108537946428,
        20076.940848214286,
        19796.109933035714,
        20076.940569196428
    ],
    "valid_losses": [
        353.812752859933,
        16228.951590401786,
        16674.575334821428,
        17363.37890625,
        17717.238839285714,
        18208.227399553572,
        18501.590401785714,
        19016.407366071428,
        20079.786551339286,
        19795.99972098214,
        20080.282366071428,
        19795.725725446428,
        20080.157087053572,
        19795.654854910714,
        20080.10546875,
        19795.619140625,
        20080.08370535714,
        19795.598493303572,
        20080.065011160714,
        19795.585379464286,
        20080.056640625,
        19795.578962053572,
        20080.04854910714,
        19795.570870535714,
        20080.04268973214,
        19795.56417410714,
        20080.040457589286,
        19795.5625,
        20080.035714285714,
        19795.55887276786,
        20080.03348214286,
        19795.55636160714,
        20080.03097098214,
        19795.553292410714,
        20080.027901785714,
        19795.55245535714,
        20080.027901785714,
        19795.551897321428,
        20080.024274553572,
        19795.552734375,
        20080.025948660714,
        19795.55106026786,
        20080.02511160714,
        19795.55106026786,
        20080.02315848214,
        19795.553571428572,
        20080.022600446428,
        19795.547991071428,
        20080.02371651786,
        19795.549386160714,
        20080.025390625,
        19795.54715401786,
        20080.022042410714,
        19795.549944196428,
        20080.022879464286,
        19795.54659598214,
        20080.02176339286,
        19795.54910714286,
        20080.022321428572,
        19795.54854910714,
        20080.022600446428,
        19795.547712053572,
        20080.02511160714,
        19795.547712053572,
        20080.02511160714,
        19795.547991071428,
        20080.022321428572,
        19795.548270089286,
        20080.022321428572,
        19795.547712053572,
        20080.020926339286,
        19795.54854910714,
        20080.020926339286,
        19795.54854910714,
        20080.02511160714,
        19795.54854910714,
        20080.0234375,
        19795.54659598214,
        20080.022042410714,
        19795.546316964286,
        20080.022600446428,
        19795.54464285714,
        20080.022321428572,
        19795.545479910714,
        20080.022321428572,
        19795.546037946428,
        20080.022321428572,
        19795.545758928572,
        20080.021484375,
        19795.54715401786,
        20080.020926339286,
        19795.546316964286,
        20080.020647321428,
        19795.545479910714,
        20080.020368303572,
        19795.545758928572,
        20080.018415178572,
        19795.546875,
        20080.018973214286,
        19795.547991071428,
        20080.018973214286
    ],