{
    "testproblem": "quadratic_deep",
    "batch_size": 128,
    "num_epochs": 100,
    "random_seed": 42,
    "weight_decay": null,
    "optimizer_name": "PowKernelMomentumOptimizer",
    "optimizer_hyperparams": {
        "learning_rate": 0.0006290644294586146,
        "power": 0.7000000000000001
    },
    "training_params": {
        "lr_sched_epochs": null,
        "lr_sched_factors": null
    },
    "train_losses": [
        352.8963535853795,
        241.4339098249163,
        127.22705732073102,
        107.64159175327846,
        113.43583243233817,
        107.2249014718192,
        102.98206002371651,
        102.3995110648019,
        101.17034912109375,
        100.0936998639788,
        99.27718135288784,
        98.4557353428432,
        97.70548357282367,
        96.9990234375,
        96.33236694335938,
        95.7109124319894,
        95.1280288696289,
        94.58045196533203,
        94.06697409493583,
        93.58539036342076,
        93.1337639944894,
        92.7102279663086,
        92.31273978097099,
        91.93958173479352,
        91.5891843523298,
        91.26001085553851,
        90.95059858049665,
        90.65960148402623,
        90.3858391898019,
        90.12821524483817,
        89.8856201171875,
        89.65704236711774,
        89.44157954624721,
        89.23837171282086,
        89.04664393833706,
        88.86565944126674,
        88.69473375592914,
        88.53321838378906,
        88.38046591622489,
        88.23589433942523,
        88.09898485456195,
        87.96925571986607,
        87.84626225062779,
        87.72958156040737,
        87.61883217947823,
        87.51364462716239,
        87.41366577148438,
        87.31858498709542,
        87.22811344691685,
        87.14196341378349,
        87.05986894880023,
        86.98158264160156,
        86.90687561035156,
        86.83554077148438,
        86.76737104143415,
        86.70220838274274,
        86.63987077985492,
        86.58020891462054,
        86.52307782854352,
        86.46834128243583,
        86.4158706665039,
        86.36554827008929,
        86.31725311279297,
        86.27087511335101,
        86.22632816859654,
        86.18350764683315,
        86.142333984375,
        86.10273088727679,
        86.06462642124721,
        86.02794974190849,
        85.99263545445034,
        85.95862361363002,
        85.92583901541573,
        85.89422934395927,
        85.86374337332589,
        85.83433314732143,
        85.80594635009766,
        85.7785415649414,
        85.75206974574498,
        85.72649383544922,
        85.70177241734096,
        85.67786952427456,
        85.65475681849888,
        85.63240051269531,
        85.6107668195452,
        85.58982849121094,
        85.56956590924945,
        85.54994419642857,
        85.53094264439174,
        85.51254054478237,
        85.49470738002232,
        85.4774169921875,
        85.46065521240234,
        85.44440351213727,
        85.4286390032087,
        85.41334315708706,
        85.39850180489677,
        85.38410077776227,
        85.37012372698102,
        85.35655539376395,
        85.34338051932198
    ],
    "valid_losses": [
        353.81274850027904,
        242.4370400565011,
        128.3410143171038,
        108.69090053013393,
        114.27857317243304,
        107.92057800292969,
        103.69539860316685,
        103.24286542619977,
        102.10229928152901,
        101.01134490966797,
        100.13483537946429,
        99.28553662981305,
        98.55733380998883,
        97.88478415352958,
        97.22964695521763,
        96.60060664585659,
        96.01077597481864,
        95.46636526925224,
        94.96125902448382,
        94.48559025355748,
        94.03608703613281,
        93.61397334507534,
        93.21914999825614,
        92.84939139229911,
        92.50200544084821,
        92.17526463099888,
        91.86812373570034,
        91.57954624720982,
        91.30824170793805,
        91.0528793334961,
        90.81238555908203,
        90.58585139683315,
        90.37240382603237,
        90.17118617466518,
        89.98141261509487,
        89.80230712890625,
        89.63318961007255,
        89.47337123325893,
        89.3222427368164,
        89.17926352364677,
        89.04391806466239,
        88.91571807861328,
        88.79416874476841,
        88.67886025565011,
        88.5694340297154,
        88.46553039550781,
        88.36678968157086,
        88.2728990827288,
        88.18354797363281,
        88.09845624651227,
        88.01738739013672,
        87.94010925292969,
        87.86638423374721,
        87.79598781040737,
        87.72871834891183,
        87.66441127232143,
        87.60290418352399,
        87.54404122488839,
        87.48768397739956,
        87.43369402204242,
        87.38193838936942,
        87.33230699811664,
        87.28468431745257,
        87.23896244594029,
        87.19504002162388,
        87.15281132289341,
        87.11220332554409,
        87.07312992640904,
        87.03554098946708,
        86.99936240059989,
        86.96452331542969,
        86.93096160888672,
        86.89862169538226,
        86.86744362967355,
        86.83738054547992,
        86.8083724975586,
        86.78038569859096,
        86.75337328229632,
        86.727292742048,
        86.70209067208427,
        86.67772456577846,
        86.65416281563895,
        86.63138362339565,
        86.60934775216239,
        86.58802686418805,
        86.5673828125,
        86.54740251813617,
        86.52807072230748,
        86.50935363769531,
        86.49122619628906,
        86.4736567905971,
        86.4566181727818,
        86.44009399414062,
        86.42406572614398,
        86.4085213797433,
        86.39343588692802,
        86.37880379813058,
        86.36460222516742,
        86.35081481933594,
        86.33743177141461,
        86.32443128313336
    ],