{
    "testproblem": "quadratic_deep",
    "batch_size": 128,
    "num_epochs": 100,
    "random_seed": 42,
    "weight_decay": null,
    "optimizer_name": "PowKernelMomentumOptimizer",
    "optimizer_hyperparams": {
        "learning_rate": 0.0004207053950287936,
        "power": 0.6000000000000001
    },
    "training_params": {
        "lr_sched_epochs": null,
        "lr_sched_factors": null
    },
    "train_losses": [
        352.8963535853795,
        292.23880876813615,
        199.71751185825892,
        135.45062473842077,
        109.30163138253349,
        105.71421595982143,
        106.11528669084821,
        104.6854476928711,
        103.21458326067243,
        102.44613865443638,
        101.81896100725446,
        101.15191868373326,
        100.52725001743862,
        99.94303240094867,
        99.37813459123883,
        98.83411189488002,
        98.31243133544922,
        97.81146676199776,
        97.33093152727399,
        96.87046813964844,
        96.4290771484375,
        96.00582122802734,
        95.60004425048828,
        95.21116965157645,
        94.83854457310268,
        94.48148454938617,
        94.13936941964286,
        93.8115724836077,
        93.49755423409599,
        93.19681876046317,
        92.90869794573102,
        92.63254874093192,
        92.36782727922711,
        92.11404091971261,
        91.87076241629464,
        91.6375002179827,
        91.41372898646763,
        91.19898877825055,
        90.99289158412388,
        90.79505593436105,
        90.60510144914899,
        90.42268916538784,
        90.24753788539341,
        90.07930210658482,
        89.91769191196987,
        89.76243264334542,
        89.61324637276786,
        89.46983773367745,
        89.33193533761161,
        89.19930703299386,
        89.07176644461495,
        88.94914136614118,
        88.83120727539062,
        88.71773093087333,
        88.60848018101284,
        88.50326211111886,
        88.40189034598214,
        88.30422101702008,
        88.21009281703404,
        88.11938803536552,
        88.03196825299945,
        87.94771684919085,
        87.86646270751953,
        87.7880619594029,
        87.71240997314453,
        87.63941192626953,
        87.56893811907086,
        87.50090026855469,
        87.4352057320731,
        87.37173025948661,
        87.31036485944476,
        87.2510005405971,
        87.19354139055524,
        87.13790784563336,
        87.0840094430106,
        87.03179386683873,
        86.98119136265346,
        86.93214198521206,
        86.8845955984933,
        86.83849552699498,
        86.79378291538784,
        86.75039236886161,
        86.70828029087612,
        86.66739763532367,
        86.62769862583706,
        86.58913094656808,
        86.5516597202846,
        86.51525333949498,
        86.47986820765904,
        86.44546726771763,
        86.41201891217914,
        86.37947518484933,
        86.34782409667969,
        86.31704275948661,
        86.28709302629743,
        86.25795200892857,
        86.2295913696289,
        86.20198604038784,
        86.17511858258929,
        86.14896065848214,
        86.12348284040179
    ],
    "valid_losses": [
        353.81274850027904,
        293.2121364048549,
        200.79403468540735,
        136.59444318498885,
        110.4199720110212,
        106.70704105922154,
        106.95750863211495,
        105.43733542306083,
        103.96111951555524,
        103.24923379080636,
        102.68517194475446,
        102.04682268415179,
        101.41594478062221,
        100.81243024553571,
        100.23455047607422,
        99.6907457624163,
        99.17815181187221,
        98.68690272739956,
        98.21199580601284,
        97.75320107596261,
        97.31219482421875,
        96.89013017926898,
        96.48687417166573,
        96.10115596226284,
        95.73153795514789,
        95.37706865583148,
        95.03724343436105,
        94.71161433628627,
        94.39976065499442,
        94.1010981968471,
        93.81497083391461,
        93.54078565325055,
        93.27803911481585,
        93.02618953159877,
        92.78477478027344,
        92.55331420898438,
        92.33131735665458,
        92.1183362688337,
        91.91397312709263,
        91.71781049455915,
        91.52945927211216,
        91.3485859462193,
        91.17488752092633,
        91.00804901123047,
        90.84778485979352,
        90.69384874616351,
        90.54599217006138,
        90.40392521449498,
        90.26736668178013,
        90.13607025146484,
        90.00984300885882,
        89.88849639892578,
        89.7718037196568,
        89.6595458984375,
        89.55149296351841,
        89.44742257254464,
        89.347165788923,
        89.25057438441685,
        89.15750122070312,
        89.06781768798828,
        88.98142896379743,
        88.8982162475586,
        88.81796264648438,
        88.74049595424107,
        88.66573551722935,
        88.5936039515904,
        88.52397918701172,
        88.45675877162388,
        88.39183698381696,
        88.32910047258649,
        88.26845877511161,
        88.20981052943638,
        88.15306527273995,
        88.09812818254743,
        88.04491860525948,
        87.99337223597935,
        87.94342367989677,
        87.89499773297992,
        87.84803009033203,
        87.80248914446149,
        87.7583247593471,
        87.71548897879464,
        87.67391967773438,
        87.63357325962612,
        87.59439849853516,
        87.55634198869977,
        87.51937975202289,
        87.48347800118583,
        87.44858877999442,
        87.41466195242745,
        87.38165937151227,
        87.34954942975726,
        87.3183092389788,
        87.28791918073382,
        87.25836508614677,
        87.2296164376395,
        87.20163835797992,
        87.17439596993583,
        87.14787946428571,
        87.12206159319196,
        87.096923828125
    ],