{
    "testproblem": "quadratic_deep",
    "batch_size": 128,
    "num_epochs": 100,
    "random_seed": 42,
    "weight_decay": null,
    "optimizer_name": "PowKernelMomentumOptimizer",
    "optimizer_hyperparams": {
        "learning_rate": 0.009565499215943818,
        "power": 0.6000000000000001
    },
    "training_params": {
        "lr_sched_epochs": null,
        "lr_sched_factors": null
    },
    "train_losses": [
        352.8963535853795,
        198.1141619001116,
        134.85807582310267,
        107.74808611188617,
        95.75733184814453,
        89.94868469238281,
        88.0113525390625,
        87.42109789167132,
        86.13506862095424,
        85.79361506870815,
        85.55853925432477,
        85.40434156145368,
        85.26761300223214,
        85.21920231410435,
        85.21757071358817,
        85.20466613769531,
        85.19218008858817,
        85.19916752406529,
        85.20868464878627,
        85.21558598109654,
        85.22240883963448,
        85.22909000941685,
        85.23877716064453,
        85.24781690325055,
        85.25463431222099,
        85.26132093157086,
        85.26793561662946,
        85.27433013916016,
        85.28031485421317,
        85.28578404017857,
        85.29089028494698,
        85.2955551147461,
        85.29999433244977,
        85.30441066196987,
        85.3087910243443,
        85.31295885358539,
        85.31679970877511,
        85.32040514264789,
        85.32387215750558,
        85.3272476196289,
        85.33055877685547,
        85.33375113351005,
        85.33678327287946,
        85.3396987915039,
        85.34253038678851,
        85.34527587890625,
        85.3479243687221,
        85.35047803606305,
        85.35294778006417,
        85.3553466796875,
        85.35767582484654,
        85.35993085588727,
        85.36211613246373,
        85.3642349243164,
        85.3662861415318,
        85.36827959333148,
        85.37021092006138,
        85.37208884102958,
        85.37390790666852,
        85.37567465645927,
        85.37738800048828,
        85.37905011858258,
        85.3806653703962,
        85.38223157610211,
        85.38374873570034,
        85.38521902901786,
        85.3866457257952,
        85.38803536551339,
        85.38939230782645,
        85.39070674351284,
        85.39195469447544,
        85.39315795898438,
        85.3943361554827,
        85.39552852085659,
        85.39667184012276,
        85.39775085449219,
        85.39880044119698,
        85.39979008265904,
        85.40080915178571,
        85.4018304007394,
        85.40276445661273,
        85.40361022949219,
        85.40445927211216,
        85.40535082135882,
        85.40624891008649,
        85.40707288469586,
        85.40783146449498,
        85.4085202898298,
        85.40919385637555,
        85.40990230015346,
        85.41073935372489,
        85.4114750453404,
        85.41208757672992,
        85.41264125279018,
        85.41315678187779,
        85.41371590750558,
        85.4143785749163,
        85.41507829938617,
        85.41564832414899,
        85.41612461635044,
        85.41654096330915
    ],
    "valid_losses": [
        353.81274850027904,
        198.89867946079798,
        135.91816057477678,
        108.34378705705915,
        97.23848833356585,
        90.46823120117188,
        89.09099469866071,
        88.64339229038784,
        87.07915823800224,
        86.76204572405133,
        86.62898581368583,
        86.50718579973493,
        86.29384068080357,
        86.25457654680524,
        86.27159772600446,
        86.25635310581752,
        86.2482419695173,
        86.24487631661552,
        86.25744083949498,
        86.26800428118024,
        86.27275848388672,
        86.27998461042132,
        86.28997039794922,
        86.29960305350167,
        86.3061752319336,
        86.31259482247489,
        86.31961168561664,
        86.32599857875279,
        86.33207375662667,
        86.3377184186663,
        86.3428704398019,
        86.34766387939453,
        86.35219355991909,
        86.35665457589286,
        86.36118425641742,
        86.36553301130023,
        86.36947304861886,
        86.37313842773438,
        86.37664576939174,
        86.38006591796875,
        86.38348606654576,
        86.38678959437779,
        86.38990020751953,
        86.39285714285714,
        86.39572034563336,
        86.39850507463727,
        86.40121350969586,
        86.40382167271206,
        86.40634264264789,
        86.40877968924386,
        86.41114044189453,
        86.41343144008091,
        86.41564505440849,
        86.41779218401227,
        86.41988154820034,
        86.42190333775112,
        86.42386300223214,
        86.42576054164341,
        86.42760358537946,
        86.42939213344029,
        86.43112291608539,
        86.43280574253627,
        86.43444170270648,
        86.43602861676898,
        86.43756321498326,
        86.43904876708984,
        86.4404765537807,
        86.44188363211495,
        86.4432623726981,
        86.44461277553013,
        86.44586290631976,
        86.44704982212612,
        86.44820404052734,
        86.44945417131696,
        86.45064544677734,
        86.4517331804548,
        86.45277731759208,
        86.45373099190849,
        86.45476422991071,
        86.45575823102679,
        86.45676749093192,
        86.45769282749721,
        86.45853533063617,
        86.4593996320452,
        86.46019744873047,
        86.46098872593471,
        86.46176474434989,
        86.46263994489398,
        86.46336800711495,
        86.46403067452567,
        86.46476200648716,
        86.4653810773577,
        86.46597181047711,
        86.46665300641742,
        86.46736580984933,
        86.46790204729352,
        86.46850912911552,
        86.46902683803013,
        86.46954672677177,
        86.47004808698382,
        86.47064099993024
    ],