{
    "testproblem": "quadratic_deep",
    "batch_size": 128,
    "num_epochs": 100,
    "random_seed": 42,
    "weight_decay": null,
    "optimizer_name": "PowKernelGradientDescentOptimizer",
    "optimizer_hyperparams": {
        "learning_rate": 0.0006242659053860567,
        "power": 0.6000000000000001
    },
    "training_params": {
        "lr_sched_epochs": null,
        "lr_sched_factors": null
    },
    "train_losses": [
        352.8963535853795,
        324.52012852260043,
        298.8546883719308,
        275.695565359933,
        254.84932381766183,
        236.13303702218192,
        219.37401689801897,
        204.4095916748047,
        191.08649553571428,
        179.2608402797154,
        168.7978275844029,
        159.57181876046317,
        151.4653799874442,
        144.3678436279297,
        138.17760140555245,
        132.8004662649972,
        128.1495404924665,
        124.14441244942802,
        120.71184757777623,
        117.78406960623605,
        115.29895346505302,
        113.20066288539341,
        111.43885476248605,
        109.96646445138114,
        108.7416490827288,
        107.72744968959263,
        106.89193725585938,
        106.20698547363281,
        105.64707401820591,
        105.18788037981305,
        104.80862426757812,
        104.49329267229352,
        104.22834014892578,
        104.0026114327567,
        103.80723244803292,
        103.63516889299665,
        103.48106929234096,
        103.34055001395089,
        103.20999363490513,
        103.08711569649833,
        102.97013419015067,
        102.85759735107422,
        102.7486092703683,
        102.64236450195312,
        102.53832026890346,
        102.43607548304966,
        102.33526284354073,
        102.23559134347099,
        102.13700648716518,
        102.03933715820312,
        101.94249180385044,
        101.84639413016183,
        101.75100272042411,
        101.65623910086495,
        101.56210436139789,
        101.46857125418526,
        101.37562670026507,
        101.28327178955078,
        101.19148581368583,
        101.10026114327567,
        101.0095966884068,
        100.91949244907924,
        100.82994624546596,
        100.74093954903739,
        100.65246909005302,
        100.56453159877232,
        100.4771227155413,
        100.39024135044643,
        100.30389186314174,
        100.2180644444057,
        100.13275255475726,
        100.0479507446289,
        99.96366446358817,
        99.8798828125,
        99.79660361153739,
        99.71382468087333,
        99.6315438406808,
        99.5497567313058,
        99.46846226283482,
        99.38765280587333,
        99.3073261805943,
        99.22747911725726,
        99.1481214250837,
        99.0692367553711,
        98.99082837785993,
        98.91288648332868,
        98.83541434151786,
        98.75840432303292,
        98.68185860770089,
        98.60577719552177,
        98.53014700753349,
        98.45497567313058,
        98.38025447300502,
        98.30597686767578,
        98.2321537562779,
        98.15877423967633,
        98.08584158761161,
        98.01333836146763,
        97.9412819998605,
        97.8696528843471,
        97.79845864432198
    ],
    "valid_losses": [
        353.81274850027904,
        325.4648699079241,
        299.82474190848217,
        276.68807547433033,
        255.861576625279,
        237.1623077392578,
        220.41763741629464,
        205.46471514020647,
        192.15036010742188,
        180.33079746791296,
        169.87159075055803,
        160.64706420898438,
        152.53970554896765,
        145.43921988351005,
        139.24422563825334,
        133.86085728236608,
        129.20225633893693,
        125.18841443743024,
        121.74642508370536,
        118.80863952636719,
        116.31287384033203,
        114.20340183803013,
        112.4302727835519,
        110.94673810686383,
        109.71101379394531,
        108.68605695452008,
        107.84009443010602,
        107.14542279924665,
        106.57640511648995,
        106.10892486572266,
        105.72193254743304,
        105.39943041120257,
        105.12802015032086,
        104.89639718191964,
        104.6958258492606,
        104.51917375837054,
        104.3611308506557,
        104.21716853550502,
        104.08358437674386,
        103.95816584995815,
        103.83903394426618,
        103.72471400669643,
        103.61426435198102,
        103.5068588256836,
        103.40193503243583,
        103.2990471976144,
        103.19777243477958,
        103.09777723039899,
        102.99894060407367,
        102.90111105782645,
        102.804197038923,
        102.70812661307198,
        102.61282675606864,
        102.5182386125837,
        102.42432076590401,
        102.33104269845145,
        102.23839133126395,
        102.14635794503349,
        102.05492183140346,
        101.96406882149833,
        101.87379891531808,
        101.78410121372768,
        101.69497353690011,
        101.6063962663923,
        101.51834869384766,
        101.43083844866071,
        101.34385681152344,
        101.2573994227818,
        101.17146846226284,
        101.08606392996651,
        101.0011738368443,
        100.9167960030692,
        100.83292715890067,
        100.74956839425224,
        100.66671207972935,
        100.58435603550502,
        100.5024915422712,
        100.42112513950893,
        100.34024810791016,
        100.25985608782086,
        100.17994907924107,
        100.10051618303571,
        100.02156829833984,
        99.9430923461914,
        99.86509486607143,
        99.78756059919085,
        99.71049390520368,
        99.6338871547154,
        99.55774688720703,
        99.48205893380302,
        99.40682983398438,
        99.33204868861607,
        99.25771985735211,
        99.18383898053851,
        99.1104016985212,
        99.03740474155971,
        98.96484810965401,
        98.89273071289062,
        98.82104928152901,
        98.7498038155692,
        98.67898886544364
    ],