{
    "testproblem": "quadratic_deep",
    "batch_size": 128,
    "num_epochs": 100,
    "random_seed": 42,
    "weight_decay": null,
    "optimizer_name": "PowKernelMomentumOptimizer",
    "optimizer_hyperparams": {
        "learning_rate": 0.00024079111954644568,
        "power": 0.9
    },
    "training_params": {
        "lr_sched_epochs": null,
        "lr_sched_factors": null
    },
    "train_losses": [
        352.8963535853795,
        270.65846034458707,
        165.2654266357422,
        114.93640463692802,
        106.22664642333984,
        107.77262115478516,
        106.96354675292969,
        104.83515058244977,
        103.48595646449498,
        102.91776057652065,
        102.52826799665179,
        102.10742514474052,
        101.6931893484933,
        101.31336539132255,
        100.95518493652344,
        100.60641588483539,
        100.26549748011998,
        99.9335196358817,
        99.6103046962193,
        99.29517037527901,
        98.98772757393974,
        98.68780626569476,
        98.3952386038644,
        98.10984257289341,
        97.83142961774554,
        97.55980246407645,
        97.29479326520648,
        97.03622545514789,
        96.78393663678851,
        96.53775351388114,
        96.29752567836216,
        96.06309618268695,
        95.83431461879185,
        95.6110338483538,
        95.39311000279018,
        95.18040902273995,
        94.97279902866909,
        94.7701437813895,
        94.57231903076172,
        94.37919507707868,
        94.19065747942243,
        94.00657653808594,
        93.82683999197823,
        93.65133775983539,
        93.47995431082589,
        93.31258610316685,
        93.1491219656808,
        92.98946053641183,
        92.83350154331752,
        92.68115234375,
        92.53231702532086,
        92.38690948486328,
        92.24484143938336,
        92.10601806640625,
        91.97036307198661,
        91.8377914428711,
        91.70822361537388,
        91.58159637451172,
        91.45782034737724,
        91.33682577950614,
        91.21854836600167,
        91.10290963309151,
        90.98985290527344,
        90.87930297851562,
        90.77119554792132,
        90.66548374720982,
        90.56209782191685,
        90.46098218645368,
        90.36207471575055,
        90.26532418387276,
        90.17067282540458,
        90.07807050432477,
        89.98746708461216,
        89.89881461007255,
        89.8120607648577,
        89.72715868268695,
        89.6440669468471,
        89.56273542131696,
        89.48312813895089,
        89.40518733433315,
        89.32889011928013,
        89.25418635777065,
        89.18103790283203,
        89.10940333775112,
        89.03925214494977,
        88.97054290771484,
        88.9032461983817,
        88.83732495989118,
        88.77275085449219,
        88.70948464529855,
        88.64750235421317,
        88.58675711495536,
        88.52723584856305,
        88.46890149797711,
        88.41172681535993,
        88.35568346296039,
        88.30075073242188,
        88.2468991960798,
        88.19409724644252,
        88.14232417515346,
        88.09156036376953
    ],
    "valid_losses": [
        353.81274850027904,
        271.6126491001674,
        166.2812238420759,
        115.96963174002511,
        107.21337127685547,
        108.67549787248883,
        107.78948538643974,
        105.61830466134208,
        104.26565224783761,
        103.72151838030133,
        103.36450631277901,
        102.96893201555524,
        102.56643676757812,
        102.18663896833148,
        101.822511945452,
        101.46736689976284,
        101.12286812918526,
        100.79075622558594,
        100.4698508126395,
        100.15795353480748,
        99.85349382672992,
        99.55578504289899,
        99.2646953037807,
        98.9803444998605,
        98.70286451067243,
        98.43226514543805,
        98.16842324393136,
        97.91114480154855,
        97.66017368861607,
        97.41530064174107,
        97.17634037562779,
        96.94313376290458,
        96.71554456438336,
        96.49343545096261,
        96.27667781284877,
        96.06513977050781,
        95.85867527553013,
        95.65715898786273,
        95.46046120779855,
        95.26845223563058,
        95.08100891113281,
        94.89801243373326,
        94.71934400285993,
        94.54489353724888,
        94.37454877580915,
        94.2082039969308,
        94.04576110839844,
        93.88711111886161,
        93.73214612688336,
        93.5807854788644,
        93.43292563302177,
        93.28848266601562,
        93.14736611502511,
        93.00948333740234,
        92.874753679548,
        92.74309866768974,
        92.61444091796875,
        92.4886954171317,
        92.36579895019531,
        92.24567631312779,
        92.1282468523298,
        92.01345607212612,
        91.90122985839844,
        91.79150390625,
        91.68421391078404,
        91.57930101667132,
        91.4767074584961,
        91.37637220110211,
        91.27823638916016,
        91.18224770682198,
        91.08835274832589,
        90.99650028773716,
        90.9066390991211,
        90.81871577671596,
        90.73268018450055,
        90.64848981584821,
        90.56610216413226,
        90.48546164376395,
        90.4065410069057,
        90.32929011753627,
        90.253659929548,
        90.17961883544922,
        90.1071286882673,
        90.03614916120257,
        89.96664101736886,
        89.89856284005302,
        89.83189828055245,
        89.766599382673,
        89.70263671875,
        89.63997541155133,
        89.57858603341239,
        89.5184326171875,
        89.45949009486607,
        89.40172685895648,
        89.34512111118862,
        89.28963470458984,
        89.2352545601981,
        89.18194471086774,
        89.1296855381557,
        89.07844979422433,
        89.02821132114956
    ],