{
    "testproblem": "quadratic_deep",
    "batch_size": 128,
    "num_epochs": 100,
    "random_seed": 42,
    "weight_decay": null,
    "optimizer_name": "PowKernelGradientDescentOptimizer",
    "optimizer_hyperparams": {
        "learning_rate": 0.014817820606039075,
        "power": 0.4
    },
    "training_params": {
        "lr_sched_epochs": null,
        "lr_sched_factors": null
    },
    "train_losses": [
        352.8963535853795,
        133.72000776018416,
        103.9224134172712,
        101.60735212053571,
        99.74657004220145,
        98.11502075195312,
        96.68913269042969,
        95.4555914742606,
        94.37677328927177,
        93.43079376220703,
        92.60894557407924,
        91.89320264543805,
        91.27393668038505,
        90.73303876604352,
        90.25743974958148,
        89.84231676374164,
        89.4796894618443,
        89.15694318498883,
        88.86950574602399,
        88.6115482875279,
        88.3797116960798,
        88.1728046962193,
        87.98755863734654,
        87.82371956961495,
        87.67694854736328,
        87.54193115234375,
        87.41835021972656,
        87.30727277483258,
        87.20692770821708,
        87.11485726492745,
        87.03013610839844,
        86.95229230608258,
        86.88036455426898,
        86.81392996651786,
        86.75247410365513,
        86.695554460798,
        86.64298684256417,
        86.5940442766462,
        86.54794747488839,
        86.50615801130023,
        86.46735055106026,
        86.43152291434151,
        86.3983873639788,
        86.36775316510882,
        86.3395745413644,
        86.31329345703125,
        86.28883252825055,
        86.26622663225446,
        86.24531882149833,
        86.22600446428571,
        86.20818219866071,
        86.19176156180245,
        86.17665100097656,
        86.16282762799945,
        86.15015084402901,
        86.13853454589844,
        86.12792096819196,
        86.11823381696429,
        86.10940115792411,
        86.10130092075893,
        86.0934339250837,
        86.08719308035714,
        86.08167375837054,
        86.07676587785993,
        86.07247270856585,
        86.06876591273716,
        86.06559753417969,
        86.06293160574776,
        86.0607430594308,
        86.05899701799665,
        86.05767168317523,
        86.05673326764789,
        86.05617196219308,
        86.05595288957868,
        86.05606297084263,
        86.05648476736886,
        86.05718231201172,
        86.05816759381976,
        86.05938502720424,
        86.06086948939732,
        86.06255667550224,
        86.06447383335659,
        86.0665784563337,
        86.06886945452008,
        86.07134137834821,
        86.07396915980748,
        86.07675388881138,
        86.07968575613839,
        86.08274841308594,
        86.0859375,
        86.08923993791852,
        86.0926513671875,
        86.09616306849888,
        86.09977068219867,
        86.10346439906529,
        86.10723767961774,
        86.111086164202,
        86.11500222342355,
        86.11898367745536,
        86.1230239868164,
        86.12711988176618
    ],
    "valid_losses": [
        353.81274850027904,
        134.93050493512834,
        104.93889399937221,
        102.63424355643136,
        100.78378077915737,
        99.1606913975307,
        97.74253191266742,
        96.5168206351144,
        95.4441887991769,
        94.50208609444755,
        93.68506731305804,
        92.97513471330915,
        92.36097826276507,
        91.82603127615792,
        91.35648127964565,
        90.94707380022321,
        90.58992985316685,
        90.27099064418248,
        89.9880599975586,
        89.73397936139789,
        89.50548226492745,
        89.30126626150948,
        89.11916133335659,
        88.95831734793526,
        88.81529344831195,
        88.68149675641742,
        88.55911472865513,
        88.44917951311383,
        88.35029711042132,
        88.25963265555245,
        88.17618124825614,
        88.09967476981026,
        88.0289808000837,
        87.96370588030133,
        87.90331486293248,
        87.84718431745257,
        87.79560307094029,
        87.74738093784877,
        87.70157623291016,
        87.66052900041852,
        87.62242453438895,
        87.5872552054269,
        87.55482482910156,
        87.5248772757394,
        87.49737221854073,
        87.47170584542411,
        87.44781930106026,
        87.42567879813058,
        87.40519496372768,
        87.38628932407924,
        87.36886160714286,
        87.35282352992466,
        87.33809552873883,
        87.32467978341239,
        87.31238773890904,
        87.30113656180245,
        87.29085976736886,
        87.28147997174945,
        87.27291216169085,
        87.26497214181083,
        87.25674438476562,
        87.25086212158203,
        87.24571446010044,
        87.24119240897042,
        87.23725237165179,
        87.23388998849052,
        87.23105948311942,
        87.22872706821987,
        87.22686440604073,
        87.22544424874442,
        87.2244371686663,
        87.22381591796875,
        87.22355542864118,
        87.22364371163505,
        87.2240491594587,
        87.22476305280414,
        87.22574506487165,
        87.22701263427734,
        87.22851126534599,
        87.23026602608817,
        87.23222133091518,
        87.23440878731864,
        87.2367695399693,
        87.23931557791573,
        87.2420403616769,
        87.2449220929827,
        87.2479498726981,
        87.2511215209961,
        87.2544185093471,
        87.25783974783761,
        87.26137324741909,
        87.26501137869698,
        87.26874760219029,
        87.27257428850446,
        87.27648162841797,
        87.2804674421038,
        87.28452627999442,
        87.28865160260882,
        87.29283796037946,
        87.29707881382534,
        87.30137525285993
    ],