{
    "testproblem": "quadratic_deep",
    "batch_size": 128,
    "num_epochs": 100,
    "random_seed": 42,
    "weight_decay": null,
    "optimizer_name": "PowKernelMomentumOptimizer",
    "optimizer_hyperparams": {
        "learning_rate": 0.03113095956122122,
        "power": 0.5
    },
    "training_params": {
        "lr_sched_epochs": null,
        "lr_sched_factors": null
    },
    "train_losses": [
        352.8963535853795,
        113.85781642368862,
        122.58049011230469,
        102.7461188180106,
        97.35390036446708,
        95.06864275251117,
        93.61951119559151,
        93.15210614885602,
        94.20331573486328,
        96.78806413922992,
        98.55639539446149,
        98.83756583077567,
        98.89959062848773,
        99.00256674630302,
        99.02934265136719,
        99.02409144810268,
        99.12210954938617,
        99.33408900669643,
        99.57568250383649,
        99.479982648577,
        99.46910313197544,
        99.54829624720982,
        99.58856201171875,
        99.67458234514508,
        100.00957380022321,
        100.53267669677734,
        101.11097390311105,
        101.62550354003906,
        101.88502284458706,
        101.92784336635044,
        101.95901380266461,
        101.92667824881417,
        101.95531027657645,
        102.10147530691964,
        101.99491882324219,
        101.86914171491351,
        101.67840685163226,
        101.26022338867188,
        100.60043443952289,
        100.28463963099888,
        101.1216812133789,
        102.17843627929688,
        102.87829698835101,
        103.21268572126117,
        103.32695007324219,
        103.2413831438337,
        103.12721470424107,
        103.0662089756557,
        103.11344473702567,
        103.29823412214007,
        103.05121830531529,
        102.77781241280692,
        102.48997279575893,
        101.94344002859933,
        101.36753845214844,
        101.6140365600586,
        102.6573017665318,
        103.56247057233539,
        104.02820696149554,
        104.2173843383789,
        104.2321548461914,
        104.19627598353794,
        103.98958369663784,
        103.88928876604352,
        103.98566218784877,
        104.1012682233538,
        103.8067147391183,
        103.49838692801339,
        103.10399845668248,
        102.5018070765904,
        102.00227573939732,
        102.43991524832589,
        103.52436065673828,
        104.37508828299386,
        104.7510245186942,
        104.85954175676618,
        104.80709947858539,
        104.79531533377511,
        104.59181540352958,
        104.44092995779855,
        104.62346540178571,
        104.57275935581752,
        104.278322492327,
        104.0107901436942,
        103.57785906110492,
        102.93675558907645,
        102.50928170340401,
        103.07356698172433,
        104.13252476283482,
        104.92059544154576,
        105.23388562883649,
        105.35208129882812,
        105.27195848737445,
        105.14266204833984,
        104.98548126220703,
        104.87252698625836,
        105.09554944719586,
        104.83912549700055,
        104.54122161865234,
        104.27274976457868,
        103.82135009765625
    ],
    "valid_losses": [
        353.81274850027904,
        114.01131984165737,
        122.7279074532645,
        103.63193729945591,
        98.50438254220145,
        96.15767015729632,
        94.62281908307757,
        94.28993443080357,
        95.60231236049107,
        98.49130358014789,
        100.37452915736607,
        100.59907858712333,
        100.55670166015625,
        100.64008549281529,
        100.69878932407924,
        100.73882075718471,
        100.85702841622489,
        101.1039047241211,
        101.35384695870536,
        101.20843941824776,
        101.15913718087333,
        101.21599578857422,
        101.23993355887276,
        101.32190704345703,
        101.68434252057757,
        102.21727316720145,
        102.76981353759766,
        103.26006971086774,
        103.4905755179269,
        103.54510825020927,
        103.61077771868024,
        103.60600062779018,
        103.64976065499442,
        103.81109510149274,
        103.72679247174945,
        103.60668509347099,
        103.39072745186942,
        102.9376220703125,
        102.22860717773438,
        101.87691388811383,
        102.76512363978794,
        103.85071890694755,
        104.52339717320034,
        104.83156258719308,
        104.91395350864956,
        104.82078225272042,
        104.75221470424107,
        104.73305838448661,
        104.81936863490513,
        105.0331529889788,
        104.79082924979073,
        104.49875204903739,
        104.1833256312779,
        103.58666556222099,
        102.96683284214565,
        103.21801103864398,
        104.32125636509487,
        105.22662353515625,
        105.65836770193917,
        105.83214242117745,
        105.81667654854911,
        105.78830174037388,
        105.62598092215401,
        105.5680683680943,
        105.70204489571708,
        105.83747318812779,
        105.54169137137276,
        105.20522962297711,
        104.78778185163226,
        104.13875688825335,
        103.59483228410993,
        104.05086299351284,
        105.19076647077289,
        106.03434208461216,
        106.37386757986886,
        106.46521541050502,
        106.39133998325893,
        106.39637102399554,
        106.23707471575055,
        106.12970951625279,
        106.3486818586077,
        106.31048366001674,
        106.00759778703961,
        105.71466827392578,
        105.25567408970424,
        104.57316153390067,
        104.09897831508091,
        104.68811144147601,
        105.79501778738839,
        106.57038879394531,
        106.85186113630023,
        106.9550279889788,
        106.86144474574498,
        106.75045667375836,
        106.63309369768415,
        106.56614903041294,
        106.83317565917969,
        106.58433532714844,
        106.26930672781808,
        105.9779052734375,
        105.49304090227399
    ],