{
    "testproblem": "mnist_vae_no_dropout",
    "batch_size": 64,
    "num_epochs": 50,
    "random_seed": 42,
    "weight_decay": null,
    "optimizer_name": "PowKernelGradientDescentOptimizer",
    "optimizer_hyperparams": {
        "learning_rate": 0.12273800987852958,
        "power": 0.7000000000000001
    },
    "training_params": {
        "lr_sched_epochs": null,
        "lr_sched_factors": null
    },
    "train_losses": [
        181.47835364708533,
        181.47835364708533,
        181.47835364708533,
        181.47835364708533,
        181.47835364708533,
        181.47835364708533,
        181.47835364708533,
        181.47835364708533,
        181.47835364708533,
        181.47835364708533,
        181.47835364708533,
        181.47835364708533,
        181.47835364708533,
        181.47835364708533,
        181.47835364708533,
        181.47835364708533,
        181.47835364708533,
        181.47835364708533,
        181.47835364708533,
        181.47835364708533,
        181.47835364708533,
        181.47835364708533,
        181.47835364708533,
        181.47835364708533,
        181.47835364708533,
        181.47835364708533,
        181.47835364708533,
        181.47835364708533,
        181.47835364708533,
        181.47835364708533,
        181.47835364708533,
        181.47835364708533,
        181.47835364708533,
        181.47835364708533,
        181.47835364708533,
        181.47835364708533,
        181.47835364708533,
        181.47835364708533,
        181.47835364708533,
        181.47835364708533,
        181.47835364708533,
        181.47835364708533,
        181.47835364708533,
        181.47835364708533,
        181.47835364708533,
        181.47835364708533,
        181.47835364708533,
        181.47835364708533,
        181.47835364708533,
        181.47835364708533,
        181.47835364708533
    ],
    "valid_losses": [
        181.4160402738131,
        181.4160402738131,
        181.4160402738131,
        181.4160402738131,
        181.4160402738131,
        181.4160402738131,
        181.4160402738131,
        181.4160402738131,
        181.4160402738131,
        181.4160402738131,
        181.4160402738131,
        181.4160402738131,
        181.4160402738131,
        181.4160402738131,
        181.4160402738131,
        181.4160402738131,
        181.4160402738131,
        181.4160402738131,
        181.4160402738131,
        181.4160402738131,
        181.4160402738131,
        181.4160402738131,
        181.4160402738131,
        181.4160402738131,
        181.4160402738131,
        181.4160402738131,
        181.4160402738131,
        181.4160402738131,
        181.4160402738131,
        181.4160402738131,
        181.4160402738131,
        181.4160402738131,
        181.4160402738131,
        181.4160402738131,
        181.4160402738131,
        181.4160402738131,
        181.4160402738131,
        181.4160402738131,
        181.4160402738131,
        181.4160402738131,
        181.4160402738131,
        181.4160402738131,
        181.4160402738131,
        181.4160402738131,
        181.4160402738131,
        181.4160402738131,
        181.4160402738131,
        181.4160402738131,
        181.4160402738131,
        181.4160402738131,
        181.4160402738131
    ],
    "test_losses": [
        181.4804786290878,
        181.4804786290878,
        181.4804786290878,
        181.4804786290878,
        181.4804786290878,
        181.4804786290878,
        181.4804786290878,
        181.4804786290878,
        181.4804786290878,
        181.4804786290878,
        181.4804786290878,
        181.4804786290878,
        181.4804786290878,
        181.4804786290878,
        181.4804786290878,
        181.4804786290878,
        181.4804786290878,
        181.4804786290878,
        181.4804786290878,
        181.4804786290878,
        181.4804786290878,
        181.4804786290878,
        181.4804786290878,
        181.4804786290878,
        181.4804786290878,
        181.4804786290878,
        181.4804786290878,
        181.4804786290878,
        181.4804786290878,
        181.4804786290878,
        181.4804786290878,
        181.4804786290878,
        181.4804786290878,
        181.4804786290878,
        181.4804786290878,
        181.4804786290878,
        181.4804786290878,
        181.4804786290878,
        181.4804786290878,
        181.4804786290878,
        181.4804786290878,
        181.4804786290878,
        181.4804786290878,
        181.4804786290878,
        181.4804786290878,
        181.4804786290878,
        181.4804786290878,
        181.4804786290878,
        181.4804786290878,
        181.4804786290878,
        181.4804786290878
    ],