{
    "testproblem": "quadratic_deep",
    "batch_size": 128,
    "num_epochs": 100,
    "random_seed": 42,
    "weight_decay": null,
    "optimizer_name": "PowKernelGradientDescentOptimizer",
    "optimizer_hyperparams": {
        "learning_rate": 0.0001987021538542862,
        "power": 0.4
    },
    "training_params": {
        "lr_sched_epochs": null,
        "lr_sched_factors": null
    },
    "train_losses": [
        352.8963535853795,
        347.6954868861607,
        342.5736519949777,
        337.53013392857144,
        332.56422206333707,
        327.6751708984375,
        322.8622785295759,
        318.1248343331473,
        313.46209716796875,
        308.87335205078125,
        304.35787527901783,
        299.9149649483817,
        295.5439191545759,
        291.24401419503346,
        287.0145786830357,
        282.8549019949777,
        278.7642735072545,
        274.74200439453125,
        270.787353515625,
        266.89966256277904,
        263.07823399135043,
        259.3223898751395,
        255.63146100725447,
        252.00472150530135,
        248.44143676757812,
        244.94098118373327,
        241.5026593889509,
        238.12579999651228,
        234.8096967424665,
        231.55374363490515,
        228.3572235107422,
        225.21952383858817,
        222.13993399483817,
        219.11779131208147,
        216.15246800013952,
        213.2432817731585,
        210.38957868303572,
        207.59066336495536,
        204.84590366908483,
        202.15466526576452,
        199.5162615094866,
        196.93004499162947,
        194.39538792201452,
        191.91162109375,
        189.47813851492745,
        187.09430367606026,
        184.7594996861049,
        182.47311183384485,
        180.2345929827009,
        178.043208530971,
        175.89845275878906,
        173.7997283935547,
        171.74623543875558,
        169.7373504638672,
        167.7725067138672,
        165.8511243547712,
        163.97252764020647,
        162.1360866001674,
        160.34115382603235,
        158.5871821812221,
        156.8735133579799,
        155.19954354422433,
        153.56466674804688,
        151.96831403459822,
        150.41001456124442,
        148.88912963867188,
        147.4050750732422,
        145.95728410993303,
        144.54518563406808,
        143.16820635114397,
        141.82581656319755,
        140.51749747140067,
        139.24264526367188,
        138.00075204031808,
        136.79133823939733,
        135.6138414655413,
        134.46767098563058,
        133.35231563023157,
        132.2672576904297,
        131.2119652884347,
        130.1859087262835,
        129.18858228410994,
        128.21950204031808,
        127.27821350097656,
        126.36421312604632,
        125.47695050920758,
        124.61593409946987,
        123.7806396484375,
        122.97056688581195,
        122.18531690325055,
        121.42428588867188,
        120.687009538923,
        119.97295161655971,
        119.28163691929409,
        118.6126959664481,
        117.96563938685826,
        117.33999306815011,
        116.73526545933315,
        116.15104021344867,
        115.58675929478237,
        115.04191262381417
    ],
    "valid_losses": [
        353.81274850027904,
        348.61938912527904,
        343.5049394880022,
        338.46868896484375,
        333.50992693219865,
        328.62792532784596,
        323.8219691685268,
        319.09134347098217,
        314.43530709402904,
        309.85316249302457,
        305.3441641671317,
        300.9076407296317,
        296.5428684779576,
        292.24915858677457,
        288.02579171316967,
        283.87210954938615,
        279.7873971121652,
        275.77093505859375,
        271.82200404575894,
        267.93990652901783,
        264.1239754813058,
        260.3735111781529,
        256.68787057059154,
        253.06628199986048,
        249.5080304827009,
        246.01248604910714,
        242.57896859305245,
        239.20678928920202,
        235.895263671875,
        232.64373779296875,
        229.4515337262835,
        226.3179931640625,
        223.2424076625279,
        220.22415379115515,
        217.2625470842634,
        214.35689435686385,
        211.50653948102678,
        208.71085684640067,
        205.96917070661272,
        203.28084891183036,
        200.64520699637276,
        198.06162588936942,
        195.52945600237166,
        193.0480477469308,
        190.61678641183036,
        188.23504202706474,
        185.90219116210938,
        183.61760602678572,
        181.38070024762834,
        179.19078935895647,
        177.0473371233259,
        174.949711390904,
        172.8971928187779,
        170.88914053780692,
        168.92494637625558,
        167.0039781842913,
        165.12561689104353,
        163.2892586844308,
        161.49427577427454,
        159.7401079450335,
        158.02612522670202,
        156.3517303466797,
        154.71629987444197,
        153.11929975237166,
        151.56017412458147,
        150.03833879743303,
        148.5532444545201,
        147.10426766531808,
        145.69088745117188,
        144.31253705705916,
        142.96868024553572,
        141.65879821777344,
        140.38226100376673,
        139.13858686174666,
        137.92725917271204,
        136.7477525983538,
        135.59949820382255,
        134.4819793701172,
        133.39468819754464,
        132.33708844866072,
        131.30862862723214,
        130.30882154192244,
        129.3371843610491,
        128.3931928362165,
        127.47635977608817,
        126.58614022391183,
        125.72206660679409,
        124.88361467633929,
        124.07033211844308,
        123.28185381208148,
        122.51754433768136,
        121.77693503243583,
        121.05950927734375,
        120.36476571219308,
        119.69232613699776,
        119.0417240687779,
        118.41242980957031,
        117.80390930175781,
        117.21578434535435,
        116.6475579398019,
        116.09873962402344
    ],