{
    "testproblem": "quadratic_deep",
    "batch_size": 128,
    "num_epochs": 100,
    "random_seed": 42,
    "weight_decay": null,
    "optimizer_name": "PowKernelMomentumOptimizerN",
    "optimizer_hyperparams": {
        "learning_rate": 0.0008386394780402556,
        "power": 0.7000000000000001
    },
    "training_params": {
        "lr_sched_epochs": null,
        "lr_sched_factors": null
    },
    "train_losses": [
        352.8963623046875,
        195.42881774902344,
        107.8926260811942,
        112.64283534458706,
        108.15943581717355,
        102.56937626429966,
        101.6402097429548,
        100.18209075927734,
        99.00984518868583,
        97.9867183140346,
        97.0375736781529,
        96.16311427525112,
        95.35518537248883,
        94.61433519635882,
        93.93411472865513,
        93.30964006696429,
        92.73608289446149,
        92.20901707240513,
        91.72454724993024,
        91.27884347098214,
        90.86857386997768,
        90.49056897844586,
        90.1420418875558,
        89.82056209019252,
        89.52383204868862,
        89.24976784842355,
        88.99636513846261,
        88.76174599783761,
        88.54422760009766,
        88.34231676374164,
        88.15470668247768,
        87.98022569928851,
        87.81783621651786,
        87.66653660365513,
        87.52538299560547,
        87.39351981026786,
        87.27017102922711,
        87.15463256835938,
        87.04625810895648,
        86.94447871616909,
        86.84878431047711,
        86.75870077950614,
        86.67381722586495,
        86.593752179827,
        86.51814596993583,
        86.44668797084263,
        86.37909480503627,
        86.31509508405414,
        86.25445011683873,
        86.19693974086216,
        86.1423590523856,
        86.09051622663226,
        86.0412346976144,
        85.99435206821987,
        85.94971357073102,
        85.9071775163923,
        85.86662837437221,
        85.82795061383929,
        85.7910406930106,
        85.75579507010323,
        85.72212982177734,
        85.68995993477958,
        85.65919821602958,
        85.62977055140904,
        85.60159737723214,
        85.57461983816964,
        85.54876708984375,
        85.52398354666573,
        85.50021035330636,
        85.47741263253349,
        85.45553806849888,
        85.43454088483539,
        85.4143807547433,
        85.39501517159599,
        85.37640925816127,
        85.35851505824498,
        85.34131513323102,
        85.32477133614677,
        85.30885314941406,
        85.2935322352818,
        85.27878788539341,
        85.26459503173828,
        85.2509264264788,
        85.23776681082589,
        85.22508675711495,
        85.21287427629743,
        85.2010977608817,
        85.18975394112724,
        85.17881338936942,
        85.16826629638672,
        85.15809195382255,
        85.14828164236886,
        85.13881465366909,
        85.1296855381557,
        85.12087031773159,
        85.11236681256976,
        85.10415976388114,
        85.09623609270368,
        85.08858489990234,
        85.08119637625558,
        85.07406616210938
    ],
    "valid_losses": [
        353.812752859933,
        196.47320338657923,
        108.985107421875,
        113.53377096993583,
        108.88051278250558,
        103.31579153878349,
        102.5188467843192,
        101.11436353410993,
        99.903318132673,
        98.84460013253349,
        97.90669577462333,
        97.05852399553571,
        96.25989205496651,
        95.51652199881417,
        94.83682359967914,
        94.21819414411273,
        93.65048653738839,
        93.1272463117327,
        92.64588710239956,
        92.20362200055804,
        91.79694039481026,
        91.42222159249442,
        91.07661982945034,
        90.7579367501395,
        90.46402631487165,
        90.19277627127511,
        89.94205147879464,
        89.7099129813058,
        89.49474007742745,
        89.29509735107422,
        89.10965510777065,
        88.9372089930943,
        88.77676609584263,
        88.62731170654297,
        88.48790413992745,
        88.35766056605748,
        88.23585292271206,
        88.12176731654576,
        88.01478685651507,
        87.91432407924107,
        87.81987653459821,
        87.73098536900112,
        87.64724622453961,
        87.56825038364956,
        87.493650163923,
        87.42315128871373,
        87.35648345947266,
        87.29336111886161,
        87.23354230608258,
        87.1768079485212,
        87.12297821044922,
        87.0718492780413,
        87.02323804582868,
        86.97699846540179,
        86.93299211774554,
        86.8910631452288,
        86.85108729771206,
        86.81295667375836,
        86.77655901227679,
        86.74181365966797,
        86.70862797328404,
        86.67691476004464,
        86.64657592773438,
        86.6175537109375,
        86.58978707449776,
        86.56321171351841,
        86.5377447945731,
        86.5133296421596,
        86.4899183000837,
        86.46747371128627,
        86.44593702043805,
        86.42525591169085,
        86.40538678850446,
        86.38629586356026,
        86.36795697893415,
        86.35032762799945,
        86.33336203438895,
        86.31704820905414,
        86.30134691510882,
        86.28623526436942,
        86.27169036865234,
        86.2576882498605,
        86.24420819963727,
        86.23122079031808,
        86.21870640345982,
        86.20664760044643,
        86.19503348214286,
        86.18383353097099,
        86.17303030831474,
        86.16260746547154,
        86.15255410330636,
        86.14285060337612,
        86.13349369594029,
        86.1244626726423,
        86.1157466343471,
        86.10733032226562,
        86.09920501708984,
        86.09136308942523,
        86.0837871006557,
        86.07647051130023,
        86.06940460205078
    ],