{
    "testproblem": "quadratic_deep",
    "batch_size": 128,
    "num_epochs": 100,
    "random_seed": 42,
    "weight_decay": null,
    "optimizer_name": "PowKernelMomentumOptimizerN",
    "optimizer_hyperparams": {
        "learning_rate": 0.00024079111954644568,
        "power": 0.9
    },
    "training_params": {
        "lr_sched_epochs": null,
        "lr_sched_factors": null
    },
    "train_losses": [
        352.8963623046875,
        257.61861746651783,
        158.30220467703683,
        114.00767081124442,
        105.81713322230748,
        106.40656498500279,
        105.76871054513114,
        104.32039642333984,
        103.32633863176618,
        102.79631914411273,
        102.39717973981585,
        102.00081743512835,
        101.6118392944336,
        101.24127415248326,
        100.88536398751395,
        100.53925541469029,
        100.20160784040179,
        99.87237984793526,
        99.55139705113002,
        99.23833683558873,
        98.93291909354073,
        98.63495526994977,
        98.3442611694336,
        98.06066240583148,
        97.78398132324219,
        97.51403154645648,
        97.25064522879464,
        96.99365234375,
        96.74288068498883,
        96.49817003522601,
        96.25936235700335,
        96.02630506243024,
        95.79885537283761,
        95.57686614990234,
        95.36018698556083,
        95.14869580950055,
        94.94225420270648,
        94.74072810581752,
        94.54398890904018,
        94.35191127232143,
        94.1643818446568,
        93.9812752859933,
        93.80248478480748,
        93.62789154052734,
        93.45738002232143,
        93.29085649762835,
        93.12820325578961,
        92.96932111467633,
        92.81411852155414,
        92.66248975481305,
        92.5143552507673,
        92.36961691720145,
        92.22819301060268,
        92.08999306815011,
        91.95493970598493,
        91.82294573102679,
        91.69393920898438,
        91.56784384591239,
        91.44459206717355,
        91.32409776960101,
        91.206298828125,
        91.09112548828125,
        90.97851017543248,
        90.86839294433594,
        90.76070622035435,
        90.65539114815849,
        90.5523910522461,
        90.45164925711495,
        90.35310908726284,
        90.25670732770648,
        90.16239602225167,
        90.07012285505023,
        89.9798355102539,
        89.89148385184151,
        89.80502210344586,
        89.72040230887276,
        89.63758087158203,
        89.55651092529297,
        89.4771499633789,
        89.39945765904018,
        89.32339150565011,
        89.24891008649554,
        89.1759763445173,
        89.10455213274274,
        89.03460366385323,
        88.96608625139508,
        88.89897809709821,
        88.83323778424945,
        88.76883588518415,
        88.70574079241071,
        88.64391762869698,
        88.58333151681083,
        88.52395738874164,
        88.4657723563058,
        88.4087393624442,
        88.35283551897321,
        88.29803357805524,
        88.24430629185268,
        88.1916264125279,
        88.13996996198382,
        88.08931841169085
    ],
    "valid_losses": [
        353.812752859933,
        258.58084978376115,
        159.31857081821985,
        115.02920205252511,
        106.78796822684151,
        107.30127280099052,
        106.60001155308315,
        105.11987849644252,
        104.12528337751117,
        103.61429595947266,
        103.23890795026507,
        102.86055319649833,
        102.4802485874721,
        102.11075919015067,
        101.75215366908482,
        101.40297045026507,
        101.06372397286552,
        100.73475864955357,
        100.41536712646484,
        100.10445731026786,
        99.80116816929409,
        99.50502668108258,
        99.21582903180804,
        98.93351636614118,
        98.65802328927177,
        98.38926587785993,
        98.12710244315011,
        97.87135859898159,
        97.6218490600586,
        97.37839181082589,
        97.1408222743443,
        96.90898786272321,
        96.68273489815849,
        96.46192823137555,
        96.24642072405133,
        96.03609030587333,
        95.83079310825893,
        95.63039943150112,
        95.43477957589286,
        95.24381147112165,
        95.05737631661552,
        94.87534659249442,
        94.69761548723493,
        94.52406964983258,
        94.35459899902344,
        94.18909563337054,
        94.02745601109096,
        93.8695798601423,
        93.71536690848214,
        93.5647212437221,
        93.41755894252232,
        93.2737808227539,
        93.13330732073102,
        92.9960457938058,
        92.8619144984654,
        92.73083169119698,
        92.60272325788226,
        92.4775139944894,
        92.35513414655414,
        92.23550959995815,
        92.11856188092914,
        92.00422886439732,
        91.89245060511998,
        91.78315189906529,
        91.67627280099052,
        91.57175772530692,
        91.46954890659877,
        91.36958312988281,
        91.27180807931083,
        91.1761714390346,
        91.08261326381138,
        90.99108559744698,
        90.90154048374721,
        90.8139168875558,
        90.72817884172711,
        90.64426749093192,
        90.56214686802456,
        90.48177228655133,
        90.40310232979911,
        90.32608686174665,
        90.25068991524833,
        90.17687334333148,
        90.10459899902344,
        90.03382437569755,
        89.96451568603516,
        89.89663914271763,
        89.83015877859933,
        89.76503426688058,
        89.7012448992048,
        89.63875034877232,
        89.57752009800502,
        89.51752580915179,
        89.45873587472099,
        89.40111759730748,
        89.3446535382952,
        89.28930773053851,
        89.23505292619977,
        89.18187059674945,
        89.12972477504185,
        89.07860238211495,
        89.02847508021763
    ],