{
    "testproblem": "quadratic_deep",
    "batch_size": 128,
    "num_epochs": 100,
    "random_seed": 42,
    "weight_decay": null,
    "optimizer_name": "PowKernelMomentumOptimizerN",
    "optimizer_hyperparams": {
        "learning_rate": 0.0005357280069601829,
        "power": 0.7000000000000001
    },
    "training_params": {
        "lr_sched_epochs": null,
        "lr_sched_factors": null
    },
    "train_losses": [
        352.8963623046875,
        240.30938066755022,
        135.67518615722656,
        106.14576067243304,
        108.21795545305524,
        106.51972416469029,
        103.36844417027065,
        102.22164263044085,
        101.46073913574219,
        100.60137612479073,
        99.84020124162946,
        99.13525935581752,
        98.46250915527344,
        97.82552882603237,
        97.22074454171317,
        96.6471187046596,
        96.1038840157645,
        95.5894045148577,
        95.10210854666573,
        94.64054761614118,
        94.20335061209542,
        93.78917367117745,
        93.3968505859375,
        93.0250996180943,
        92.67277526855469,
        92.33874838692802,
        92.02195739746094,
        91.72143881661552,
        91.43625204903739,
        91.16556113106864,
        90.90852682931083,
        90.66436549595424,
        90.43238176618304,
        90.21195547921317,
        90.00243268694196,
        89.80318450927734,
        89.61366380964007,
        89.43334197998047,
        89.26172637939453,
        89.09832763671875,
        88.94269234793526,
        88.7943856375558,
        88.65297589983258,
        88.51808166503906,
        88.38934762137276,
        88.2664555140904,
        88.14911760602679,
        88.0370374407087,
        87.92993600027901,
        87.82754189627511,
        87.72960444859096,
        87.63590131487165,
        87.54619816371373,
        87.46028900146484,
        87.37799181256976,
        87.29909406389508,
        87.2234137398856,
        87.1507819039481,
        87.0810307094029,
        87.01401083809989,
        86.9495849609375,
        86.8876211983817,
        86.82800183977399,
        86.77060808454242,
        86.71534293038505,
        86.66210174560547,
        86.6107918875558,
        86.56133161272321,
        86.51362827845982,
        86.46760995047433,
        86.4231948852539,
        86.38031659807477,
        86.3389162336077,
        86.29892185756138,
        86.26028115408761,
        86.2229243687221,
        86.18680354527065,
        86.15186636788505,
        86.11806924002511,
        86.08536965506417,
        86.05372183663505,
        86.02307455880302,
        85.99338640485492,
        85.96461813790458,
        85.93672725132534,
        85.90967995779855,
        85.88345227922711,
        85.85799843924386,
        85.8333009992327,
        85.809326171875,
        85.78605106898716,
        85.76344735281808,
        85.74148886544364,
        85.72015489850726,
        85.69942365373883,
        85.67927660260882,
        85.65968758719308,
        85.6406478881836,
        85.62213025774274,
        85.6041281563895,
        85.58661651611328
    ],
    "valid_losses": [
        353.812752859933,
        241.3147931780134,
        136.7719464983259,
        107.19973536900112,
        109.1099352155413,
        107.28713880266461,
        104.1164082118443,
        103.03392464773995,
        102.34187752859933,
        101.50381687709263,
        100.72687421526227,
        100.00234004429409,
        99.32502964564732,
        98.69676971435547,
        98.1028082711356,
        97.53522491455078,
        96.9938496180943,
        96.48040553501674,
        95.99538966587612,
        95.53720964704242,
        95.10342516217914,
        94.6921855381557,
        94.30238342285156,
        93.93307059151786,
        93.58323233468192,
        93.25168936593192,
        92.93726893833706,
        92.63900102887835,
        92.35598972865513,
        92.08741106305804,
        91.8324475969587,
        91.59031023297992,
        91.3602763584682,
        91.14168657575335,
        90.93394361223493,
        90.73645891462054,
        90.54866681780133,
        90.37003435407367,
        90.20008305140904,
        90.03833116803851,
        89.88433510916573,
        89.73760877336774,
        89.5977042061942,
        89.46423448835101,
        89.33685956682477,
        89.2152840750558,
        89.09925406319755,
        88.98847416469029,
        88.88262721470424,
        88.7814440046038,
        88.68467712402344,
        88.59210532052177,
        88.50348336356026,
        88.41860852922711,
        88.33730752127511,
        88.2593743460519,
        88.18461499895368,
        88.1128659929548,
        88.04398018973214,
        87.97781154087612,
        87.91421290806362,
        87.8530502319336,
        87.79420907156808,
        87.73756735665458,
        87.6830302647182,
        87.63048880440849,
        87.57986450195312,
        87.53107016427177,
        87.48399353027344,
        87.43858337402344,
        87.39476231166294,
        87.3524649483817,
        87.3116226196289,
        87.27217864990234,
        87.2340578351702,
        87.19720241001674,
        87.16156114850726,
        87.12708500453404,
        87.09373474121094,
        87.06146131243024,
        87.03022112165179,
        86.99998147147042,
        86.97070748465401,
        86.94233921595982,
        86.9148417881557,
        86.88817814418248,
        86.86231449672154,
        86.83722577776227,
        86.81288364955357,
        86.7892597743443,
        86.76632254464286,
        86.74404798235211,
        86.722409929548,
        86.70137895856585,
        86.68094744001117,
        86.66108812604632,
        86.64178466796875,
        86.62300872802734,
        86.60475049700055,
        86.58700234549386,
        86.5697490147182
    ],