{
    "testproblem": "quadratic_deep",
    "batch_size": 128,
    "num_epochs": 100,
    "random_seed": 42,
    "weight_decay": null,
    "optimizer_name": "PowKernelMomentumOptimizer",
    "optimizer_hyperparams": {
        "learning_rate": 0.006338653441536255,
        "power": 0.5
    },
    "training_params": {
        "lr_sched_epochs": null,
        "lr_sched_factors": null
    },
    "train_losses": [
        352.8963535853795,
        118.03921726771763,
        121.51230294363839,
        114.63791220528739,
        101.30643899100167,
        94.82233210972377,
        91.2837894984654,
        89.05598885672433,
        87.59607042585101,
        86.78087288992745,
        86.27406638009208,
        85.94709886823382,
        85.74368395124164,
        85.53311920166016,
        85.43284824916294,
        85.34601593017578,
        85.29141235351562,
        85.26911272321429,
        85.24270629882812,
        85.23638589041573,
        85.23122950962612,
        85.22977447509766,
        85.23282187325614,
        85.23625728062221,
        85.24152592250279,
        85.24796949114118,
        85.2545907156808,
        85.26219504220145,
        85.269529070173,
        85.2775388445173,
        85.28528159005302,
        85.29310716901507,
        85.30086190359933,
        85.3085185459682,
        85.31600952148438,
        85.32339259556362,
        85.33057839529855,
        85.3376235961914,
        85.34447588239398,
        85.35117013113839,
        85.3576899937221,
        85.36404745919364,
        85.37024034772601,
        85.37628827776227,
        85.38216291155133,
        85.38788168770927,
        85.39345332554409,
        85.3989508492606,
        85.40429251534599,
        85.40958404541016,
        85.41467612130302,
        85.41948808942523,
        85.42407117571149,
        85.42889404296875,
        85.43388257707868,
        85.43885040283203,
        85.44332231794085,
        85.44745853969029,
        85.4517070225307,
        85.45610700334821,
        85.46067374093192,
        85.46488843645368,
        85.46873910086495,
        85.4723369053432,
        85.47637612479073,
        85.48071616036552,
        85.48463221958706,
        85.48831721714565,
        85.49164145333427,
        85.4953373500279,
        85.4993177141462,
        85.50314767020089,
        85.50666809082031,
        85.50981903076172,
        85.51290348597935,
        85.5163345336914,
        85.52009691510882,
        85.52348327636719,
        85.52662440708706,
        85.52947671072823,
        85.53240966796875,
        85.5357666015625,
        85.53926740373883,
        85.54238455636161,
        85.5451910836356,
        85.54779270717076,
        85.55049351283482,
        85.55364881243024,
        85.55692182268415,
        85.55982644217355,
        85.56239645821708,
        85.56479208809989,
        85.56725311279297,
        85.5701904296875,
        85.57327597481864,
        85.57598331996373,
        85.57838221958706,
        85.58059692382812,
        85.58282797677177,
        85.58556692940849,
        85.58847154889789
    ],
    "valid_losses": [
        353.81274850027904,
        119.28539058140346,
        121.80133928571429,
        115.97675432477679,
        101.90997532435826,
        95.9566410609654,
        92.01052747453961,
        90.18249947684151,
        88.4362062726702,
        87.84220777239118,
        87.26998465401786,
        86.9352275303432,
        86.79813711983817,
        86.53288051060268,
        86.45750318254743,
        86.3730228969029,
        86.30351039341518,
        86.29416002546039,
        86.25873565673828,
        86.25674656459263,
        86.24915095738002,
        86.24825504847935,
        86.25084795270648,
        86.25356074741909,
        86.25933728899274,
        86.26554325648716,
        86.27220916748047,
        86.2801982334682,
        86.28757585797992,
        86.29578290666852,
        86.30383191789899,
        86.31173379080636,
        86.3197762625558,
        86.3275865827288,
        86.33532169886998,
        86.34287697928292,
        86.35030364990234,
        86.35752868652344,
        86.36459459577289,
        86.37147194998605,
        86.37818799700055,
        86.38473074776786,
        86.39111437116351,
        86.39732796805245,
        86.40334102085659,
        86.40922328404018,
        86.4150139944894,
        86.42077527727399,
        86.4262193952288,
        86.43148585728237,
        86.43660954066685,
        86.4416983468192,
        86.44659314836774,
        86.45165470668248,
        86.45660182407924,
        86.46135711669922,
        86.46603175571987,
        86.47046334402901,
        86.47500283377511,
        86.47937992640904,
        86.48373631068638,
        86.48808179582868,
        86.49218858991351,
        86.49600873674665,
        86.50008719308036,
        86.50434221540179,
        86.50809805733817,
        86.51209259033203,
        86.51559012276786,
        86.51941244942802,
        86.52337537493024,
        86.52694484165737,
        86.53062002999442,
        86.5340826851981,
        86.53720528738839,
        86.54073987688336,
        86.54438236781529,
        86.54754856654576,
        86.55094364711216,
        86.55403682163784,
        86.55697086879185,
        86.56040736607143,
        86.56373378208706,
        86.5666972569057,
        86.56979697091239,
        86.57256644112724,
        86.57528904506138,
        86.57850211007255,
        86.58157348632812,
        86.58433641706195,
        86.58720179966518,
        86.58974892752511,
        86.59221540178571,
        86.59522574288505,
        86.59812382289341,
        86.6006360735212,
        86.6033205304827,
        86.60570526123047,
        86.60791342599052,
        86.61075701032367,
        86.61348724365234
    ],