{
    "testproblem": "mnist_vae",
    "batch_size": 64,
    "num_epochs": 50,
    "random_seed": 42,
    "weight_decay": null,
    "optimizer_name": "PowKernelGradientDescentOptimizer",
    "optimizer_hyperparams": {
        "learning_rate": 0.43379206974909357,
        "power": 0.7000000000000001
    },
    "training_params": {
        "lr_sched_epochs": null,
        "lr_sched_factors": null
    },
    "train_losses": [
        181.37576049413437,
        181.37576049413437,
        181.37576049413437,
        181.37576049413437,
        181.37576049413437,
        181.37576049413437,
        181.37576049413437,
        181.37576049413437,
        181.37576049413437,
        181.37576049413437,
        181.37576049413437,
        181.37576049413437,
        181.37576049413437,
        181.37576049413437,
        181.37576049413437,
        181.37576049413437,
        181.37576049413437,
        181.37576049413437,
        181.37576049413437,
        181.37576049413437,
        181.37576049413437,
        181.37576049413437,
        181.37576049413437,
        181.37576049413437,
        181.37576049413437,
        181.37576049413437,
        181.37576049413437,
        181.37576049413437,
        181.37576049413437,
        181.37576049413437,
        181.37576049413437,
        181.37576049413437,
        181.37576049413437,
        181.37576049413437,
        181.37576049413437,
        181.37576049413437,
        181.37576049413437,
        181.37576049413437,
        181.37576049413437,
        181.37576049413437,
        181.37576049413437,
        181.37576049413437,
        181.37576049413437,
        181.37576049413437,
        181.37576049413437,
        181.37576049413437,
        181.37576049413437,
        181.37576049413437,
        181.37576049413437,
        181.37576049413437,
        181.37576049413437
    ],
    "valid_losses": [
        181.31722220396384,
        181.31722220396384,
        181.31722220396384,
        181.31722220396384,
        181.31722220396384,
        181.31722220396384,
        181.31722220396384,
        181.31722220396384,
        181.31722220396384,
        181.31722220396384,
        181.31722220396384,
        181.31722220396384,
        181.31722220396384,
        181.31722220396384,
        181.31722220396384,
        181.31722220396384,
        181.31722220396384,
        181.31722220396384,
        181.31722220396384,
        181.31722220396384,
        181.31722220396384,
        181.31722220396384,
        181.31722220396384,
        181.31722220396384,
        181.31722220396384,
        181.31722220396384,
        181.31722220396384,
        181.31722220396384,
        181.31722220396384,
        181.31722220396384,
        181.31722220396384,
        181.31722220396384,
        181.31722220396384,
        181.31722220396384,
        181.31722220396384,
        181.31722220396384,
        181.31722220396384,
        181.31722220396384,
        181.31722220396384,
        181.31722220396384,
        181.31722220396384,
        181.31722220396384,
        181.31722220396384,
        181.31722220396384,
        181.31722220396384,
        181.31722220396384,
        181.31722220396384,
        181.31722220396384,
        181.31722220396384,
        181.31722220396384,
        181.31722220396384
    ],
    "test_losses": [
        181.37621229122846,
        181.37621229122846,
        181.37621229122846,
        181.37621229122846,
        181.37621229122846,
        181.37621229122846,
        181.37621229122846,
        181.37621229122846,
        181.37621229122846,
        181.37621229122846,
        181.37621229122846,
        181.37621229122846,
        181.37621229122846,
        181.37621229122846,
        181.37621229122846,
        181.37621229122846,
        181.37621229122846,
        181.37621229122846,
        181.37621229122846,
        181.37621229122846,
        181.37621229122846,
        181.37621229122846,
        181.37621229122846,
        181.37621229122846,
        181.37621229122846,
        181.37621229122846,
        181.37621229122846,
        181.37621229122846,
        181.37621229122846,
        181.37621229122846,
        181.37621229122846,
        181.37621229122846,
        181.37621229122846,
        181.37621229122846,
        181.37621229122846,
        181.37621229122846,
        181.37621229122846,
        181.37621229122846,
        181.37621229122846,
        181.37621229122846,
        181.37621229122846,
        181.37621229122846,
        181.37621229122846,
        181.37621229122846,
        181.37621229122846,
        181.37621229122846,
        181.37621229122846,
        181.37621229122846,
        181.37621229122846,
        181.37621229122846,
        181.37621229122846
    ],