{
    "testproblem": "quadratic_deep",
    "batch_size": 128,
    "num_epochs": 100,
    "random_seed": 42,
    "weight_decay": null,
    "optimizer_name": "PowKernelGradientDescentOptimizer",
    "optimizer_hyperparams": {
        "learning_rate": 0.0005357280069601829,
        "power": 0.7000000000000001
    },
    "training_params": {
        "lr_sched_epochs": null,
        "lr_sched_factors": null
    },
    "train_losses": [
        352.8963535853795,
        320.3606523786272,
        291.59178379603793,
        266.21516854422435,
        243.88678850446428,
        224.29131426130022,
        207.14022391183036,
        192.17003740583147,
        179.14057268415178,
        167.83368137904577,
        158.0518515450614,
        149.61605181012834,
        142.36470903669084,
        136.1520734514509,
        130.84758649553572,
        126.3345718383789,
        122.5087400163923,
        119.27744947160993,
        116.55801500592914,
        114.27786036900112,
        112.37328120640346,
        110.78793116978237,
        109.47212873186383,
        108.38296290806362,
        107.48350633893695,
        106.74240112304688,
        106.13272094726562,
        105.63048226492745,
        105.21491350446429,
        104.86866324288505,
        104.5780530657087,
        104.33174351283482,
        104.12035696847099,
        103.93660954066685,
        103.77444458007812,
        103.62918962751117,
        103.4972414289202,
        103.37557765415737,
        103.26182774135044,
        103.15430995396206,
        103.05168042864118,
        102.95289829799107,
        102.85715811593192,
        102.7638658796038,
        102.6725834437779,
        102.58295004708427,
        102.49468122209821,
        102.40755244663784,
        102.32137625558036,
        102.23604147774833,
        102.15145111083984,
        102.0675517490932,
        101.98426927839007,
        101.9015611921038,
        101.81939588274274,
        101.73773629324776,
        101.65656498500279,
        101.57585906982422,
        101.49560982840401,
        101.41580309186664,
        101.33643450055804,
        101.2574953351702,
        101.17898232596261,
        101.10088130405971,
        101.02320098876953,
        100.94592939104352,
        100.86906324114118,
        100.79259708949498,
        100.71653529575893,
        100.64087023053851,
        100.56560407366071,
        100.49073028564453,
        100.41624995640346,
        100.34215763636998,
        100.26845223563058,
        100.19513266427177,
        100.12219565255302,
        100.04964011056083,
        99.97746058872768,
        99.90566035679409,
        99.83423614501953,
        99.76318468366351,
        99.69250597272601,
        99.62219347272601,
        99.55225154331752,
        99.48268345424107,
        99.41347394670758,
        99.34463282993862,
        99.27615138462612,
        99.20802307128906,
        99.14026314871651,
        99.0728530883789,
        99.00580160958427,
        98.93909454345703,
        98.87274278913226,
        98.80674416678292,
        98.7410866873605,
        98.67578016008649,
        98.61081259591239,
        98.5461905343192,
        98.4819085257394
    ],
    "valid_losses": [
        353.81274850027904,
        321.30372837611606,
        292.5579572405134,
        267.20108904157365,
        244.88929748535156,
        225.30740356445312,
        208.16694859095983,
        193.20453098842077,
        180.18023463657923,
        168.87623814174108,
        159.09513636997767,
        150.6581028529576,
        143.40364728655135,
        137.18633597237724,
        131.8758806501116,
        127.35587528773716,
        123.52227456229073,
        120.28265162876674,
        117.55446079799107,
        115.26523045131138,
        113.3514164515904,
        111.75677926199776,
        110.43185097830636,
        109.333740234375,
        108.42561994280133,
        107.67621721540179,
        107.05880519321987,
        106.54931095668248,
        106.12701960972377,
        105.77447182791573,
        105.47799682617188,
        105.22634778703961,
        105.01013837541852,
        104.82204110281808,
        104.65600258963448,
        104.50730569022042,
        104.37235586983817,
        104.24804142543248,
        104.13196563720703,
        104.02244240897042,
        103.91809191022601,
        103.81784275599888,
        103.72087097167969,
        103.62655203683036,
        103.53442273821149,
        103.44412231445312,
        103.3553444998605,
        103.26782553536552,
        103.18136814662388,
        103.09583064488002,
        103.01111493791852,
        102.92714364188058,
        102.8438491821289,
        102.7611803327288,
        102.67910548618862,
        102.59757341657367,
        102.51656995500836,
        102.4360602242606,
        102.35603441510882,
        102.27647726876395,
        102.19737897600446,
        102.1187264578683,
        102.0405033656529,
        101.96271405901227,
        101.8853530883789,
        101.80840410505023,
        101.73187473842076,
        101.65574645996094,
        101.58002362932477,
        101.50469970703125,
        101.42977469308036,
        101.35524640764508,
        101.28111049107143,
        101.20736476353237,
        101.1340092250279,
        101.06104060581752,
        100.9884501865932,
        100.91624232700893,
        100.84441266741071,
        100.77296229771206,
        100.7018814086914,
        100.6311776297433,
        100.56084769112724,
        100.49087742396763,
        100.42128099714007,
        100.35205187116351,
        100.2831780569894,
        100.21466936383929,
        100.14652688162667,
        100.07873862130302,
        100.01130785260882,
        99.94423348563058,
        99.87751225062779,
        99.81114196777344,
        99.74511827741351,
        99.679443359375,
        99.61411830357143,
        99.54913330078125,
        99.48449162074498,
        99.42019435337612,
        99.35623277936664
    ],