{
    "testproblem": "quadratic_deep",
    "batch_size": 128,
    "num_epochs": 100,
    "random_seed": 42,
    "weight_decay": null,
    "optimizer_name": "PowKernelMomentumOptimizer",
    "optimizer_hyperparams": {
        "learning_rate": 0.001492631830920936,
        "power": 0.6000000000000001
    },
    "training_params": {
        "lr_sched_epochs": null,
        "lr_sched_factors": null
    },
    "train_losses": [
        352.8963535853795,
        182.0640411376953,
        109.67232077462333,
        124.37468828473773,
        104.6240986415318,
        103.96287427629743,
        100.19288308279855,
        98.51368059430804,
        96.70213208879743,
        95.30087171282086,
        94.01204681396484,
        92.91733986990792,
        91.96367427280971,
        91.1297629220145,
        90.41799708775112,
        89.80477578299386,
        89.27926635742188,
        88.82216426304409,
        88.42787170410156,
        88.08618273053851,
        87.7877219063895,
        87.52597481863839,
        87.295896257673,
        87.09242030552456,
        86.91162654331752,
        86.75037819998605,
        86.60594722202846,
        86.4760022844587,
        86.35863167898995,
        86.25231497628349,
        86.15574972970145,
        86.06782967703683,
        85.9876240321568,
        85.91433933803013,
        85.84731728690011,
        85.78587341308594,
        85.72938210623605,
        85.67734091622489,
        85.6293215070452,
        85.58493041992188,
        85.5438701084682,
        85.50584302629743,
        85.47055162702289,
        85.43775939941406,
        85.40726361955915,
        85.37888881138393,
        85.35245077950614,
        85.3278056553432,
        85.3048117501395,
        85.28334372384208,
        85.26328822544643,
        85.24455043247768,
        85.22704533168248,
        85.21069226946149,
        85.19542367117745,
        85.18115234375,
        85.16781180245536,
        85.15533229282924,
        85.14365059988839,
        85.13272966657367,
        85.12250082833427,
        85.11292920793805,
        85.10395812988281,
        85.09554399762835,
        85.08766283307757,
        85.08027103969029,
        85.07334245954242,
        85.06684330531529,
        85.06075068882534,
        85.05503300258091,
        85.04966844831195,
        85.04464067731585,
        85.0399169921875,
        85.03549194335938,
        85.03134373256138,
        85.02745383126395,
        85.02381243024554,
        85.02039991106305,
        85.01719992501395,
        85.0142070225307,
        85.0114015851702,
        85.00877816336495,
        85.00632149832589,
        85.00402505057198,
        85.0018790108817,
        84.99987139020648,
        84.9980000087193,
        84.99625396728516,
        84.99462890625,
        84.9931139264788,
        84.99170793805804,
        84.99039677211216,
        84.98918696812221,
        84.9880599975586,
        84.98702022007534,
        84.98605782645089,
        84.98517390659877,
        84.98436083112445,
        84.98361315046039,
        84.98292759486607,
        84.98230743408203
    ],
    "valid_losses": [
        353.81274850027904,
        183.15777805873327,
        110.7870853969029,
        125.09388514927456,
        105.1725594656808,
        104.85369655064174,
        101.25378090994698,
        99.34137071881976,
        97.47470964704242,
        96.2395488194057,
        94.94611576625279,
        93.78209250313895,
        92.86903490339007,
        92.06729779924665,
        91.33656093052456,
        90.73003714425224,
        90.22129385811942,
        89.76249367850167,
        89.37198965890067,
        89.0393545968192,
        88.74222564697266,
        88.48300388881138,
        88.25840977260044,
        88.05749947684151,
        87.87826429094586,
        87.71996198381696,
        87.57804652622768,
        87.44972446986607,
        87.33415222167969,
        87.22958374023438,
        87.13436998639789,
        87.0477534702846,
        86.96880994524274,
        86.89653996058873,
        86.83038875034877,
        86.76987675258091,
        86.71415274483817,
        86.6628178187779,
        86.61543600899833,
        86.57152448381696,
        86.53092411586216,
        86.49339839390346,
        86.45859854561942,
        86.42625100272042,
        86.3961911882673,
        86.36820438929966,
        86.34210096086774,
        86.31776428222656,
        86.29505484444755,
        86.27384730747768,
        86.25403812953404,
        86.23555319649833,
        86.21827697753906,
        86.20214952741351,
        86.18709673200335,
        86.17303466796875,
        86.15989140101841,
        86.1476058959961,
        86.13610294886998,
        86.1253411429269,
        86.11526925223214,
        86.10586220877511,
        86.09703499930245,
        86.08871023995536,
        86.08091081891742,
        86.07360512869698,
        86.0667495727539,
        86.06031145368304,
        86.05426461356026,
        86.04859270368304,
        86.04326411655971,
        86.03827231270927,
        86.03359004429409,
        86.02919006347656,
        86.02506583077567,
        86.02119881766183,
        86.01756504603794,
        86.01415906633649,
        86.01095581054688,
        86.00794328962054,
        86.00514657156808,
        86.00250898088727,
        86.00003596714565,
        85.99772099086216,
        85.9955575125558,
        85.99353354317802,
        85.99163164411273,
        85.98986162458148,
        85.9882093157087,
        85.98667362758091,
        85.98524148123605,
        85.9839096069336,
        85.98267800467355,
        85.98152814592633,
        85.98046766008649,
        85.97948673793248,
        85.97857992989677,
        85.97774069649833,
        85.97697230747768,
        85.97626713344029,
        85.97562190464565
    ],