{
    "testproblem": "quadratic_deep",
    "batch_size": 128,
    "num_epochs": 100,
    "random_seed": 42,
    "weight_decay": null,
    "optimizer_name": "PowKernelMomentumOptimizerN",
    "optimizer_hyperparams": {
        "learning_rate": 0.2752717392942939,
        "power": 0.8
    },
    "training_params": {
        "lr_sched_epochs": null,
        "lr_sched_factors": null
    },
    "train_losses": [
        352.8963623046875,
        5149107419.428572,
        9063130697.142857,
        9406554258.285715,
        9765387410.285715,
        9846322029.714285,
        9856223524.571428,
        9858074477.714285,
        9858024594.285715,
        9858293467.428572,
        9858058386.285715,
        9858296978.285715,
        9858056923.428572,
        9858298587.428572,
        9858055460.571428,
        9858298002.285715,
        9858062189.714285,
        9858298294.857143,
        9858060580.571428,
        9858293028.571428,
        9858054582.857143,
        9858289078.857143,
        9858055314.285715,
        9858289371.428572,
        9858055460.571428,
        9858286299.428572,
        9858054582.857143,
        9858287323.428572,
        9858057508.571428,
        9858288932.571428,
        9858056923.428572,
        9858290395.428572,
        9858055168.0,
        9858291273.142857,
        9858055606.857143,
        9858291273.142857,
        9858056192.0,
        9858291126.857143,
        9858056192.0,
        9858292589.714285,
        9858053558.857143,
        9858290980.571428,
        9858058093.714285,
        9858291273.142857,
        9858055606.857143,
        9858291273.142857,
        9858055899.428572,
        9858292297.142857,
        9858057069.714285,
        9858291565.714285,
        9858057069.714285,
        9858291273.142857,
        9858058093.714285,
        9858292443.428572,
        9858058240.0,
        9858292736.0,
        9858058678.857143,
        9858290395.428572,
        9858055460.571428,
        9858292443.428572,
        9858056192.0,
        9858293174.857143,
        9858056923.428572,
        9858291712.0,
        9858056777.142857,
        9858291565.714285,
        9858058532.571428,
        9858292443.428572,
        9858061019.428572,
        9858292882.285715,
        9858056777.142857,
        9858292882.285715,
        9858056338.285715,
        9858292736.0,
        9858062043.428572,
        9858292150.857143,
        9858056192.0,
        9858291712.0,
        9858058825.142857,
        9858292443.428572,
        9858056923.428572,
        9858290395.428572,
        9858054436.571428,
        9858294345.142857,
        9858058678.857143,
        9858292736.0,
        9858059702.857143,
        9858292297.142857,
        9858057069.714285,
        9858292589.714285,
        9858056484.571428,
        9858291712.0,
        9858058386.285715,
        9858295369.142857,
        9858058678.857143,
        9858292443.428572,
        9858056045.714285,
        9858293613.714285,
        9858058532.571428,
        9858293028.571428,
        9858055460.571428
    ],
    "valid_losses": [
        353.812752859933,
        5149119488.0,
        9063109485.714285,
        9406576493.714285,
        9765364150.857143,
        9846345874.285715,
        9856199533.714285,
        9858098907.428572,
        9858000603.428572,
        9858318043.428572,
        9858034249.142857,
        9858321115.428572,
        9858033078.857143,
        9858322432.0,
        9858031323.428572,
        9858322285.714285,
        9858038052.571428,
        9858322285.714285,
        9858036297.142857,
        9858316873.142857,
        9858030884.571428,
        9858313362.285715,
        9858031177.142857,
        9858313654.857143,
        9858031177.142857,
        9858310144.0,
        9858031030.857143,
        9858311460.571428,
        9858033517.714285,
        9858312923.428572,
        9858032786.285715,
        9858314240.0,
        9858031030.857143,
        9858315117.714285,
        9858031762.285715,
        9858314971.428572,
        9858031762.285715,
        9858314971.428572,
        9858031616.0,
        9858316434.285715,
        9858029568.0,
        9858314825.142857,
        9858033810.285715,
        9858315117.714285,
        9858031616.0,
        9858315264.0,
        9858031762.285715,
        9858316141.714285,
        9858033225.142857,
        9858315849.142857,
        9858032932.571428,
        9858315264.0,
        9858033371.428572,
        9858316434.285715,
        9858033956.571428,
        9858316726.857143,
        9858034980.571428,
        9858314386.285715,
        9858031323.428572,
        9858316726.857143,
        9858031762.285715,
        9858317019.428572,
        9858032640.0,
        9858315995.428572,
        9858032786.285715,
        9858315264.0,
        9858034541.714285,
        9858316580.571428,
        9858036736.0,
        9858316726.857143,
        9858032786.285715,
        9858317165.714285,
        9858032054.857143,
        9858316580.571428,
        9858037906.285715,
        9858316434.285715,
        9858031908.571428,
        9858315702.857143,
        9858035126.857143,
        9858316434.285715,
        9858032932.571428,
        9858314532.571428,
        9858030445.714285,
        9858318336.0,
        9858034834.285715,
        9858316580.571428,
        9858035712.0,
        9858316580.571428,
        9858033078.857143,
        9858316726.857143,
        9858032201.142857,
        9858315995.428572,
        9858034249.142857,
        9858319067.428572,
        9858034834.285715,
        9858316288.0,
        9858031762.285715,
        9858317897.142857,
        9858034395.428572,
        9858317165.714285,
        9858031323.428572
    ],