{
    "testproblem": "quadratic_deep",
    "batch_size": 128,
    "num_epochs": 100,
    "random_seed": 42,
    "weight_decay": null,
    "optimizer_name": "PowKernelMomentumOptimizer",
    "optimizer_hyperparams": {
        "learning_rate": 0.12273800987852958,
        "power": 0.7000000000000001
    },
    "training_params": {
        "lr_sched_epochs": null,
        "lr_sched_factors": null
    },
    "train_losses": [
        352.8963535853795,
        481.2444283621652,
        479.0377764020647,
        227.3836909702846,
        131.55447387695312,
        187.54810224260603,
        159.43487766810827,
        114.66464560372489,
        115.09187970842633,
        135.26307242257255,
        139.13626316615515,
        110.20668683733258,
        139.91312517438615,
        129.33137948172433,
        114.85589490618024,
        140.49164036342077,
        130.96973855154855,
        129.83741215297155,
        136.14612906319755,
        117.27349635532924,
        128.4880643572126,
        126.46688188825335,
        125.4530029296875,
        121.7503171648298,
        126.56697409493583,
        128.96197618756975,
        131.05022321428572,
        123.95203399658203,
        131.32254791259766,
        123.03153119768415,
        127.6147962297712,
        120.3393794468471,
        126.89693450927734,
        125.48417554582868,
        126.51033564976284,
        125.18844059535435,
        129.50990622384208,
        125.60046822684151,
        127.96958814348493,
        125.2412588936942,
        127.53246525355748,
        126.71121869768415,
        130.22285897391183,
        124.15492139543805,
        129.26428549630302,
        121.29172733851841,
        126.70129830496651,
        124.64075578962054,
        126.14713614327567,
        125.9037094116211,
        130.7917022705078,
        125.39643096923828,
        127.58036804199219,
        126.53507014683315,
        126.87572806222099,
        126.9792981828962,
        132.59379250662667,
        123.16184779575893,
        128.6044180733817,
        122.12957654680524,
        126.33034079415458,
        124.45255170549665,
        126.14966583251953,
        126.81913648332868,
        130.86420004708427,
        125.31519317626953,
        128.12745993477958,
        124.27713230678013,
        127.19232286725726,
        127.46316201346261,
        128.21381487165178,
        126.25606209891183,
        131.51070404052734,
        122.6868395124163,
        128.23034123012,
        120.49966212681362,
        126.17159598214286,
        126.93578992571149,
        126.09906441824776,
        125.96476091657367,
        130.91221618652344,
        125.38091278076172,
        128.1919185093471,
        124.74359784807477,
        126.56853485107422,
        127.45288848876953,
        129.0048119681222,
        126.06638990129743,
        130.98422350202287,
        122.39519718715123,
        128.29644557407923,
        121.64400046212333,
        125.66120365687779,
        127.6451655796596,
        127.17239052908761,
        125.57897186279297,
        130.86954171316964,
        124.43492562430245,
        128.13736833844865,
        124.6193596976144,
        125.58070918491909
    ],
    "valid_losses": [
        353.81274850027904,
        486.89385986328125,
        485.66538783482144,
        231.35634286063058,
        133.24967738560267,
        186.91704668317522,
        160.4069584437779,
        114.93077850341797,
        115.97182900565011,
        136.4811510358538,
        141.25044686453683,
        110.21994127546039,
        141.81609889439173,
        130.68011038643974,
        116.33213915143695,
        141.85555376325334,
        132.87281036376953,
        130.87300654820032,
        138.1430925641741,
        117.94764709472656,
        130.34842136928015,
        127.70224108014789,
        126.89710235595703,
        122.69244384765625,
        127.91989571707589,
        130.3839329310826,
        132.41282653808594,
        125.16239057268415,
        132.87574550083704,
        124.15399714878627,
        129.33824811662947,
        121.15813664027623,
        128.68670872279577,
        126.62789045061383,
        128.1365487234933,
        126.14883095877511,
        131.19889613560267,
        126.58342633928571,
        129.70504324776786,
        126.24817875453404,
        129.06891741071428,
        127.91321236746651,
        131.6883305140904,
        125.24144526890346,
        131.01241629464286,
        122.1238261631557,
        128.47104426792689,
        125.8178471156529,
        127.65361676897321,
        126.92371913364956,
        132.50780378069197,
        126.35117885044643,
        129.37408120291573,
        127.5967036655971,
        128.3321816580636,
        128.24001094273157,
        134.05762808663505,
        124.19491795131138,
        130.45600019182478,
        122.96760777064732,
        128.1034872872489,
        125.65071214948382,
        127.61365291050502,
        127.86423710414341,
        132.54170445033483,
        126.28092738560268,
        129.94398607526506,
        125.20721326555524,
        128.89019121442522,
        128.6471949986049,
        129.60976082938058,
        127.40856606619698,
        133.1430609566825,
        123.68374960763114,
        130.01244136265345,
        121.31858498709542,
        127.97009604317802,
        128.1833267211914,
        127.53079005650112,
        126.95503452845982,
        132.6157008579799,
        126.39136505126953,
        130.00087411063058,
        125.65855952671596,
        128.20950644356864,
        128.6930672781808,
        130.40374646868025,
        127.18928745814732,
        132.62884412493025,
        123.37737383161273,
        130.09000505719865,
        122.52498190743583,
        127.40642547607422,
        128.89710235595703,
        128.58910369873047,
        126.55973815917969,
        132.62519182477678,
        125.39921460832868,
        129.97008732387,
        125.56837899344308,
        127.2356937953404
    ],