{
    "testproblem": "quadratic_deep",
    "batch_size": 128,
    "num_epochs": 100,
    "random_seed": 42,
    "weight_decay": null,
    "optimizer_name": "PowKernelMomentumOptimizer",
    "optimizer_hyperparams": {
        "learning_rate": 0.005762487216478597,
        "power": 0.7000000000000001
    },
    "training_params": {
        "lr_sched_epochs": null,
        "lr_sched_factors": null
    },
    "train_losses": [
        352.8963535853795,
        172.41637093680245,
        112.87993621826172,
        102.8605237688337,
        97.58880397251674,
        93.09378051757812,
        90.13947405133929,
        88.44869123186383,
        87.42344774518695,
        86.78226688929966,
        86.2929447719029,
        85.91253553118024,
        85.6602805001395,
        85.47354670933315,
        85.34338814871651,
        85.24891880580357,
        85.1700188773019,
        85.12021963936942,
        85.07562691824776,
        85.04434422084263,
        85.0209492274693,
        85.00015367780414,
        84.98673466273716,
        84.9741930280413,
        84.96520342145648,
        84.95791734967914,
        84.95190974644252,
        84.94740622384208,
        84.94363730294364,
        84.94070107596261,
        84.93836539132255,
        84.9364765712193,
        84.93500409807477,
        84.93383353097099,
        84.9329365321568,
        84.93224661690849,
        84.93174416678292,
        84.93137795584542,
        84.93114907400948,
        84.93100956508091,
        84.93096814836774,
        84.93099975585938,
        84.93109457833427,
        84.93124171665737,
        84.93143245152065,
        84.93166787283761,
        84.9319349016462,
        84.9322280883789,
        84.9325441632952,
        84.93288857596261,
        84.9332504272461,
        84.93363734654018,
        84.93404061453683,
        84.93445914132255,
        84.93489619663784,
        84.93534524100167,
        84.93580954415458,
        84.936281476702,
        84.93676321847099,
        84.937255859375,
        84.93775285993304,
        84.93826184953961,
        84.93877192905971,
        84.93929072788784,
        84.93981170654297,
        84.94033922467914,
        84.9408700125558,
        84.94140516008649,
        84.9419413975307,
        84.9424798148019,
        84.94302259172711,
        84.94356754847935,
        84.94411141531808,
        84.94465637207031,
        84.94520241873605,
        84.94574846540179,
        84.94629233224052,
        84.94684164864677,
        84.94738660539899,
        84.94792938232422,
        84.94847433907645,
        84.94901493617466,
        84.94955771309989,
        84.95009504045758,
        84.9506356375558,
        84.951171875,
        84.9517081124442,
        84.95224325997489,
        84.95277186802456,
        84.95330156598773,
        84.95382472446987,
        84.95435115269252,
        84.95486995152065,
        84.95539202008929,
        84.95590318952289,
        84.95641762869698,
        84.95692988804409,
        84.95743887765067,
        84.95794350760323,
        84.95844486781529,
        84.95894731794085
    ],
    "valid_losses": [
        353.81274850027904,
        173.3989541190011,
        113.40637751988002,
        104.22542136056083,
        98.02534593854632,
        94.3744648524693,
        90.86690630231585,
        89.50401633126395,
        88.40794154575893,
        87.70403616768974,
        87.35789489746094,
        86.86886051722935,
        86.6862062726702,
        86.48347473144531,
        86.34515598842076,
        86.27034323556083,
        86.17646789550781,
        86.13518742152623,
        86.0885750906808,
        86.05597141810826,
        86.03433118547711,
        86.0116947719029,
        85.9989264351981,
        85.9854006086077,
        85.97664315359933,
        85.96871621268136,
        85.96282849993024,
        85.95799800327846,
        85.95424216134208,
        85.95117623465401,
        85.94883074079242,
        85.94685799734933,
        85.94540732247489,
        85.94416046142578,
        85.9432852608817,
        85.94255065917969,
        85.94206237792969,
        85.94168090820312,
        85.94145747593471,
        85.94132014683315,
        85.9412863595145,
        85.94132559640067,
        85.9414291381836,
        85.94158935546875,
        85.9417975289481,
        85.94204493931362,
        85.9423359462193,
        85.94264657156808,
        85.94297790527344,
        85.94333975655692,
        85.94371904645648,
        85.94412231445312,
        85.94453648158482,
        85.94497244698661,
        85.94542367117745,
        85.94588797433036,
        85.9463642665318,
        85.94684818812779,
        85.94734627859933,
        85.9478509085519,
        85.9483620779855,
        85.94887869698661,
        85.94940621512276,
        85.94993373325893,
        85.95046997070312,
        85.95100947788784,
        85.95155116489956,
        85.95209612165179,
        85.95264325823102,
        85.95319366455078,
        85.95374080113002,
        85.9542955671038,
        85.95484706333706,
        85.95540291922433,
        85.95595332554409,
        85.95651245117188,
        85.95706394740513,
        85.9576176234654,
        85.95816802978516,
        85.95872388567243,
        85.95927429199219,
        85.95982033865792,
        85.96036856515067,
        85.9609135219029,
        85.96145738874164,
        85.96200234549386,
        85.96254185267857,
        85.96308353969029,
        85.96361977713448,
        85.96414947509766,
        85.96467808314732,
        85.9652099609375,
        85.96573311941964,
        85.96625736781529,
        85.96677943638393,
        85.96729387555804,
        85.96780831473214,
        85.96831948416573,
        85.96882629394531,
        85.96933310372489,
        85.96983664376395
    ],