{
    "testproblem": "mnist_vae_no_dropout",
    "batch_size": 64,
    "num_epochs": 50,
    "random_seed": 42,
    "weight_decay": null,
    "optimizer_name": "PowKernelGradientDescentOptimizer",
    "optimizer_hyperparams": {
        "learning_rate": 0.014413469371110323,
        "power": 0.5
    },
    "training_params": {
        "lr_sched_epochs": null,
        "lr_sched_factors": null
    },
    "train_losses": [
        181.47835354927258,
        53.09730140979473,
        47.33769607543945,
        181.47835354927258,
        181.47835354927258,
        181.47835354927258,
        181.47835354927258,
        181.47835354927258,
        181.47835354927258,
        181.47835354927258,
        181.47835354927258,
        181.47835354927258,
        181.47835354927258,
        181.47835354927258,
        181.47835354927258,
        181.47835354927258,
        181.47835354927258,
        181.47835354927258,
        181.47835354927258,
        181.47835354927258,
        181.47835354927258,
        181.47835354927258,
        181.47835354927258,
        181.47835354927258,
        181.47835354927258,
        181.47835354927258,
        181.47835354927258,
        181.47835354927258,
        181.47835354927258,
        181.47835354927258,
        181.47835354927258,
        181.47835354927258,
        181.47835354927258,
        181.47835354927258,
        181.47835354927258,
        181.47835354927258,
        181.47835354927258,
        181.47835354927258,
        181.47835354927258,
        181.47835354927258,
        181.47835354927258,
        181.47835354927258,
        181.47835354927258,
        181.47835354927258,
        181.47835354927258,
        181.47835354927258,
        181.47835354927258,
        181.47835354927258,
        181.47835354927258,
        181.47835354927258,
        181.47835354927258
    ],
    "valid_losses": [
        181.4160402738131,
        53.06642850240072,
        47.05300783499693,
        181.4160402738131,
        181.4160402738131,
        181.4160402738131,
        181.4160402738131,
        181.4160402738131,
        181.4160402738131,
        181.4160402738131,
        181.4160402738131,
        181.4160402738131,
        181.4160402738131,
        181.4160402738131,
        181.4160402738131,
        181.4160402738131,
        181.4160402738131,
        181.4160402738131,
        181.4160402738131,
        181.4160402738131,
        181.4160402738131,
        181.4160402738131,
        181.4160402738131,
        181.4160402738131,
        181.4160402738131,
        181.4160402738131,
        181.4160402738131,
        181.4160402738131,
        181.4160402738131,
        181.4160402738131,
        181.4160402738131,
        181.4160402738131,
        181.4160402738131,
        181.4160402738131,
        181.4160402738131,
        181.4160402738131,
        181.4160402738131,
        181.4160402738131,
        181.4160402738131,
        181.4160402738131,
        181.4160402738131,
        181.4160402738131,
        181.4160402738131,
        181.4160402738131,
        181.4160402738131,
        181.4160402738131,
        181.4160402738131,
        181.4160402738131,
        181.4160402738131,
        181.4160402738131,
        181.4160402738131
    ],
    "test_losses": [
        181.48047853127505,
        53.13374098753318,
        47.285611274914864,
        181.48047853127505,
        181.48047853127505,
        181.48047853127505,
        181.48047853127505,
        181.48047853127505,
        181.48047853127505,
        181.48047853127505,
        181.48047853127505,
        181.48047853127505,
        181.48047853127505,
        181.48047853127505,
        181.48047853127505,
        181.48047853127505,
        181.48047853127505,
        181.48047853127505,
        181.48047853127505,
        181.48047853127505,
        181.48047853127505,
        181.48047853127505,
        181.48047853127505,
        181.48047853127505,
        181.48047853127505,
        181.48047853127505,
        181.48047853127505,
        181.48047853127505,
        181.48047853127505,
        181.48047853127505,
        181.48047853127505,
        181.48047853127505,
        181.48047853127505,
        181.48047853127505,
        181.48047853127505,
        181.48047853127505,
        181.48047853127505,
        181.48047853127505,
        181.48047853127505,
        181.48047853127505,
        181.48047853127505,
        181.48047853127505,
        181.48047853127505,
        181.48047853127505,
        181.48047853127505,
        181.48047853127505,
        181.48047853127505,
        181.48047853127505,
        181.48047853127505,
        181.48047853127505,
        181.48047853127505
    ],