{
    "testproblem": "quadratic_deep",
    "batch_size": 128,
    "num_epochs": 100,
    "random_seed": 42,
    "weight_decay": null,
    "optimizer_name": "PowKernelGradientDescentOptimizer",
    "optimizer_hyperparams": {
        "learning_rate": 0.00314891164795686,
        "power": 0.8
    },
    "training_params": {
        "lr_sched_epochs": null,
        "lr_sched_factors": null
    },
    "train_losses": [
        352.8963535853795,
        179.6913800920759,
        124.63516344342914,
        109.06190817696708,
        104.98869323730469,
        103.72416469029018,
        103.0566646030971,
        102.52047075544085,
        102.02352142333984,
        101.5467769077846,
        101.08587319510323,
        100.63947514125279,
        100.20696585518974,
        99.78782108851841,
        99.3816157749721,
        98.98794228690011,
        98.60642678397042,
        98.23672376360211,
        97.87843867710659,
        97.53116280691964,
        97.19454302106585,
        96.86825234549386,
        96.55196816580636,
        96.24532100132534,
        95.94800894601005,
        95.65974753243583,
        95.38021414620536,
        95.10909925188336,
        94.8461434500558,
        94.59110151018415,
        94.34373583112445,
        94.10376848493304,
        93.87096187046596,
        93.64508710588727,
        93.42593056815011,
        93.21326446533203,
        93.0068860735212,
        92.80659484863281,
        92.61221095493862,
        92.4235360281808,
        92.24039023263114,
        92.06257956368583,
        91.88993290492466,
        91.72227260044643,
        91.55945369175502,
        91.40131596156529,
        91.24769701276507,
        91.09847041538784,
        90.95348358154297,
        90.81261226109096,
        90.67572130475726,
        90.54269409179688,
        90.41342599051339,
        90.28779602050781,
        90.16567557198661,
        90.04695565359933,
        89.93153490339007,
        89.8193108694894,
        89.71018327985492,
        89.60406712123326,
        89.50088827950614,
        89.40054103306362,
        89.30293382917132,
        89.20796312604632,
        89.11554282052177,
        89.02559770856585,
        88.93804386683873,
        88.85281045096261,
        88.76983315604073,
        88.68904113769531,
        88.61036464146206,
        88.53374808175224,
        88.4591086251395,
        88.38638741629464,
        88.31552559988839,
        88.24646868024554,
        88.17915671212333,
        88.11353628976005,
        88.04955727713448,
        87.98717934744698,
        87.9263447352818,
        87.86701311383929,
        87.80914088657924,
        87.75268881661552,
        87.69762093680245,
        87.64387948172433,
        87.59143502371651,
        87.54023960658482,
        87.4902594430106,
        87.44146619524274,
        87.39381844656808,
        87.34727913992745,
        87.30182538713727,
        87.2574212210519,
        87.21404048374721,
        87.17165265764508,
        87.1302250453404,
        87.08973911830357,
        87.05016108921596,
        87.01146589006696,
        86.97363390241351
    ],
    "valid_losses": [
        353.81274850027904,
        180.71974182128906,
        125.65134647914341,
        110.02828761509487,
        105.91371699741909,
        104.62520163399833,
        103.94694192068917,
        103.4073257446289,
        102.9100091116769,
        102.4343991960798,
        101.97520446777344,
        101.53071812220982,
        101.10016741071429,
        100.68298012869698,
        100.27870069231305,
        99.88691820417132,
        99.50726427350726,
        99.13938576834542,
        98.7829110281808,
        98.4374269757952,
        98.10258047921317,
        97.77805982317243,
        97.46351841517857,
        97.15858677455357,
        96.86295863560268,
        96.57636478969029,
        96.29846300397601,
        96.02895682198661,
        95.76758466448102,
        95.51409040178571,
        95.26824406215123,
        95.02977534702846,
        94.79844665527344,
        94.57404109409877,
        94.35632215227399,
        94.14507402692523,
        93.94009072440011,
        93.7411629813058,
        93.54810987200055,
        93.3607417515346,
        93.17889077322823,
        93.00234985351562,
        92.83095114571708,
        92.66453007289341,
        92.50291878836495,
        92.3459701538086,
        92.19353267124721,
        92.0454570225307,
        91.90161023821149,
        91.76185825892857,
        91.62607247488839,
        91.494138445173,
        91.36594935825893,
        91.24137551443917,
        91.12029484340123,
        91.00259835379464,
        90.88819449288505,
        90.77696555001395,
        90.66882215227399,
        90.5636716570173,
        90.46143450055804,
        90.36202239990234,
        90.26533617292132,
        90.17127118791852,
        90.07974025181362,
        89.99067687988281,
        89.90398624965123,
        89.8196051461356,
        89.73746381487165,
        89.65749795096261,
        89.57963453020368,
        89.50381796700614,
        89.42996542794364,
        89.3580082484654,
        89.28790174211774,
        89.2195805140904,
        89.15299006870815,
        89.08807700020927,
        89.02479335239956,
        88.96309116908482,
        88.90292031424386,
        88.84423719133649,
        88.78700910295758,
        88.73118482317243,
        88.67672947474888,
        88.62360164097377,
        88.57175990513393,
        88.52115631103516,
        88.47175598144531,
        88.4235338483538,
        88.37644522530692,
        88.33045305524554,
        88.28553553989956,
        88.24165453229632,
        88.19879041399274,
        88.15690503801618,
        88.11597660609654,
        88.07597351074219,
        88.03687177385602,
        87.99864959716797,
        87.9612786429269
    ],