{
    "testproblem": "quadratic_deep",
    "batch_size": 128,
    "num_epochs": 100,
    "random_seed": 42,
    "weight_decay": null,
    "optimizer_name": "PowKernelMomentumOptimizerN",
    "optimizer_hyperparams": {
        "learning_rate": 0.7261414516028825,
        "power": 0.7000000000000001
    },
    "training_params": {
        "lr_sched_epochs": null,
        "lr_sched_factors": null
    },
    "train_losses": [
        352.8963623046875,
        2184504173.714286,
        2306617051.428571,
        2401061120.0,
        2460193133.714286,
        2518400768.0,
        2567900562.285714,
        2641191424.0,
        2782834066.285714,
        2784500041.142857,
        2784576365.714286,
        2784457398.857143,
        2784555885.714286,
        2784448292.571429,
        2784551570.285714,
        2784445330.285714,
        2784550509.714286,
        2784444196.571429,
        2784548644.571429,
        2784444123.428571,
        2784549193.142857,
        2784443977.142857,
        2784548205.714286,
        2784443172.571429,
        2784547949.714286,
        2784443172.571429,
        2784548534.857143,
        2784443209.142857,
        2784547181.714286,
        2784443392.0,
        2784547620.571429,
        2784443172.571429,
        2784547730.285714,
        2784442587.428571,
        2784548644.571429,
        2784441709.714286,
        2784548059.428571,
        2784441490.285714,
        2784547986.285714,
        2784441673.142857,
        2784547547.428571,
        2784441307.428571,
        2784547035.428571,
        2784441600.0,
        2784546633.142857,
        2784441234.285714,
        2784547145.142857,
        2784441417.142857,
        2784547218.285714,
        2784441417.142857,
        2784547620.571429,
        2784441124.571429,
        2784547730.285714,
        2784441234.285714,
        2784547437.714286,
        2784442075.428571,
        2784547547.428571,
        2784442185.142857,
        2784547730.285714,
        2784442880.0,
        2784547437.714286,
        2784443172.571429,
        2784547437.714286,
        2784442660.571429,
        2784547474.285714,
        2784442221.714286,
        2784547510.857143,
        2784442550.857143,
        2784547364.571429,
        2784442148.571429,
        2784546852.571429,
        2784442002.285714,
        2784546925.714286,
        2784441746.285714,
        2784546596.571429,
        2784441709.714286,
        2784546816.0,
        2784441709.714286,
        2784547035.428571,
        2784441746.285714,
        2784546925.714286,
        2784441636.571429,
        2784546998.857143,
        2784441526.857143,
        2784547145.142857,
        2784441709.714286,
        2784547035.428571,
        2784441636.571429,
        2784546962.285714,
        2784441709.714286,
        2784546889.142857,
        2784442258.285714,
        2784546523.428571,
        2784441746.285714,
        2784546413.714286,
        2784442148.571429,
        2784546450.285714,
        2784442441.142857,
        2784546523.428571,
        2784442294.857143,
        2784546486.857143
    ],
    "valid_losses": [
        353.812752859933,
        2184512585.142857,
        2306607579.428571,
        2401070080.0,
        2460186550.857143,
        2518404681.142857,
        2567898148.571429,
        2641192301.714286,
        2782834541.714286,
        2784499382.857143,
        2784577097.142857,
        2784456594.285714,
        2784556617.142857,
        2784447634.285714,
        2784552192.0,
        2784444672.0,
        2784551094.857143,
        2784443574.857143,
        2784549266.285714,
        2784443318.857143,
        2784549961.142857,
        2784443282.285714,
        2784548937.142857,
        2784442477.714286,
        2784548608.0,
        2784442441.142857,
        2784549156.571429,
        2784442477.714286,
        2784547949.714286,
        2784442733.714286,
        2784548242.285714,
        2784442441.142857,
        2784548425.142857,
        2784441892.571429,
        2784549449.142857,
        2784441124.571429,
        2784548717.714286,
        2784440722.285714,
        2784548534.857143,
        2784440978.285714,
        2784548352.0,
        2784440722.285714,
        2784547766.857143,
        2784440868.571429,
        2784547401.142857,
        2784440685.714286,
        2784547913.142857,
        2784440722.285714,
        2784547913.142857,
        2784440685.714286,
        2784548425.142857,
        2784440320.0,
        2784548461.714286,
        2784440576.0,
        2784548059.428571,
        2784441270.857143,
        2784548278.857143,
        2784441563.428571,
        2784548425.142857,
        2784442185.142857,
        2784548059.428571,
        2784442441.142857,
        2784548022.857143,
        2784442002.285714,
        2784547986.285714,
        2784441526.857143,
        2784548169.142857,
        2784441819.428571,
        2784547949.714286,
        2784441490.285714,
        2784547474.285714,
        2784441270.857143,
        2784547657.142857,
        2784441124.571429,
        2784547401.142857,
        2784441124.571429,
        2784547437.714286,
        2784441051.428571,
        2784547730.285714,
        2784441124.571429,
        2784547547.428571,
        2784440941.714286,
        2784547657.142857,
        2784440722.285714,
        2784547913.142857,
        2784441014.857143,
        2784547766.857143,
        2784440905.142857,
        2784547657.142857,
        2784440978.285714,
        2784547437.714286,
        2784441673.142857,
        2784547254.857143,
        2784441124.571429,
        2784547035.428571,
        2784441526.857143,
        2784547108.571429,
        2784441746.285714,
        2784547291.428571,
        2784441673.142857,
        2784547181.714286
    ],