{
    "testproblem": "mnist_vae_no_dropout",
    "batch_size": 64,
    "num_epochs": 50,
    "random_seed": 42,
    "weight_decay": null,
    "optimizer_name": "PowKernelMomentumOptimizerN",
    "optimizer_hyperparams": {
        "learning_rate": 0.006338653441536255,
        "power": 0.5
    },
    "training_params": {
        "allow_early_finish": true
    },
    "train_losses": [
        181.4783539405236,
        103.11944721906613,
        181.4783539405236,
        181.4783539405236,
        181.4783539405236,
        181.4783539405236,
        181.4783539405236,
        181.4783539405236,
        181.4783539405236,
        181.4783539405236,
        181.4783539405236,
        181.4783539405236,
        181.4783539405236,
        181.4783539405236,
        181.4783539405236,
        181.4783539405236,
        181.4783539405236,
        181.4783539405236,
        181.4783539405236,
        181.4783539405236,
        181.4783539405236,
        181.4783539405236,
        181.4783539405236,
        181.4783539405236,
        181.4783539405236,
        181.4783539405236,
        181.4783539405236,
        181.4783539405236,
        181.4783539405236,
        181.4783539405236,
        181.4783539405236,
        181.4783539405236,
        181.4783539405236,
        181.4783539405236,
        181.4783539405236,
        181.4783539405236,
        181.4783539405236,
        181.4783539405236,
        181.4783539405236,
        181.4783539405236,
        181.4783539405236,
        181.4783539405236,
        181.4783539405236,
        181.4783539405236,
        181.4783539405236,
        181.4783539405236,
        181.4783539405236,
        181.4783539405236,
        181.4783539405236,
        181.4783539405236,
        181.4783539405236
    ],
    "valid_losses": [
        181.4160398825621,
        102.94249710669884,
        181.4160398825621,
        181.4160398825621,
        181.4160398825621,
        181.4160398825621,
        181.4160398825621,
        181.4160398825621,
        181.4160398825621,
        181.4160398825621,
        181.4160398825621,
        181.4160398825621,
        181.4160398825621,
        181.4160398825621,
        181.4160398825621,
        181.4160398825621,
        181.4160398825621,
        181.4160398825621,
        181.4160398825621,
        181.4160398825621,
        181.4160398825621,
        181.4160398825621,
        181.4160398825621,
        181.4160398825621,
        181.4160398825621,
        181.4160398825621,
        181.4160398825621,
        181.4160398825621,
        181.4160398825621,
        181.4160398825621,
        181.4160398825621,
        181.4160398825621,
        181.4160398825621,
        181.4160398825621,
        181.4160398825621,
        181.4160398825621,
        181.4160398825621,
        181.4160398825621,
        181.4160398825621,
        181.4160398825621,
        181.4160398825621,
        181.4160398825621,
        181.4160398825621,
        181.4160398825621,
        181.4160398825621,
        181.4160398825621,
        181.4160398825621,
        181.4160398825621,
        181.4160398825621,
        181.4160398825621,
        181.4160398825621
    ],
    "test_losses": [
        181.48047833564954,
        103.59934860620743,
        181.48047833564954,
        181.48047833564954,
        181.48047833564954,
        181.48047833564954,
        181.48047833564954,
        181.48047833564954,
        181.48047833564954,
        181.48047833564954,
        181.48047833564954,
        181.48047833564954,
        181.48047833564954,
        181.48047833564954,
        181.48047833564954,
        181.48047833564954,
        181.48047833564954,
        181.48047833564954,
        181.48047833564954,
        181.48047833564954,
        181.48047833564954,
        181.48047833564954,
        181.48047833564954,
        181.48047833564954,
        181.48047833564954,
        181.48047833564954,
        181.48047833564954,
        181.48047833564954,
        181.48047833564954,
        181.48047833564954,
        181.48047833564954,
        181.48047833564954,
        181.48047833564954,
        181.48047833564954,
        181.48047833564954,
        181.48047833564954,
        181.48047833564954,
        181.48047833564954,
        181.48047833564954,
        181.48047833564954,
        181.48047833564954,
        181.48047833564954,
        181.48047833564954,
        181.48047833564954,
        181.48047833564954,
        181.48047833564954,
        181.48047833564954,
        181.48047833564954,
        181.48047833564954,
        181.48047833564954,
        181.48047833564954
    ],