{
    "testproblem": "quadratic_deep",
    "batch_size": 128,
    "num_epochs": 100,
    "random_seed": 42,
    "weight_decay": null,
    "optimizer_name": "PowKernelMomentumOptimizer",
    "optimizer_hyperparams": {
        "learning_rate": 0.00070689749506246,
        "power": 0.7000000000000001
    },
    "training_params": {
        "lr_sched_epochs": null,
        "lr_sched_factors": null
    },
    "train_losses": [
        352.8963535853795,
        230.47988891601562,
        118.36290740966797,
        110.9437255859375,
        114.6307394845145,
        105.56739698137555,
        102.79283033098493,
        102.09186553955078,
        100.50508662632534,
        99.52864946637835,
        98.60678209577289,
        97.74129813058036,
        96.95144326346261,
        96.20416150774274,
        95.51508440290179,
        94.87440926688058,
        94.2764641898019,
        93.72054181780133,
        93.2032710484096,
        92.72201538085938,
        92.27428436279297,
        91.85732596261161,
        91.46898978097099,
        91.10706002371651,
        90.7694811139788,
        90.45444597516742,
        90.16036333356585,
        89.88562774658203,
        89.62879071916852,
        89.38853345598493,
        89.16362980433873,
        88.95299203055245,
        88.75560760498047,
        88.57048579624721,
        88.39669472830636,
        88.23339516775948,
        88.079833984375,
        87.93532235281808,
        87.79922921316964,
        87.67096383231026,
        87.54998343331474,
        87.43577793666294,
        87.32786996023995,
        87.22584424700055,
        87.1292975289481,
        87.03785596575055,
        86.95116315569196,
        86.86890411376953,
        86.79077911376953,
        86.7165298461914,
        86.64591761997768,
        86.57872009277344,
        86.5147236415318,
        86.45372990199498,
        86.39556339808873,
        86.3400410243443,
        86.28701455252511,
        86.23634447370257,
        86.18788364955357,
        86.14151545933315,
        86.09713636125836,
        86.05463518415179,
        86.01391165597099,
        85.9748764038086,
        85.93744332449776,
        85.90151759556362,
        85.86702946254185,
        85.83390045166016,
        85.8020760672433,
        85.77148001534599,
        85.74205780029297,
        85.7137472970145,
        85.68649618966239,
        85.6602543422154,
        85.63497597830636,
        85.6106196812221,
        85.58714403424945,
        85.56451089041573,
        85.54268864222935,
        85.52163587297711,
        85.5013187953404,
        85.48170689174107,
        85.46276201520648,
        85.44446236746651,
        85.42677961077008,
        85.40968758719308,
        85.39317103794643,
        85.37719399588448,
        85.3617444719587,
        85.3468017578125,
        85.33233969552177,
        85.31834520612445,
        85.30480085100446,
        85.29168701171875,
        85.27899278913226,
        85.2666985648019,
        85.25478690011161,
        85.24325452532086,
        85.2320785522461,
        85.22124808175224,
        85.21075330461774
    ],
    "valid_losses": [
        353.81274850027904,
        231.492427280971,
        119.4833744594029,
        111.95256587437221,
        115.41098349434989,
        106.22879246303013,
        103.54055350167411,
        102.9969231741769,
        101.45726994105748,
        100.41618129185268,
        99.43158721923828,
        98.57559749058315,
        97.83325631277901,
        97.10894448416573,
        96.40995679582868,
        95.75690460205078,
        95.1620123726981,
        94.61754172188895,
        94.10735321044922,
        93.62744903564453,
        93.1807359967913,
        92.76707567487445,
        92.38280378069196,
        92.02396937779018,
        91.68872833251953,
        91.37612915039062,
        91.08472006661552,
        90.81261226109096,
        90.55814579554966,
        90.32007380894252,
        90.09735761369977,
        89.88893127441406,
        89.6936787196568,
        89.51051439557757,
        89.3385478428432,
        89.17703247070312,
        89.02524239676339,
        88.88244083949498,
        88.74795423235211,
        88.6212158203125,
        88.50172097342355,
        88.38893454415458,
        88.28237915039062,
        88.18162536621094,
        88.0862786429269,
        87.99598366873605,
        87.9104232788086,
        87.82925197056362,
        87.75216892787388,
        87.67890385219029,
        87.60923658098493,
        87.54295131138393,
        87.47982352120536,
        87.41966029575893,
        87.36228506905692,
        87.30753871372768,
        87.2552730015346,
        87.20531463623047,
        87.15752628871373,
        87.11179678780692,
        87.06801060267857,
        87.02608598981585,
        86.98591722760882,
        86.9474127633231,
        86.91048104422433,
        86.87504359654018,
        86.84102521623883,
        86.80835941859654,
        86.77697862897601,
        86.746828351702,
        86.71782684326172,
        86.68992287772042,
        86.6630619594029,
        86.63720158168248,
        86.61229487827846,
        86.58828844342914,
        86.56514195033482,
        86.54283360072544,
        86.52134268624442,
        86.50060272216797,
        86.48057556152344,
        86.4612306867327,
        86.4425517490932,
        86.42450605119977,
        86.40707070486886,
        86.39021519252232,
        86.37391662597656,
        86.35815756661552,
        86.34291512625558,
        86.3281751360212,
        86.31391143798828,
        86.30010550362724,
        86.2867431640625,
        86.2738015311105,
        86.2612784249442,
        86.2491455078125,
        86.2374027797154,
        86.22603062220982,
        86.21501159667969,
        86.2043217250279,
        86.19395664760044
    ],