{
    "testproblem": "quadratic_deep",
    "batch_size": 128,
    "num_epochs": 100,
    "random_seed": 42,
    "weight_decay": null,
    "optimizer_name": "PowKernelMomentumOptimizerN",
    "optimizer_hyperparams": {
        "learning_rate": 0.025378155082656628,
        "power": 0.6000000000000001
    },
    "training_params": {
        "lr_sched_epochs": null,
        "lr_sched_factors": null
    },
    "train_losses": [
        352.8963623046875,
        99.9131851196289,
        90.40771375383649,
        88.01561410086495,
        87.47090693882534,
        86.90989249093192,
        86.64094979422433,
        86.58108738490513,
        86.58643014090401,
        86.62072426932198,
        86.6669431413923,
        86.70804486955915,
        86.7438714163644,
        86.77705710274833,
        86.8097392490932,
        86.84278651646206,
        86.87566702706474,
        86.90780966622489,
        86.93896811349052,
        86.96914563860211,
        86.99843161446708,
        87.02684674944196,
        87.05435834612165,
        87.08091626848493,
        87.10650961739677,
        87.13113948277065,
        87.15485055106026,
        87.17767769949776,
        87.19967215401786,
        87.2208720615932,
        87.24132210867745,
        87.26105063302177,
        87.28010995047433,
        87.29852294921875,
        87.3163321358817,
        87.33356366838727,
        87.35025569370815,
        87.36643436976841,
        87.38213348388672,
        87.39737592424665,
        87.41218021937779,
        87.42658233642578,
        87.44059644426618,
        87.4542476109096,
        87.46755763462612,
        87.4805406842913,
        87.49321528843471,
        87.50560106549945,
        87.51771000453404,
        87.52955627441406,
        87.54115731375558,
        87.55252402169364,
        87.56366838727679,
        87.5746078491211,
        87.58534240722656,
        87.59588514055524,
        87.6062480381557,
        87.61644417898995,
        87.62647683279855,
        87.63634926932198,
        87.64607456752232,
        87.65565817696708,
        87.6651142665318,
        87.6744384765625,
        87.68363734654018,
        87.69271850585938,
        87.70169394356864,
        87.71055712018695,
        87.71931784493583,
        87.7279772077288,
        87.73654610770089,
        87.74502454485211,
        87.75341251918248,
        87.76171548025948,
        87.7699454171317,
        87.77809143066406,
        87.78616333007812,
        87.79416329520089,
        87.80209023611886,
        87.80995832170758,
        87.81775883265904,
        87.82549176897321,
        87.83316584995815,
        87.84078107561383,
        87.8483385358538,
        87.85584150041852,
        87.86329323904855,
        87.87068721226284,
        87.87803322928292,
        87.8853269304548,
        87.892575945173,
        87.89977482386998,
        87.90693010602679,
        87.91403525216239,
        87.92110225132534,
        87.9281245640346,
        87.93510328020368,
        87.94204493931362,
        87.94894191196987,
        87.95580400739398,
        87.96262468610492
    ],
    "valid_losses": [
        353.812752859933,
        101.24202946254185,
        91.65535736083984,
        89.31749180385044,
        88.79442487444196,
        88.23358917236328,
        87.95467049734933,
        87.88658578055245,
        87.88863808768136,
        87.92235674176898,
        87.96888296944755,
        88.0110113961356,
        88.04820578438895,
        88.08247593470982,
        88.11597333635602,
        88.1498042515346,
        88.18333544049945,
        88.2160143171038,
        88.24764469691685,
        88.2782701764788,
        88.3079833984375,
        88.3367919921875,
        88.36465890066964,
        88.39154052734375,
        88.41742815290179,
        88.44233921595982,
        88.46630750383649,
        88.48937552315849,
        88.51158796037946,
        88.53299168178013,
        88.55362592424665,
        88.57353210449219,
        88.5927483694894,
        88.61131286621094,
        88.62925938197544,
        88.64662497384208,
        88.66343361990792,
        88.67973000662667,
        88.69553593226841,
        88.71087755475726,
        88.7257810320173,
        88.74026816231864,
        88.75436837332589,
        88.76810346330915,
        88.78147888183594,
        88.79453604561942,
        88.8072749546596,
        88.81972176688058,
        88.83189174107143,
        88.8437990461077,
        88.85545131138393,
        88.8668692452567,
        88.87806483677456,
        88.88904244559151,
        88.89982495989118,
        88.91041128976005,
        88.92081560407367,
        88.93104880196708,
        88.9411152430943,
        88.9510258265904,
        88.96078818184989,
        88.97040230887276,
        88.97988673618862,
        88.98923928397042,
        88.99846649169922,
        89.00758034842355,
        89.01657431466239,
        89.0254625592913,
        89.03424617222377,
        89.04293060302734,
        89.05152239118304,
        89.06002044677734,
        89.0684313092913,
        89.07675279889789,
        89.08499690464565,
        89.0931625366211,
        89.10125405447823,
        89.10927036830357,
        89.11721692766461,
        89.12509591238839,
        89.13290841238839,
        89.14065878731864,
        89.14834485735211,
        89.15597098214286,
        89.16354697091239,
        89.17106192452567,
        89.17852020263672,
        89.18592507498605,
        89.19328308105469,
        89.20058986118862,
        89.20784214564732,
        89.21505410330636,
        89.2222148350307,
        89.22933523995536,
        89.23640877859933,
        89.24344308035714,
        89.25042724609375,
        89.2573743547712,
        89.26427568708148,
        89.27114868164062,
        89.27797480991909
    ],