{
    "testproblem": "quadratic_deep",
    "batch_size": 128,
    "num_epochs": 100,
    "random_seed": 42,
    "weight_decay": null,
    "optimizer_name": "PowKernelGradientDescentOptimizer",
    "optimizer_hyperparams": {
        "learning_rate": 0.0035868164986275477,
        "power": 0.5
    },
    "training_params": {
        "lr_sched_epochs": null,
        "lr_sched_factors": null
    },
    "train_losses": [
        352.8963535853795,
        247.9502934047154,
        181.03757803780692,
        141.27942766462053,
        119.74739401681083,
        109.47994450160435,
        105.32986668178013,
        103.79388645717076,
        103.0145993913923,
        102.4153322492327,
        101.86264256068638,
        101.33258165631976,
        100.82204873221261,
        100.3295658656529,
        99.85384695870536,
        99.39425223214286,
        98.95013863699776,
        98.52069200788226,
        98.10552760532924,
        97.70454733712333,
        97.31743948800224,
        96.94362095424107,
        96.58237130301339,
        96.23342023577008,
        95.89619554792132,
        95.57049887520927,
        95.25581795828683,
        94.95189884730748,
        94.65844181605748,
        94.37501743861607,
        94.10118647984096,
        93.83654349190849,
        93.58107648577008,
        93.33409990583148,
        93.09549713134766,
        92.86486271449498,
        92.6418958391462,
        92.4263436453683,
        92.21783665248326,
        92.01610783168248,
        91.82100132533482,
        91.632326398577,
        91.44986942836216,
        91.27345057896206,
        91.10277775355748,
        90.9376220703125,
        90.77785818917411,
        90.62347194126674,
        90.4741461617606,
        90.32974788120815,
        90.19002968924386,
        90.05484008789062,
        89.92409079415458,
        89.79770115443638,
        89.67569405691964,
        89.55787440708706,
        89.44396645682198,
        89.3339353288923,
        89.2275150844029,
        89.124755859375,
        89.02530016217914,
        88.92901066371373,
        88.8358633858817,
        88.74564688546317,
        88.65821184430804,
        88.57355608258929,
        88.4915281023298,
        88.41209411621094,
        88.3351320539202,
        88.2605732509068,
        88.18829236711774,
        88.11814553397042,
        88.05003683907645,
        87.98394666399274,
        87.91975402832031,
        87.85736192975726,
        87.79669952392578,
        87.73770904541016,
        87.68034035818917,
        87.62454332624164,
        87.5702623639788,
        87.51744297572544,
        87.4660393851144,
        87.4160406930106,
        87.3673815046038,
        87.32000078473773,
        87.27385929652623,
        87.22890799386161,
        87.18510001046317,
        87.14240373883929,
        87.10078975132534,
        87.06030818394252,
        87.0208260672433,
        86.98230634416852,
        86.94472394670758,
        86.90805053710938,
        86.87225668770927,
        86.83732604980469,
        86.80325535365513,
        86.77000972202846,
        86.7375717163086
    ],
    "valid_losses": [
        353.81274850027904,
        248.99607631138392,
        182.15233721051897,
        142.39782496861048,
        120.82492174421039,
        110.49428994315011,
        106.28839438302177,
        104.7147445678711,
        103.91761452811105,
        103.31126948765346,
        102.75628771100726,
        102.22646876743862,
        101.71745191301618,
        101.2273450578962,
        100.75428227015904,
        100.29735129220145,
        99.85593087332589,
        99.42916652134487,
        99.01683153424945,
        98.61861855643136,
        98.2343019757952,
        97.86321585518974,
        97.50451006208148,
        97.157958984375,
        96.82300785609654,
        96.49961853027344,
        96.18712288992745,
        95.88529423304966,
        95.59395708356585,
        95.31253596714565,
        95.04070608956474,
        94.77807944161552,
        94.52462550571987,
        94.27953011648995,
        94.04280526297433,
        93.81397792271206,
        93.59271349225726,
        93.3788070678711,
        93.1719251360212,
        92.97183118547711,
        92.77833230154855,
        92.59129769461495,
        92.41054425920758,
        92.23586818150112,
        92.0668225969587,
        91.90321459089007,
        91.74488394601005,
        91.59190695626395,
        91.44398934500558,
        91.30103628976005,
        91.16271209716797,
        91.02884674072266,
        90.89938572474888,
        90.77425057547433,
        90.65352848597935,
        90.53704398018974,
        90.42447880336216,
        90.31573486328125,
        90.2104960850307,
        90.10888126918248,
        90.01052965436664,
        89.91533660888672,
        89.82327161516461,
        89.7340829031808,
        89.64764731270927,
        89.56401933942523,
        89.48301369803292,
        89.40458243233817,
        89.32850319998605,
        89.2548108782087,
        89.18340846470424,
        89.11409541538784,
        89.04677145821708,
        88.9813973563058,
        88.91791752406529,
        88.85621861049107,
        88.79621996198382,
        88.7378899710519,
        88.68116651262555,
        88.62598964146206,
        88.57231794084821,
        88.52008274623326,
        88.46924809047154,
        88.41980307442802,
        88.37166486467633,
        88.32479858398438,
        88.27918243408203,
        88.23475211007255,
        88.19146292550224,
        88.1492680140904,
        88.10814121791294,
        88.06815992082868,
        88.02915736607143,
        87.99109758649554,
        87.95396096365792,
        87.91770608084542,
        87.88228498186383,
        87.84772491455078,
        87.81402478899274,
        87.78114427839007,
        87.74906812395368
    ],