{
    "testproblem": "fmnist_vae",
    "batch_size": 64,
    "num_epochs": 100,
    "random_seed": 42,
    "weight_decay": null,
    "optimizer_name": "PowKernelGradientDescentOptimizer",
    "optimizer_hyperparams": {
        "learning_rate": 0.014817820606039075,
        "power": 0.4
    },
    "training_params": {
        "lr_sched_epochs": null,
        "lr_sched_factors": null
    },
    "train_losses": [
        133.04190713931354,
        68.3062789379022,
        133.04190713931354,
        133.04190713931354,
        133.04190713931354,
        133.04190713931354,
        133.04190713931354,
        133.04190713931354,
        133.04190713931354,
        133.04190713931354,
        133.04190713931354,
        133.04190713931354,
        133.04190713931354,
        133.04190713931354,
        133.04190713931354,
        133.04190713931354,
        133.04190713931354,
        133.04190713931354,
        133.04190713931354,
        133.04190713931354,
        133.04190713931354,
        133.04190713931354,
        133.04190713931354,
        133.04190713931354,
        133.04190713931354,
        133.04190713931354,
        133.04190713931354,
        133.04190713931354,
        133.04190713931354,
        133.04190713931354,
        133.04190713931354,
        133.04190713931354,
        133.04190713931354,
        133.04190713931354,
        133.04190713931354,
        133.04190713931354,
        133.04190713931354,
        133.04190713931354,
        133.04190713931354,
        133.04190713931354,
        133.04190713931354,
        133.04190713931354,
        133.04190713931354,
        133.04190713931354,
        133.04190713931354,
        133.04190713931354,
        133.04190713931354,
        133.04190713931354,
        133.04190713931354,
        133.04190713931354,
        133.04190713931354,
        133.04190713931354,
        133.04190713931354,
        133.04190713931354,
        133.04190713931354,
        133.04190713931354,
        133.04190713931354,
        133.04190713931354,
        133.04190713931354,
        133.04190713931354,
        133.04190713931354,
        133.04190713931354,
        133.04190713931354,
        133.04190713931354,
        133.04190713931354,
        133.04190713931354,
        133.04190713931354,
        133.04190713931354,
        133.04190713931354,
        133.04190713931354,
        133.04190713931354,
        133.04190713931354,
        133.04190713931354,
        133.04190713931354,
        133.04190713931354,
        133.04190713931354,
        133.04190713931354,
        133.04190713931354,
        133.04190713931354,
        133.04190713931354,
        133.04190713931354,
        133.04190713931354,
        133.04190713931354,
        133.04190713931354,
        133.04190713931354,
        133.04190713931354,
        133.04190713931354,
        133.04190713931354,
        133.04190713931354,
        133.04190713931354,
        133.04190713931354,
        133.04190713931354,
        133.04190713931354,
        133.04190713931354,
        133.04190713931354,
        133.04190713931354,
        133.04190713931354,
        133.04190713931354,
        133.04190713931354,
        133.04190713931354,
        133.04190713931354
    ],
    "valid_losses": [
        134.00498556479428,
        69.14619120573386,
        134.00498556479428,
        134.00498556479428,
        134.00498556479428,
        134.00498556479428,
        134.00498556479428,
        134.00498556479428,
        134.00498556479428,
        134.00498556479428,
        134.00498556479428,
        134.00498556479428,
        134.00498556479428,
        134.00498556479428,
        134.00498556479428,
        134.00498556479428,
        134.00498556479428,
        134.00498556479428,
        134.00498556479428,
        134.00498556479428,
        134.00498556479428,
        134.00498556479428,
        134.00498556479428,
        134.00498556479428,
        134.00498556479428,
        134.00498556479428,
        134.00498556479428,
        134.00498556479428,
        134.00498556479428,
        134.00498556479428,
        134.00498556479428,
        134.00498556479428,
        134.00498556479428,
        134.00498556479428,
        134.00498556479428,
        134.00498556479428,
        134.00498556479428,
        134.00498556479428,
        134.00498556479428,
        134.00498556479428,
        134.00498556479428,
        134.00498556479428,
        134.00498556479428,
        134.00498556479428,
        134.00498556479428,
        134.00498556479428,
        134.00498556479428,
        134.00498556479428,
        134.00498556479428,
        134.00498556479428,
        134.00498556479428,
        134.00498556479428,
        134.00498556479428,
        134.00498556479428,
        134.00498556479428,
        134.00498556479428,
        134.00498556479428,
        134.00498556479428,
        134.00498556479428,
        134.00498556479428,
        134.00498556479428,
        134.00498556479428,
        134.00498556479428,
        134.00498556479428,
        134.00498556479428,
        134.00498556479428,
        134.00498556479428,
        134.00498556479428,
        134.00498556479428,
        134.00498556479428,
        134.00498556479428,
        134.00498556479428,
        134.00498556479428,
        134.00498556479428,
        134.00498556479428,
        134.00498556479428,
        134.00498556479428,
        134.00498556479428,
        134.00498556479428,
        134.00498556479428,
        134.00498556479428,
        134.00498556479428,
        134.00498556479428,
        134.00498556479428,
        134.00498556479428,
        134.00498556479428,
        134.00498556479428,
        134.00498556479428,
        134.00498556479428,
        134.00498556479428,
        134.00498556479428,
        134.00498556479428,
        134.00498556479428,
        134.00498556479428,
        134.00498556479428,
        134.00498556479428,
        134.00498556479428,
        134.00498556479428,
        134.00498556479428,
        134.00498556479428,
        134.00498556479428
    ],