{
    "testproblem": "quadratic_deep",
    "batch_size": 128,
    "num_epochs": 100,
    "random_seed": 42,
    "weight_decay": null,
    "optimizer_name": "PowKernelGradientDescentOptimizer",
    "optimizer_hyperparams": {
        "learning_rate": 0.024637685958997447,
        "power": 0.9
    },
    "training_params": {
        "lr_sched_epochs": null,
        "lr_sched_factors": null
    },
    "train_losses": [
        352.8963535853795,
        102.15630231584821,
        98.91803850446429,
        96.38570840018136,
        94.39360591343471,
        92.81759207589286,
        91.56240517752511,
        90.55616542271206,
        89.74369158063617,
        89.08250645228794,
        88.5402592250279,
        88.09189169747489,
        87.71832929338727,
        87.40449632917132,
        87.13891928536552,
        86.91262599400112,
        86.7185810634068,
        86.5511975969587,
        86.40604291643415,
        86.27949523925781,
        86.16864885602679,
        86.07113538469586,
        85.98501913888114,
        85.90866960797992,
        85.84074401855469,
        85.7801273890904,
        85.7258791242327,
        85.67720576695034,
        85.63343157087054,
        85.5939712524414,
        85.5583256312779,
        85.52606419154576,
        85.49680437360492,
        85.47022683279855,
        85.446042742048,
        85.42399161202567,
        85.40385981968471,
        85.38544573102679,
        85.36858367919922,
        85.35312325613839,
        85.33892495291573,
        85.32586560930524,
        85.31383841378349,
        85.30273982456752,
        85.29249136788505,
        85.28301130022321,
        85.27423531668526,
        85.2660903930664,
        85.25853511265346,
        85.25150626046317,
        85.24496241978237,
        85.23886326381138,
        85.2331771850586,
        85.22785949707031,
        85.22288513183594,
        85.21822902134487,
        85.21386391775948,
        85.20976257324219,
        85.20591081891742,
        85.20228794642857,
        85.1988754272461,
        85.19565800258091,
        85.19262150355748,
        85.18975285121373,
        85.18704223632812,
        85.1844711303711,
        85.18203844342914,
        85.17973327636719,
        85.1775371006557,
        85.17545972551618,
        85.17347935267857,
        85.17159489222935,
        85.1697976248605,
        85.16808755057198,
        85.16645159040179,
        85.1648941040039,
        85.1634031023298,
        85.16197967529297,
        85.16061401367188,
        85.15930938720703,
        85.15805489676339,
        85.15685599190849,
        85.15570395333427,
        85.15459660121373,
        85.15353720528739,
        85.15251813616071,
        85.15153285435268,
        85.1505868094308,
        85.14967782156808,
        85.1488037109375,
        85.14795575823102,
        85.1471415928432,
        85.14635685511998,
        85.14559500558036,
        85.14486476353237,
        85.14415087018695,
        85.14346967424665,
        85.14280700683594,
        85.14216722760882,
        85.14154706682477,
        85.1409443446568
    ],
    "valid_losses": [
        353.81274850027904,
        103.2173352922712,
        99.99332318987165,
        97.47374398367745,
        95.49297768729073,
        93.92708478655133,
        92.68082536969867,
        91.68246895926339,
        90.87695421491351,
        90.22197832380023,
        89.68526894705636,
        89.24184962681362,
        88.87273842947823,
        88.5628160749163,
        88.30069187709263,
        88.0774677821568,
        87.8861334664481,
        87.72116524832589,
        87.57814570835659,
        87.45348685128349,
        87.3443102155413,
        87.2482681274414,
        87.16344887869698,
        87.08824157714844,
        87.0213143484933,
        86.96158272879464,
        86.9081039428711,
        86.86010197230748,
        86.81690979003906,
        86.77795519147601,
        86.74273899623326,
        86.71084376743862,
        86.68190002441406,
        86.65558188302177,
        86.63161359514508,
        86.6097390311105,
        86.58975110735211,
        86.57144056047711,
        86.55466134207589,
        86.53926195417132,
        86.52510833740234,
        86.51207297188895,
        86.50005885532924,
        86.48895590645927,
        86.47869546072823,
        86.46919359479632,
        86.46037946428571,
        86.4521985735212,
        86.44459097726005,
        86.43750980922154,
        86.43091147286552,
        86.42475019182477,
        86.41899653843471,
        86.41361127580915,
        86.4085693359375,
        86.40384456089565,
        86.39940425327846,
        86.39523097446987,
        86.39130619594029,
        86.38761138916016,
        86.38412802559989,
        86.38083321707589,
        86.37772478376117,
        86.37478528703961,
        86.37200273786273,
        86.36936623709542,
        86.36686270577567,
        86.36448996407645,
        86.3622316632952,
        86.36008889334542,
        86.35804530552456,
        86.3561019897461,
        86.354245867048,
        86.35247693743024,
        86.35078975132534,
        86.34917558942523,
        86.3476333618164,
        86.34615652901786,
        86.34474291120257,
        86.34338705880302,
        86.3420911516462,
        86.3408442905971,
        86.3396497453962,
        86.3385031563895,
        86.33740125383649,
        86.33634185791016,
        86.33531951904297,
        86.33434077671596,
        86.33339473179409,
        86.33248574393136,
        86.33160836356026,
        86.3307625906808,
        86.32994406563895,
        86.32915714808873,
        86.32839638846261,
        86.3276617867606,
        86.32694898332868,
        86.32626342773438,
        86.32559749058315,
        86.32495553152901,
        86.32433319091797
    ],