{
    "testproblem": "quadratic_deep",
    "batch_size": 128,
    "num_epochs": 100,
    "random_seed": 42,
    "weight_decay": null,
    "optimizer_name": "PowKernelGradientDescentOptimizer",
    "optimizer_hyperparams": {
        "learning_rate": 0.006338653441536255,
        "power": 0.5
    },
    "training_params": {
        "lr_sched_epochs": null,
        "lr_sched_factors": null
    },
    "train_losses": [
        352.8963535853795,
        193.01085335867745,
        127.35655103410993,
        107.54523577008929,
        103.74498748779297,
        102.55652182442802,
        101.60250309535435,
        100.71360669817243,
        99.8778555733817,
        99.09142630440849,
        98.35113961356026,
        97.65500749860492,
        96.99872371128627,
        96.38042885916573,
        95.7985349382673,
        95.25037384033203,
        94.73614937918526,
        94.25203159877232,
        93.79552459716797,
        93.36543382917132,
        92.95989336286273,
        92.57733808244977,
        92.21657017299107,
        91.87596348353794,
        91.55485207693917,
        91.25198691231864,
        90.96616908482143,
        90.69661167689732,
        90.4426509312221,
        90.20298331124442,
        89.9769788469587,
        89.76406860351562,
        89.56374250139508,
        89.37445613316127,
        89.19573865618024,
        89.02687508719308,
        88.8672616141183,
        88.71613202776227,
        88.5728999546596,
        88.43696921212333,
        88.30798993791852,
        88.18589237758091,
        88.0699212210519,
        87.95968300955636,
        87.85482243129185,
        87.7549809047154,
        87.65987287248883,
        87.56920187813895,
        87.4828632899693,
        87.4007077898298,
        87.3222405569894,
        87.24725341796875,
        87.17561776297433,
        87.10703386579242,
        87.04129355294364,
        86.97825186593192,
        86.91773332868304,
        86.85965183803013,
        86.80387769426618,
        86.75032370431083,
        86.69894627162388,
        86.64954158238002,
        86.6019755772182,
        86.55618068150112,
        86.51211547851562,
        86.46966770717076,
        86.42878723144531,
        86.38941519601005,
        86.35155814034599,
        86.31503513881138,
        86.27984292166573,
        86.24584851946149,
        86.21300179617745,
        86.18126024518695,
        86.15057373046875,
        86.1208997453962,
        86.09220450265067,
        86.06444440569196,
        86.03759438650948,
        86.01162719726562,
        85.98650142124721,
        85.96218763078961,
        85.93865203857422,
        85.91587175641742,
        85.8938217163086,
        85.87250409807477,
        85.8518818446568,
        85.83191462925502,
        85.81258392333984,
        85.79385702950614,
        85.77572413853237,
        85.7581547328404,
        85.74113355364118,
        85.72465188162667,
        85.70869663783482,
        85.69325583321708,
        85.6783218383789,
        85.66390555245536,
        85.64993395124164,
        85.63638959612165,
        85.62325831821987
    ],
    "valid_losses": [
        353.81274850027904,
        194.12267848423548,
        128.47115325927734,
        108.56032889229911,
        104.68901062011719,
        103.4830801827567,
        102.52663203648159,
        101.64168548583984,
        100.810788835798,
        100.02904728480748,
        99.2932859148298,
        98.60128893171039,
        97.9491217476981,
        97.33487374441964,
        96.75701795305524,
        96.21279035295758,
        95.70235661097935,
        95.22220938546317,
        94.76927730015346,
        94.34217071533203,
        93.93971470424107,
        93.56026676722935,
        93.20282745361328,
        92.86534009660993,
        92.54727281842914,
        92.24732426234654,
        91.9641342163086,
        91.69720567975726,
        91.44615282331195,
        91.20926557268415,
        90.98588126046317,
        90.77542223249164,
        90.5772476196289,
        90.3899416242327,
        90.21310860770089,
        90.04609789167132,
        89.88827187674386,
        89.7388185773577,
        89.59726279122489,
        89.46286991664341,
        89.33530644008091,
        89.21456800188336,
        89.09968021937779,
        88.99052974155971,
        88.88663918631417,
        88.78782217843192,
        88.69370378766742,
        88.60398646763393,
        88.51858302525112,
        88.43721008300781,
        88.35944584437779,
        88.28505597795758,
        88.21412658691406,
        88.14629364013672,
        88.081296648298,
        88.01896667480469,
        87.95912388392857,
        87.90170615059989,
        87.84654562813895,
        87.79353659493583,
        87.74273790631976,
        87.69393702915737,
        87.64696720668248,
        87.6017575945173,
        87.55831582205636,
        87.51653507777623,
        87.47625078473773,
        87.43743569510323,
        87.40005275181362,
        87.36401912144252,
        87.32933262416294,
        87.29583304268974,
        87.26345716203961,
        87.23216247558594,
        87.20190756661552,
        87.1726575578962,
        87.14436776297433,
        87.1169924054827,
        87.0905020577567,
        87.06489780970982,
        87.04013388497489,
        87.0161634172712,
        86.9929700578962,
        86.97052764892578,
        86.94881657191685,
        86.92790985107422,
        86.90764835902623,
        86.88795144217355,
        86.86888667515346,
        86.85040828159877,
        86.83250972202846,
        86.81517028808594,
        86.79837145124164,
        86.78209686279297,
        86.76633562360492,
        86.75110299246651,
        86.7363749912807,
        86.72220502580915,
        86.70844377790179,
        86.6950934273856,
        86.68214852469308
    ],