{
    "testproblem": "quadratic_deep",
    "batch_size": 128,
    "num_epochs": 100,
    "random_seed": 42,
    "weight_decay": null,
    "optimizer_name": "PowKernelMomentumOptimizer",
    "optimizer_hyperparams": {
        "learning_rate": 0.005342937261279772,
        "power": 0.4
    },
    "training_params": {
        "lr_sched_epochs": null,
        "lr_sched_factors": null
    },
    "train_losses": [
        352.8963535853795,
        113.1509769984654,
        146.6034676688058,
        106.6563230242048,
        101.2002203805106,
        97.93195561000279,
        93.82190268380302,
        91.22545732770648,
        89.38728768484933,
        88.1437497820173,
        87.3482175554548,
        86.74847303118024,
        86.37642778669085,
        86.07108415876117,
        85.86600930350167,
        85.71582576206752,
        85.58982413155692,
        85.51606968470982,
        85.44765908377511,
        85.41884504045758,
        85.39123971121651,
        85.38865443638393,
        85.38361576625279,
        85.39386095319476,
        85.39625767299107,
        85.41006469726562,
        85.41615622384208,
        85.42971365792411,
        85.43995012555804,
        85.45294080461774,
        85.46471514020648,
        85.47898428780692,
        85.4924065726144,
        85.50702449253627,
        85.52039337158203,
        85.53383309500558,
        85.54581887381417,
        85.55878557477679,
        85.57010977608817,
        85.58289555140904,
        85.59457615443638,
        85.60832105364118,
        85.61940002441406,
        85.6323983328683,
        85.64303152901786,
        85.65594373430524,
        85.66534641810826,
        85.67708151681083,
        85.68612779889789,
        85.69802529471261,
        85.706784929548,
        85.71797507149833,
        85.72575269426618,
        85.73690904889789,
        85.74462345668248,
        85.75520542689732,
        85.76251111711774,
        85.77307673863002,
        85.78016880580357,
        85.790036882673,
        85.79614802769252,
        85.80628204345703,
        85.81253487723214,
        85.82224382672992,
        85.82825469970703,
        85.83800070626395,
        85.84413037981305,
        85.85313306535993,
        85.8583243233817,
        85.86758749825614,
        85.8729498726981,
        85.88167681012835,
        85.88641248430524,
        85.89532361711774,
        85.90019989013672,
        85.90884399414062,
        85.91329084123883,
        85.9220210484096,
        85.9268046787807,
        85.93490382603237,
        85.93912942068917,
        85.94730704171317,
        85.95200456891742,
        85.95968409946987,
        85.96361977713448,
        85.97166551862445,
        85.97592272077289,
        85.983400617327,
        85.98711395263672,
        85.99492536272321,
        85.99898638044085,
        86.00619506835938,
        86.0096915108817,
        86.01725660051618,
        86.02114541190011,
        86.02811540876117,
        86.03138296944755,
        86.03871263776507,
        86.0424554007394,
        86.0491213117327,
        86.05220794677734
    ],
    "valid_losses": [
        353.81274850027904,
        114.50060054234096,
        147.0339072091239,
        107.33828517368862,
        102.58371298653739,
        98.37183380126953,
        95.02195194789341,
        91.94786943708148,
        90.46289171491351,
        89.0282211303711,
        88.36852046421596,
        87.71910967145648,
        87.37164742606026,
        87.08666883196149,
        86.85259791782924,
        86.7548097882952,
        86.58254023960659,
        86.55363246372768,
        86.4500231061663,
        86.44971030099052,
        86.40085819789341,
        86.41200583321708,
        86.39885493687221,
        86.41326577322823,
        86.40855080740792,
        86.42667388916016,
        86.42965371268136,
        86.4450182233538,
        86.45350755964007,
        86.46748679024833,
        86.47938210623605,
        86.49673461914062,
        86.50715092250279,
        86.5244641985212,
        86.53471374511719,
        86.55127716064453,
        86.56041717529297,
        86.57679857526507,
        86.58637237548828,
        86.60235813685826,
        86.61031995500836,
        86.6263656616211,
        86.63615199497768,
        86.65284293038505,
        86.65973881312779,
        86.67493547712054,
        86.68309892926898,
        86.69854954310826,
        86.70326559884208,
        86.71785082135882,
        86.72507040841239,
        86.7400131225586,
        86.74391719273159,
        86.75740051269531,
        86.7635029384068,
        86.77803584507534,
        86.78122275216239,
        86.79412296840123,
        86.79922703334263,
        86.81418718610492,
        86.81515393938336,
        86.8282972063337,
        86.83246067592076,
        86.8463363647461,
        86.84801374162946,
        86.86012704031808,
        86.86409432547433,
        86.8782468523298,
        86.87833949497768,
        86.89051491873605,
        86.89317757742745,
        86.90732683454242,
        86.9067862374442,
        86.91853441510882,
        86.92060089111328,
        86.93490055629185,
        86.93410382952008,
        86.94553048270089,
        86.94777025495257,
        86.96108136858258,
        86.96025848388672,
        86.9711423601423,
        86.97321428571429,
        86.98604801722935,
        86.98509870256696,
        86.99571228027344,
        86.99725995744977,
        87.01017325265067,
        87.0087639944894,
        87.0192119053432,
        87.02064078194755,
        87.03306143624442,
        87.03158024379185,
        87.04177420479911,
        87.04294804164341,
        87.05517142159599,
        87.0534896850586,
        87.06339154924665,
        87.06449236188617,
        87.07627650669643,
        87.0745849609375
    ],