{
    "testproblem": "quadratic_deep",
    "batch_size": 128,
    "num_epochs": 100,
    "random_seed": 42,
    "weight_decay": null,
    "optimizer_name": "PowKernelMomentumOptimizerN",
    "optimizer_hyperparams": {
        "learning_rate": 0.6245139574743064,
        "power": 0.7000000000000001
    },
    "training_params": {
        "lr_sched_epochs": null,
        "lr_sched_factors": null
    },
    "train_losses": [
        352.8963623046875,
        801170413.7142857,
        842925531.4285715,
        875877760.0,
        898828909.7142857,
        916639588.5714285,
        938416576.0,
        963926290.2857143,
        1016559259.4285715,
        1019096822.8571428,
        1019149705.1428572,
        1019080438.8571428,
        1019141568.0,
        1019076388.5714285,
        1019138870.8571428,
        1019075209.1428572,
        1019138688.0,
        1019074605.7142857,
        1019138203.4285715,
        1019074230.8571428,
        1019137901.7142857,
        1019074093.7142857,
        1019137728.0,
        1019074212.5714285,
        1019137792.0,
        1019074075.4285715,
        1019137801.1428572,
        1019074084.5714285,
        1019137709.7142857,
        1019073965.7142857,
        1019137645.7142857,
        1019074102.8571428,
        1019137846.8571428,
        1019074240.0,
        1019137792.0,
        1019074267.4285715,
        1019137600.0,
        1019074166.8571428,
        1019137654.8571428,
        1019074130.2857143,
        1019137737.1428572,
        1019074102.8571428,
        1019137865.1428572,
        1019073993.1428572,
        1019137810.2857143,
        1019074102.8571428,
        1019137636.5714285,
        1019073901.7142857,
        1019137627.4285715,
        1019073901.7142857,
        1019137728.0,
        1019073764.5714285,
        1019137828.5714285,
        1019073910.8571428,
        1019137837.7142857,
        1019073892.5714285,
        1019137737.1428572,
        1019073718.8571428,
        1019137664.0,
        1019073856.0,
        1019137700.5714285,
        1019073965.7142857,
        1019137773.7142857,
        1019073929.1428572,
        1019137846.8571428,
        1019073993.1428572,
        1019137901.7142857,
        1019074102.8571428,
        1019137865.1428572,
        1019074048.0,
        1019137883.4285715,
        1019074102.8571428,
        1019137856.0,
        1019074102.8571428,
        1019137856.0,
        1019074093.7142857,
        1019137892.5714285,
        1019074093.7142857,
        1019137846.8571428,
        1019074102.8571428,
        1019137828.5714285,
        1019074011.4285715,
        1019137865.1428572,
        1019074048.0,
        1019137810.2857143,
        1019074112.0,
        1019137865.1428572,
        1019074130.2857143,
        1019137819.4285715,
        1019074157.7142857,
        1019137746.2857143,
        1019074121.1428572,
        1019137846.8571428,
        1019074112.0,
        1019137801.1428572,
        1019074185.1428572,
        1019137673.1428572,
        1019074240.0,
        1019137645.7142857,
        1019074221.7142857,
        1019137664.0
    ],
    "valid_losses": [
        353.812752859933,
        801175552.0,
        842919762.2857143,
        875883254.8571428,
        898824777.1428572,
        916642185.1428572,
        938414994.2857143,
        963926848.0,
        1016559478.8571428,
        1019096420.5714285,
        1019150098.2857143,
        1019080073.1428572,
        1019141961.1428572,
        1019076022.8571428,
        1019139282.2857143,
        1019074806.8571428,
        1019139126.8571428,
        1019074157.7142857,
        1019138614.8571428,
        1019073828.5714285,
        1019138313.1428572,
        1019073664.0,
        1019138112.0,
        1019073782.8571428,
        1019138176.0,
        1019073664.0,
        1019138166.8571428,
        1019073664.0,
        1019138112.0,
        1019073581.7142857,
        1019138048.0,
        1019073664.0,
        1019138249.1428572,
        1019073846.8571428,
        1019138185.1428572,
        1019073883.4285715,
        1019138002.2857143,
        1019073773.7142857,
        1019138066.2857143,
        1019073728.0,
        1019138112.0,
        1019073664.0,
        1019138285.7142857,
        1019073590.8571428,
        1019138212.5714285,
        1019073664.0,
        1019138057.1428572,
        1019073481.1428572,
        1019138002.2857143,
        1019073499.4285715,
        1019138130.2857143,
        1019073362.2857143,
        1019138240.0,
        1019073517.7142857,
        1019138240.0,
        1019073481.1428572,
        1019138130.2857143,
        1019073298.2857143,
        1019138075.4285715,
        1019073462.8571428,
        1019138102.8571428,
        1019073536.0,
        1019138157.7142857,
        1019073481.1428572,
        1019138258.2857143,
        1019073590.8571428,
        1019138313.1428572,
        1019073664.0,
        1019138267.4285715,
        1019073627.4285715,
        1019138294.8571428,
        1019073664.0,
        1019138249.1428572,
        1019073664.0,
        1019138249.1428572,
        1019073664.0,
        1019138285.7142857,
        1019073664.0,
        1019138258.2857143,
        1019073664.0,
        1019138240.0,
        1019073609.1428572,
        1019138258.2857143,
        1019073627.4285715,
        1019138221.7142857,
        1019073682.2857143,
        1019138258.2857143,
        1019073764.5714285,
        1019138230.8571428,
        1019073764.5714285,
        1019138112.0,
        1019073728.0,
        1019138249.1428572,
        1019073664.0,
        1019138194.2857143,
        1019073773.7142857,
        1019138084.5714285,
        1019073846.8571428,
        1019138075.4285715,
        1019073837.7142857,
        1019138075.4285715
    ],