{
    "testproblem": "quadratic_deep",
    "batch_size": 128,
    "num_epochs": 100,
    "random_seed": 42,
    "weight_decay": null,
    "optimizer_name": "PowKernelMomentumOptimizer",
    "optimizer_hyperparams": {
        "learning_rate": 0.7261414516028825,
        "power": 0.7000000000000001
    },
    "training_params": {
        "lr_sched_epochs": null,
        "lr_sched_factors": null
    },
    "train_losses": [
        352.8963535853795,
        2020169.857142857,
        2441848.6785714286,
        2566483.8928571427,
        2688930.0714285714,
        3194263.785714286,
        2985618.6785714286,
        2764737.714285714,
        2935347.5714285714,
        2970515.1071428573,
        2879979.75,
        2889160.964285714,
        2930905.0714285714,
        2910483.8928571427,
        2898699.1071428573,
        2911435.3571428573,
        2913549.1071428573,
        2905722.035714286,
        2908386.75,
        2910216.5,
        2909227.6785714286,
        2907730.3928571427,
        2909668.9285714286,
        2908736.035714286,
        2909071.035714286,
        2908435.785714286,
        2909438.6428571427,
        2908428.0714285714,
        2909244.214285714,
        2908475.5714285714,
        2909297.285714286,
        2908412.3214285714,
        2909275.285714286,
        2908433.4285714286,
        2909261.5714285714,
        2908409.0714285714,
        2909258.0714285714,
        2908406.035714286,
        2909246.1428571427,
        2908399.035714286,
        2909240.5,
        2908390.9285714286,
        2909234.0714285714,
        2908384.714285714,
        2909228.3571428573,
        2908380.3571428573,
        2909222.285714286,
        2908375.0,
        2909219.75,
        2908368.9285714286,
        2909212.1785714286,
        2908366.6071428573,
        2909210.5714285714,
        2908360.9285714286,
        2909207.3571428573,
        2908358.1071428573,
        2909203.3571428573,
        2908356.785714286,
        2909199.8928571427,
        2908350.3214285714,
        2909197.3214285714,
        2908350.1071428573,
        2909194.1071428573,
        2908345.9285714286,
        2909191.535714286,
        2908347.3571428573,
        2909189.0,
        2908339.75,
        2909188.035714286,
        2908340.75,
        2909185.464285714,
        2908338.9285714286,
        2909184.6785714286,
        2908338.0,
        2909183.4285714286,
        2908337.535714286,
        2909181.035714286,
        2908335.3571428573,
        2909179.714285714,
        2908334.6428571427,
        2909178.0714285714,
        2908332.8928571427,
        2909177.8214285714,
        2908331.1071428573,
        2909176.9285714286,
        2908329.8214285714,
        2909177.3214285714,
        2908331.25,
        2909173.5,
        2908329.75,
        2909174.0714285714,
        2908327.214285714,
        2909174.0,
        2908327.964285714,
        2909172.535714286,
        2908328.75,
        2909172.714285714,
        2908325.8571428573,
        2909173.1428571427,
        2908326.5,
        2909171.1785714286
    ],
    "valid_losses": [
        353.81274850027904,
        2020563.142857143,
        2441859.9285714286,
        2566413.3214285714,
        2688922.6071428573,
        3194232.6428571427,
        2985709.8928571427,
        2764711.0714285714,
        2935336.464285714,
        2970493.9285714286,
        2880017.0,
        2889139.464285714,
        2930926.25,
        2910459.4285714286,
        2898725.6428571427,
        2911414.3571428573,
        2913571.6071428573,
        2905700.214285714,
        2908410.285714286,
        2910195.714285714,
        2909250.6785714286,
        2907709.214285714,
        2909692.1071428573,
        2908715.1785714286,
        2909094.0714285714,
        2908414.714285714,
        2909461.785714286,
        2908407.0714285714,
        2909267.3214285714,
        2908454.4285714286,
        2909320.5,
        2908391.25,
        2909298.5714285714,
        2908412.4285714286,
        2909284.6428571427,
        2908388.0714285714,
        2909281.1071428573,
        2908385.035714286,
        2909269.3214285714,
        2908378.1071428573,
        2909263.6071428573,
        2908370.0,
        2909257.0714285714,
        2908363.535714286,
        2909251.5,
        2908359.3214285714,
        2909245.285714286,
        2908354.035714286,
        2909242.785714286,
        2908347.8928571427,
        2909235.285714286,
        2908345.5,
        2909233.6071428573,
        2908340.0714285714,
        2909230.535714286,
        2908337.0714285714,
        2909226.535714286,
        2908335.6428571427,
        2909222.8928571427,
        2908329.3571428573,
        2909220.5,
        2908329.0714285714,
        2909217.1785714286,
        2908324.785714286,
        2909214.6428571427,
        2908326.1428571427,
        2909212.035714286,
        2908318.6071428573,
        2909211.1428571427,
        2908319.5714285714,
        2909208.535714286,
        2908318.0714285714,
        2909207.75,
        2908317.035714286,
        2909206.5714285714,
        2908316.4285714286,
        2909204.0714285714,
        2908314.3928571427,
        2909202.714285714,
        2908313.535714286,
        2909201.3214285714,
        2908311.964285714,
        2909200.8928571427,
        2908310.0714285714,
        2909199.8928571427,
        2908308.6785714286,
        2909200.464285714,
        2908310.1071428573,
        2909196.535714286,
        2908308.6071428573,
        2909197.3214285714,
        2908306.1071428573,
        2909197.035714286,
        2908307.035714286,
        2909195.6785714286,
        2908307.6071428573,
        2909195.8214285714,
        2908304.8214285714,
        2909196.25,
        2908305.4285714286,
        2909194.3214285714
    ],