{
    "testproblem": "quadratic_deep",
    "batch_size": 128,
    "num_epochs": 100,
    "random_seed": 42,
    "weight_decay": null,
    "optimizer_name": "PowKernelGradientDescentOptimizer",
    "optimizer_hyperparams": {
        "learning_rate": 0.014413469371110323,
        "power": 0.5
    },
    "training_params": {
        "lr_sched_epochs": null,
        "lr_sched_factors": null
    },
    "train_losses": [
        352.8963535853795,
        117.49020385742188,
        103.21067810058594,
        101.14630889892578,
        99.36067962646484,
        97.7950668334961,
        96.42486572265625,
        95.23127092633929,
        94.18765149797711,
        93.2716544015067,
        92.46914454868862,
        91.76832907540458,
        91.15373774937221,
        90.61383274623326,
        90.13783809116909,
        89.71756744384766,
        89.34620884486607,
        89.01626804896763,
        88.72132219587054,
        88.45675441196987,
        88.21885899135044,
        88.00497545514789,
        87.81219373430524,
        87.63817269461495,
        87.48093087332589,
        87.339113507952,
        87.21014840262276,
        87.0920649937221,
        86.98371887207031,
        86.8840560913086,
        86.79219055175781,
        86.7071772984096,
        86.62886265345982,
        86.5563463483538,
        86.4890605381557,
        86.42654745919364,
        86.3684321812221,
        86.31437356131417,
        86.26409040178571,
        86.21734946114677,
        86.17379542759487,
        86.13318634033203,
        86.09530203683036,
        86.05991908482143,
        86.026857648577,
        85.99595751081195,
        85.9670170375279,
        85.93995230538505,
        85.91464124407086,
        85.89099557059151,
        85.86892482212612,
        85.84825788225446,
        85.82891300746373,
        85.81079537527901,
        85.79361615862165,
        85.77799115862165,
        85.76343645368304,
        85.74985940115792,
        85.73722076416016,
        85.72543007986886,
        85.71443394252232,
        85.70418221609933,
        85.69462367466518,
        85.6857179914202,
        85.67742810930524,
        85.66972351074219,
        85.66256495884487,
        85.65594373430524,
        85.6498293195452,
        85.64417484828404,
        85.63893563406808,
        85.63408878871373,
        85.6296136038644,
        85.62548501150948,
        85.62168339320591,
        85.6181880405971,
        85.61498696463448,
        85.612062726702,
        85.60938916887555,
        85.60695975167411,
        85.60475703648159,
        85.6027581351144,
        85.60096195765904,
        85.599363054548,
        85.5979505266462,
        85.59671347481864,
        85.59563664027623,
        85.59470476422992,
        85.59392329624721,
        85.59327370779855,
        85.59276253836495,
        85.59237888881138,
        85.59211948939732,
        85.59197235107422,
        85.59193202427456,
        85.59199632917132,
        85.59215654645648,
        85.59240831647601,
        85.59274509974888,
        85.59315817696708,
        85.59365408761161
    ],
    "valid_losses": [
        353.81274850027904,
        118.63182067871094,
        104.22225843157086,
        102.16812351771763,
        100.39211709158761,
        98.8348617553711,
        97.47233036586216,
        96.28543090820312,
        95.24845668247768,
        94.3374513898577,
        93.53970881870815,
        92.84449005126953,
        92.23520878383091,
        91.7007086617606,
        91.23000117710659,
        90.81476593017578,
        90.44806671142578,
        90.12210518973214,
        89.83072662353516,
        89.5696280343192,
        89.33502524239677,
        89.12383270263672,
        88.93378339494977,
        88.76251329694476,
        88.6078872680664,
        88.468259538923,
        88.34107317243304,
        88.2244153703962,
        88.11750248500279,
        88.01919228690011,
        87.92848859514508,
        87.84443773542132,
        87.76724679129464,
        87.69583020891461,
        87.62959943498883,
        87.56809997558594,
        87.51093510219029,
        87.45776040213448,
        87.4083001273019,
        87.36230141775948,
        87.31944819859096,
        87.27948107038226,
        87.24218423025948,
        87.20733533586774,
        87.1747817993164,
        87.14435359409877,
        87.11585671561105,
        87.0892094203404,
        87.06429617745536,
        87.041015625,
        87.019289289202,
        86.99894060407367,
        86.97988782610211,
        86.96197509765625,
        86.94474792480469,
        86.92940412248883,
        86.91515459333148,
        86.90189143589565,
        86.88953617640904,
        86.87803540910993,
        86.86732264927456,
        86.85735321044922,
        86.84806496756417,
        86.83943285260882,
        86.83140345982143,
        86.82395390101841,
        86.81705038888114,
        86.81068856375558,
        86.80482373918805,
        86.79941122872489,
        86.7944096156529,
        86.789794921875,
        86.78554316929409,
        86.78163255964007,
        86.77804238455636,
        86.77475193568638,
        86.77175031389508,
        86.76901463099888,
        86.7665296282087,
        86.7642822265625,
        86.76225280761719,
        86.76042175292969,
        86.75878361293248,
        86.75733838762555,
        86.75607626778739,
        86.75498635428292,
        86.75406210763114,
        86.75328717912946,
        86.75264522007534,
        86.75213296072823,
        86.7517558506557,
        86.75150735037667,
        86.75137329101562,
        86.75135040283203,
        86.75143432617188,
        86.75161743164062,
        86.75189535958427,
        86.75226484026227,
        86.75271388462612,
        86.75324140276227,
        86.75384303501674
    ],