{
    "testproblem": "quadratic_deep",
    "batch_size": 128,
    "num_epochs": 100,
    "random_seed": 42,
    "weight_decay": null,
    "optimizer_name": "PowKernelGradientDescentOptimizer",
    "optimizer_hyperparams": {
        "learning_rate": 0.0006080390190296599,
        "power": 0.4
    },
    "training_params": {
        "lr_sched_epochs": null,
        "lr_sched_factors": null
    },
    "train_losses": [
        352.8963535853795,
        337.22000994001115,
        322.27063424246654,
        308.02758353097096,
        294.47024972098217,
        281.5783255440848,
        269.3316759381975,
        257.71031406947543,
        246.69444492885046,
        236.2642582484654,
        226.40047781808036,
        217.08406720842635,
        208.29597909109933,
        200.01724897112166,
        192.22914123535156,
        184.9132080078125,
        178.051762172154,
        171.62737383161272,
        165.62124851771765,
        160.01562282017298,
        154.7929207938058,
        149.9357169015067,
        145.42784772600447,
        141.25284467424666,
        137.39488874162947,
        133.8388192313058,
        130.56906018938338,
        127.5706547328404,
        124.82953861781529,
        122.33118656703404,
        120.06120845249721,
        118.00560760498047,
        116.15085819789341,
        114.48346710205078,
        112.99032047816685,
        111.65866960797992,
        110.47676413399833,
        109.43226841517857,
        108.51348005022321,
        107.70910753522601,
        107.00990077427456,
        106.40453120640346,
        105.88603864397321,
        105.44125148228237,
        105.06135014125279,
        104.73380824497768,
        104.45089285714286,
        104.20582907540458,
        103.99178750174386,
        103.80320630754743,
        103.63424355643136,
        103.48168509347099,
        103.34259905133929,
        103.2130126953125,
        103.09069170270648,
        102.97415379115513,
        102.8621586390904,
        102.75371878487724,
        102.64836011614118,
        102.54551914760044,
        102.44471740722656,
        102.34550149100167,
        102.24748992919922,
        102.15056719098773,
        102.05455126081195,
        101.95926666259766,
        101.86467960902623,
        101.77074214390346,
        101.67742265973773,
        101.5846699305943,
        101.49245234898159,
        101.40084293910435,
        101.30981990269252,
        101.21932874407086,
        101.12936074393136,
        101.0399191720145,
        100.95102909633091,
        100.86265890938895,
        100.77482495989118,
        100.6875,
        100.60069601876395,
        100.51439230782645,
        100.42859758649554,
        100.34327915736607,
        100.25843593052456,
        100.17406136648995,
        100.09015328543526,
        100.00670405796596,
        99.92372022356305,
        99.84119524274554,
        99.75912802559989,
        99.67751639229911,
        99.59636579241071,
        99.51567731584821,
        99.4354749407087,
        99.35578155517578,
        99.27657645089286,
        99.19782366071429,
        99.11951664515904,
        99.0416499546596,
        98.96422467912946
    ],
    "valid_losses": [
        353.81274850027904,
        338.1590794154576,
        323.2313145228795,
        309.008797781808,
        295.47098650251115,
        282.5976867675781,
        270.3687962123326,
        258.76419939313615,
        247.76397487095423,
        237.3483646937779,
        227.49804033551897,
        218.1937539236886,
        209.416255405971,
        201.14672197614397,
        193.36634172712053,
        186.05691746303015,
        179.20056370326452,
        172.77963256835938,
        166.7754908970424,
        161.17015293666296,
        155.94647870744978,
        151.08722795758928,
        146.57613917759485,
        142.39686366489954,
        138.53365652901786,
        134.97136797223772,
        131.69471740722656,
        128.68861498151506,
        125.93864113943917,
        123.4305899483817,
        121.15051378522601,
        119.08433423723493,
        117.21812874930245,
        115.53854370117188,
        114.03325544084821,
        112.68947928292411,
        111.49544525146484,
        110.4391108921596,
        109.50849151611328,
        108.692384992327,
        107.98187364850726,
        107.36594608851841,
        106.8377184186663,
        106.38394492013114,
        105.99595969063895,
        105.66065761021206,
        105.3702163696289,
        105.11832754952567,
        104.89777483258929,
        104.70326886858258,
        104.52903202601841,
        104.37163761683873,
        104.2282943725586,
        104.09490094866071,
        103.96932656424386,
        103.85002027239118,
        103.73558480398995,
        103.62515258789062,
        103.51817866734096,
        103.41418021065849,
        103.31261880057198,
        103.2127925327846,
        103.11438860212054,
        103.01719883510044,
        102.92103576660156,
        102.8257075718471,
        102.73118155343192,
        102.63738032749721,
        102.54431588309151,
        102.4518323625837,
        102.35993412562779,
        102.26863643101284,
        102.17798178536552,
        102.08787427629743,
        101.998293195452,
        101.90923745291573,
        101.82068961007255,
        101.73264530726841,
        101.64513179234096,
        101.55813271658761,
        101.47166660853794,
        101.38570840018136,
        101.30026136125836,
        101.21531132289341,
        101.13084193638393,
        101.04684557233539,
        100.96332550048828,
        100.88027518136161,
        100.79769025530133,
        100.71557290213448,
        100.6339111328125,
        100.55271693638393,
        100.47198704310826,
        100.39172799246651,
        100.31195831298828,
        100.2327161516462,
        100.15394483293805,
        100.07562582833427,
        99.99774278913226,
        99.92030334472656,
        99.84329986572266
    ],