{
    "testproblem": "quadratic_deep",
    "batch_size": 128,
    "num_epochs": 100,
    "random_seed": 42,
    "weight_decay": null,
    "optimizer_name": "PowKernelMomentumOptimizerN",
    "optimizer_hyperparams": {
        "learning_rate": 0.001531418971165477,
        "power": 0.8
    },
    "training_params": {
        "lr_sched_epochs": null,
        "lr_sched_factors": null
    },
    "train_losses": [
        352.8963623046875,
        112.78528376988002,
        126.1897713797433,
        104.0327867780413,
        102.23353140694755,
        98.788083757673,
        97.00586264474052,
        95.43299865722656,
        94.0960224696568,
        92.94831303187779,
        91.9647238595145,
        91.12584577287946,
        90.4038837977818,
        89.78450121198382,
        89.25195966448102,
        88.79200308663505,
        88.39315359933036,
        88.0460673740932,
        87.74268450055804,
        87.47633797781808,
        87.24149213518415,
        87.03357805524554,
        86.84870910644531,
        86.68361554827008,
        86.53558676583427,
        86.40235246930804,
        86.28201947893415,
        86.17300851004464,
        86.0739495413644,
        85.98367854527065,
        85.90120806012835,
        85.82568686349052,
        85.7563705444336,
        85.69261932373047,
        85.63387734549386,
        85.57966068812779,
        85.529543195452,
        85.48315756661552,
        85.44016919817243,
        85.40027509416852,
        85.36322348458427,
        85.32876913888114,
        85.29670933314732,
        85.26685006277901,
        85.239015851702,
        85.21304866245815,
        85.18880026681083,
        85.1661398751395,
        85.1449475969587,
        85.12511335100446,
        85.10654013497489,
        85.0891363961356,
        85.07281385149274,
        85.05750056675502,
        85.04312678745815,
        85.02961730957031,
        85.01692853655133,
        85.00499834333148,
        84.99377005440849,
        84.9832022530692,
        84.97325461251395,
        84.96387917654855,
        84.95504651750836,
        84.94671085902623,
        84.93885040283203,
        84.93142591203961,
        84.92441885811942,
        84.91779327392578,
        84.91153172084263,
        84.90561022077289,
        84.90000588553292,
        84.89469800676618,
        84.8896724155971,
        84.8849105834961,
        84.88039289202008,
        84.87611171177456,
        84.8720463344029,
        84.8681869506836,
        84.86452266148159,
        84.86104147774833,
        84.85772923060826,
        84.85457720075335,
        84.85158211844308,
        84.84872545514789,
        84.84601266043526,
        84.84342084612165,
        84.84095219203404,
        84.83859579903739,
        84.83634948730469,
        84.8342045375279,
        84.83215441022601,
        84.83019692557198,
        84.82832336425781,
        84.82653372628349,
        84.82482256208148,
        84.82318115234375,
        84.82161167689732,
        84.82010977608817,
        84.81866891043526,
        84.8172858101981,
        84.81596047537667
    ],
    "valid_losses": [
        353.812752859933,
        113.85794612339565,
        127.00154767717633,
        104.71778651646206,
        103.15799713134766,
        99.75342995779855,
        97.85818808419364,
        96.31712341308594,
        95.03066580636161,
        93.8700180053711,
        92.88446480887276,
        92.06089128766742,
        91.34552328927177,
        90.7293940952846,
        90.20256696428571,
        89.74776022774833,
        89.35306004115513,
        89.01000322614398,
        88.71023450578961,
        88.44714900425502,
        88.21534293038505,
        88.01021466936383,
        87.82781655447823,
        87.66495513916016,
        87.51898411342076,
        87.38761029924665,
        87.26897975376674,
        87.16152954101562,
        87.06385694231305,
        86.97488621303013,
        86.89361899239677,
        86.81917136056083,
        86.75083814348493,
        86.68799918038505,
        86.63008444649833,
        86.57661873953683,
        86.52718353271484,
        86.48141479492188,
        86.4389899117606,
        86.39961896623883,
        86.36302839006696,
        86.32899366106305,
        86.29731096540179,
        86.26780264718192,
        86.24028669084821,
        86.21460505894252,
        86.19061497279576,
        86.1681878226144,
        86.14720916748047,
        86.12756238664899,
        86.10916137695312,
        86.09190804617745,
        86.07571629115513,
        86.0605218069894,
        86.04624611990792,
        86.03283146449498,
        86.0202168055943,
        86.0083476475307,
        85.99717494419643,
        85.98665618896484,
        85.97674124581474,
        85.96739414760044,
        85.95857892717633,
        85.95025743756976,
        85.9424057006836,
        85.93498120989118,
        85.92796979631696,
        85.9213398524693,
        85.9150619506836,
        85.90911865234375,
        85.9034914289202,
        85.89815521240234,
        85.89310019356864,
        85.88830457414899,
        85.88375091552734,
        85.87943049839565,
        85.87532370431083,
        85.87142290387835,
        85.86771283830915,
        85.8641826084682,
        85.86082240513393,
        85.85762132917132,
        85.85457720075335,
        85.85167367117745,
        85.84890420096261,
        85.84626007080078,
        85.84374128069196,
        85.84133475167411,
        85.83903503417969,
        85.83683667864118,
        85.83473641531808,
        85.83272879464286,
        85.83080291748047,
        85.82896314348493,
        85.82719966343471,
        85.82551029750279,
        85.82388959612165,
        85.8223397391183,
        85.8208476475307,
        85.81941877092633,
        85.81804656982422
    ],