{
    "testproblem": "quadratic_deep",
    "batch_size": 128,
    "num_epochs": 100,
    "random_seed": 42,
    "weight_decay": null,
    "optimizer_name": "PowKernelMomentumOptimizer",
    "optimizer_hyperparams": {
        "learning_rate": 0.0006242659053860567,
        "power": 0.6000000000000001
    },
    "training_params": {
        "lr_sched_epochs": null,
        "lr_sched_factors": null
    },
    "train_losses": [
        352.8963535853795,
        266.61695643833707,
        155.90174211774553,
        108.95480564662388,
        108.49950190952846,
        108.86639295305524,
        104.47955867222377,
        102.59109606061664,
        101.85867636544364,
        100.76997484479632,
        99.85742950439453,
        99.04641614641461,
        98.26356942313058,
        97.52886635916573,
        96.83429391043526,
        96.18131801060268,
        95.56975991385323,
        94.99539293561664,
        94.45563398088727,
        93.94903564453125,
        93.47379738943917,
        93.02840968540737,
        92.61075156075614,
        92.21883283342633,
        91.85101100376674,
        91.50570242745536,
        91.18131474086216,
        90.87644522530692,
        90.58977617536273,
        90.32008797781808,
        90.06636810302734,
        89.82752881731305,
        89.60259464808873,
        89.39064243861607,
        89.19084712437221,
        89.00248609270368,
        88.82488904680524,
        88.65723855154855,
        88.49883706229073,
        88.34907749720982,
        88.20743233816964,
        88.07342747279576,
        87.94662366594586,
        87.8265620640346,
        87.71277727399554,
        87.60486929757255,
        87.50247846330915,
        87.40529523577008,
        87.31294904436383,
        87.22507912772042,
        87.14137377057757,
        87.0615735735212,
        86.98545401436942,
        86.91279602050781,
        86.84342520577567,
        86.7771497453962,
        86.71378544398716,
        86.65316445486886,
        86.5951396397182,
        86.53956821986607,
        86.48632267543248,
        86.43526349748883,
        86.38627079554966,
        86.3392562866211,
        86.29413168770927,
        86.2508305140904,
        86.20927102225167,
        86.16934204101562,
        86.13096727643695,
        86.09405408586774,
        86.05852508544922,
        86.02432141985211,
        85.99139077322823,
        85.95967538016183,
        85.9291240147182,
        85.89966801234654,
        85.87126050676618,
        85.84384155273438,
        85.81737191336495,
        85.79181126185826,
        85.76712472098214,
        85.74327523367745,
        85.72022138323102,
        85.69793374197823,
        85.67638179234096,
        85.65553828648159,
        85.6353759765625,
        85.61586325509208,
        85.59697505405971,
        85.57868957519531,
        85.56097957066127,
        85.5438232421875,
        85.52720315115792,
        85.51109531947544,
        85.49547794886998,
        85.48033251081195,
        85.46564701625279,
        85.45140293666294,
        85.43758501325335,
        85.42417907714844,
        85.41117858886719
    ],
    "valid_losses": [
        353.81274850027904,
        267.6159449986049,
        157.03106035505022,
        110.09878104073661,
        109.46824428013393,
        109.63120705740792,
        105.16155896868024,
        103.34751238141742,
        102.74227360316685,
        101.7027086530413,
        100.7545885358538,
        99.89324515206474,
        99.10044642857143,
        98.39200265066964,
        97.7241930280413,
        97.07710266113281,
        96.4589124407087,
        95.88127136230469,
        95.34657287597656,
        94.84752001081195,
        94.37695966448102,
        93.93359048025948,
        93.51800755092076,
        93.12914385114398,
        92.76463644845145,
        92.42220306396484,
        92.10032653808594,
        91.79788970947266,
        91.51376778738839,
        91.24657549176898,
        90.99505397251674,
        90.75820486886161,
        90.53524671282086,
        90.32537841796875,
        90.12770189557757,
        89.94140298025948,
        89.76575687953404,
        89.59994506835938,
        89.44327981131417,
        89.29517582484654,
        89.15513174874442,
        89.02271597726005,
        88.89751870291573,
        88.77892194475446,
        88.66650935581752,
        88.55994742257255,
        88.45882851736886,
        88.36279950823102,
        88.27156393868583,
        88.18479701450893,
        88.10219138009208,
        88.02345493861607,
        87.94834899902344,
        87.87662506103516,
        87.80811854771206,
        87.74267142159599,
        87.68013654436383,
        87.6203373500279,
        87.56311580113002,
        87.50834001813617,
        87.45584651402065,
        87.40549686976841,
        87.35718318394252,
        87.31080736432757,
        87.26630183628627,
        87.22358703613281,
        87.1825681413923,
        87.14317103794643,
        87.10531725202289,
        87.06891850062779,
        87.03387778145927,
        87.00013623918805,
        86.96762193952289,
        86.93629564557757,
        86.90613991873605,
        86.87710135323661,
        86.84910692487445,
        86.82207815987724,
        86.79598018101284,
        86.77076394217355,
        86.74640001569476,
        86.72286551339286,
        86.70013318743024,
        86.67816925048828,
        86.65693664550781,
        86.63638850620815,
        86.61649758475167,
        86.59725734165737,
        86.57862309047154,
        86.56058175223214,
        86.54312896728516,
        86.52623094831195,
        86.50987025669643,
        86.49402182442802,
        86.47864968436105,
        86.46373966761998,
        86.44927869524274,
        86.43525913783482,
        86.42166791643415,
        86.4084963117327,
        86.39573124476841
    ],