{
    "testproblem": "quadratic_deep",
    "batch_size": 128,
    "num_epochs": 100,
    "random_seed": 42,
    "weight_decay": null,
    "optimizer_name": "PowKernelGradientDescentOptimizer",
    "optimizer_hyperparams": {
        "learning_rate": 0.001492631830920936,
        "power": 0.6000000000000001
    },
    "training_params": {
        "lr_sched_epochs": null,
        "lr_sched_factors": null
    },
    "train_losses": [
        352.8963535853795,
        289.305428641183,
        239.7136513846261,
        201.60944475446428,
        172.8106689453125,
        151.44163295200892,
        135.90810067313058,
        124.87225450788226,
        117.23234449114118,
        112.09051731654576,
        108.73280225481305,
        106.59965297154018,
        105.28069741385323,
        104.45075443812779,
        103.89993722098214,
        103.5009035382952,
        103.18167877197266,
        102.90280369349888,
        102.6460941859654,
        102.40180097307477,
        102.16506522042411,
        101.93357413155692,
        101.70636531284877,
        101.4828622000558,
        101.26273890904018,
        101.0458483014788,
        100.83213806152344,
        100.62153080531529,
        100.41396004813058,
        100.20937783377511,
        100.00774165562221,
        99.80898829868862,
        99.6130839756557,
        99.42000579833984,
        99.22967856270927,
        99.04205322265625,
        98.85710144042969,
        98.67478724888393,
        98.4950932094029,
        98.31803022112165,
        98.14351327078683,
        97.97152056012835,
        97.80198996407645,
        97.63490295410156,
        97.47023228236607,
        97.30794198172433,
        97.14799063546317,
        96.99033791678292,
        96.83496420724052,
        96.68182918003627,
        96.5309088570731,
        96.38216836111886,
        96.23557390485492,
        96.09107753208706,
        95.9486814226423,
        95.80838339669364,
        95.67012132917132,
        95.53385816301618,
        95.3995829990932,
        95.26731545584542,
        95.13705226353237,
        95.00869315011161,
        94.88221413748605,
        94.75758470807757,
        94.63476017543248,
        94.51370893205915,
        94.39439392089844,
        94.27679225376674,
        94.16086905343192,
        94.04661560058594,
        93.9340068272182,
        93.82306671142578,
        93.71373530796596,
        93.60599626813617,
        93.4998299734933,
        93.39521026611328,
        93.29209899902344,
        93.19047328404018,
        93.09031568254743,
        92.99161202566964,
        92.89432852608817,
        92.79844883510044,
        92.70394134521484,
        92.61081259591239,
        92.5190200805664,
        92.42853328159877,
        92.3393325805664,
        92.25139399937221,
        92.16469029017857,
        92.07921164376395,
        91.99493408203125,
        91.91183907645089,
        91.82991572788784,
        91.7491433279855,
        91.66949680873326,
        91.5909674508231,
        91.51352255684989,
        91.43716539655414,
        91.36187308175224,
        91.2876456124442,
        91.21444811139789
    ],
    "valid_losses": [
        353.81274850027904,
        290.2857578822545,
        240.74156624930245,
        202.6692613874163,
        173.88658578055245,
        152.5202396937779,
        136.97721208844865,
        125.9234597342355,
        118.26086534772601,
        113.09277670724052,
        109.70871407645089,
        107.5506842476981,
        106.21071079799107,
        105.36310686383929,
        104.79853929792132,
        104.38948059082031,
        104.0629632132394,
        103.77909633091518,
        103.51936340332031,
        103.27345057896206,
        103.03586687360492,
        102.80409240722656,
        102.57702309744698,
        102.35403006417411,
        102.1346195765904,
        101.91854967389789,
        101.70577130998883,
        101.49611445835659,
        101.2895039149693,
        101.08589717320034,
        100.88524518694196,
        100.68748147147042,
        100.4925765991211,
        100.30049133300781,
        100.11115373883929,
        99.92452457972935,
        99.74056243896484,
        99.55923352922711,
        99.38051932198661,
        99.20443289620536,
        99.0308837890625,
        98.85985020228794,
        98.69127110072544,
        98.52512795584542,
        98.36141313825335,
        98.20008196149554,
        98.0410886492048,
        97.88439614432198,
        97.72996847970145,
        97.57777295793805,
        97.42779758998326,
        97.27999005998883,
        97.13432094029018,
        96.99075644356864,
        96.84928567068917,
        96.70993259974888,
        96.57259913853237,
        96.437255859375,
        96.30388750348773,
        96.17252567836216,
        96.04318346296039,
        95.9157224382673,
        95.7901131766183,
        95.6663316999163,
        95.5443355015346,
        95.42411695207868,
        95.30562264578683,
        95.18882097516742,
        95.07369668143136,
        94.9602290562221,
        94.848390851702,
        94.73819732666016,
        94.62960488455636,
        94.52259281703404,
        94.41715676443917,
        94.31326511928013,
        94.2108884538923,
        94.1099875313895,
        94.01055690220424,
        93.91257585797992,
        93.81599971226284,
        93.72081211635044,
        93.62698909214565,
        93.53455025809151,
        93.44344983782086,
        93.35365295410156,
        93.26512145996094,
        93.17784445626395,
        93.091799054827,
        93.00696563720703,
        92.92333330426898,
        92.84087698800224,
        92.75958469935826,
        92.67943572998047,
        92.60041155133929,
        92.52249254499164,
        92.44566345214844,
        92.36990138462612,
        92.29520961216518,
        92.22157396589007,
        92.14896065848214
    ],