{
    "testproblem": "quadratic_deep",
    "batch_size": 128,
    "num_epochs": 100,
    "random_seed": 42,
    "weight_decay": null,
    "optimizer_name": "PowKernelMomentumOptimizerN",
    "optimizer_hyperparams": {
        "learning_rate": 0.00070689749506246,
        "power": 0.7000000000000001
    },
    "training_params": {
        "lr_sched_epochs": null,
        "lr_sched_factors": null
    },
    "train_losses": [
        352.8963623046875,
        213.4622344970703,
        114.82706015450614,
        108.86276245117188,
        109.73572213309151,
        103.92571476527623,
        102.13834817068917,
        101.18294307163784,
        100.01318795340401,
        99.07287488664899,
        98.19583020891461,
        97.37714059012276,
        96.61305018833706,
        95.898923601423,
        95.2348131452288,
        94.61693572998047,
        94.04195622035435,
        93.50679016113281,
        93.00866263253349,
        92.54487064906529,
        92.11287907191685,
        91.71028573172433,
        91.33482033865792,
        90.9844970703125,
        90.65746198381696,
        90.35201699393136,
        90.06664712088448,
        89.79988316127232,
        89.55037035260882,
        89.31688036237445,
        89.09825897216797,
        88.89337703159877,
        88.70119803292411,
        88.5207748413086,
        88.35125078473773,
        88.19186619349888,
        88.04194096156529,
        87.90080261230469,
        87.76785714285714,
        87.64252253941127,
        87.52427891322544,
        87.41262381417411,
        87.30709293910435,
        87.20724487304688,
        87.1126708984375,
        87.02301243373326,
        86.9379392351423,
        86.8571526663644,
        86.78037806919643,
        86.70735495431083,
        86.63785988943917,
        86.57167053222656,
        86.50858415876117,
        86.44842529296875,
        86.39102935791016,
        86.33622523716518,
        86.28387015206474,
        86.23382132393974,
        86.18594578334263,
        86.14013562883649,
        86.09627096993583,
        86.05425698416573,
        86.01398359026227,
        85.97535923549107,
        85.93828800746373,
        85.90270669119698,
        85.8685324532645,
        85.835691179548,
        85.80412292480469,
        85.77376556396484,
        85.7445537022182,
        85.71643938337054,
        85.6893779209682,
        85.66331263950893,
        85.63820212227958,
        85.61400713239398,
        85.59068952287946,
        85.56819806780133,
        85.54650115966797,
        85.52556610107422,
        85.50536128452846,
        85.48584747314453,
        85.46700613839286,
        85.4488045828683,
        85.43122209821429,
        85.4142325265067,
        85.39781188964844,
        85.38192749023438,
        85.36656733921596,
        85.35171399797711,
        85.33733367919922,
        85.32341657366071,
        85.30995069231305,
        85.29690987723214,
        85.28427995954242,
        85.27205330984933,
        85.2602048601423,
        85.2487313406808,
        85.23761313302177,
        85.22683715820312,
        85.21639469691685
    ],
    "valid_losses": [
        353.812752859933,
        214.49072265625,
        115.92932673863002,
        109.82470812116351,
        110.51081194196429,
        104.64505222865513,
        102.94826180594308,
        102.08880397251674,
        100.92934090750558,
        99.95210375104632,
        99.05443790980748,
        98.24664960588727,
        97.50201742989677,
        96.79662214006696,
        96.13241904122489,
        95.51474108014789,
        94.94355119977679,
        94.41338130405971,
        93.91922869001117,
        93.45852988106864,
        93.02948107038226,
        92.62994820731026,
        92.25752803257534,
        91.91007123674665,
        91.58571079799107,
        91.28282710484096,
        90.99988991873605,
        90.7354987008231,
        90.48831939697266,
        90.2571302141462,
        90.04078674316406,
        89.8380857195173,
        89.64795575823102,
        89.46943991524833,
        89.30173710414341,
        89.14414869035993,
        88.99597058977399,
        88.85650525774274,
        88.7251695905413,
        88.6013684953962,
        88.4845690046038,
        88.37426866803851,
        88.27004023960659,
        88.17142050606864,
        88.07802363804409,
        87.98950522286552,
        87.90553283691406,
        87.82581329345703,
        87.75004359654018,
        87.67799159458706,
        87.60943167550224,
        87.54412950788226,
        87.48187364850726,
        87.42249952043805,
        87.36587524414062,
        87.31182861328125,
        87.26019832066127,
        87.21082414899554,
        87.1635981968471,
        87.11840493338448,
        87.07513972691127,
        87.03369140625,
        86.99396514892578,
        86.95587594168526,
        86.91932787214007,
        86.88424246651786,
        86.85054125104632,
        86.81816973005023,
        86.78705487932477,
        86.75713784354073,
        86.72835104806083,
        86.70064871651786,
        86.67396654401507,
        86.6482652936663,
        86.62349700927734,
        86.59964752197266,
        86.57666560581752,
        86.55451420375279,
        86.5331540788923,
        86.51253836495536,
        86.49263545445034,
        86.47341918945312,
        86.45486123221261,
        86.4369386945452,
        86.41962432861328,
        86.40289960588727,
        86.38672855922154,
        86.37107740129743,
        86.35593850272042,
        86.34128788539341,
        86.32711029052734,
        86.31339263916016,
        86.30010986328125,
        86.28725324358258,
        86.27480643136161,
        86.26274871826172,
        86.25106593540737,
        86.23974500383649,
        86.22877720424107,
        86.21814945765904,
        86.20785195486886
    ],