{
    "testproblem": "quadratic_deep",
    "batch_size": 128,
    "num_epochs": 100,
    "random_seed": 42,
    "weight_decay": null,
    "optimizer_name": "PowKernelMomentumOptimizerN",
    "optimizer_hyperparams": {
        "learning_rate": 0.024400607090817518,
        "power": 0.5
    },
    "training_params": {
        "lr_sched_epochs": null,
        "lr_sched_factors": null
    },
    "train_losses": [
        352.8963623046875,
        100.90318625313895,
        91.03897639683315,
        88.32870919363839,
        87.85030800955636,
        87.44933319091797,
        87.1977789742606,
        87.16193498883929,
        87.1714848109654,
        87.21206883021763,
        87.26300593784877,
        87.31347983224052,
        87.35488019670758,
        87.38424464634487,
        87.41430773053851,
        87.437744140625,
        87.46988895961216,
        87.4894289289202,
        87.52196175711495,
        87.53503962925502,
        87.5653097970145,
        87.58155604771206,
        87.60814775739398,
        87.61989157540458,
        87.64772251674107,
        87.65606253487724,
        87.68014635358539,
        87.69532121930804,
        87.71162959507534,
        87.71986171177456,
        87.74922834123883,
        87.74652535574776,
        87.76652090890067,
        87.77873011997768,
        87.79050118582589,
        87.79337419782367,
        87.81915719168526,
        87.81120191301618,
        87.82913534981864,
        87.83793531145368,
        87.85022953578404,
        87.84713636125836,
        87.86381312779018,
        87.85772923060826,
        87.88006918770927,
        87.88216727120536,
        87.88935852050781,
        87.88075365339007,
        87.90432412283761,
        87.89585440499442,
        87.91327122279576,
        87.9093268258231,
        87.9235098702567,
        87.90897478376117,
        87.93057359967914,
        87.92364283970424,
        87.93634033203125,
        87.92734200613839,
        87.9473157610212,
        87.931398664202,
        87.94904436383929,
        87.94653211321149,
        87.95689828055245,
        87.94483293805804,
        87.96558816092355,
        87.95047324044364,
        87.96789877755302,
        87.96386391775948,
        87.97484370640346,
        87.95926775251117,
        87.98008728027344,
        87.96636308942523,
        87.98372977120536,
        87.97697448730469,
        87.98957061767578,
        87.97235543387276,
        87.99248613630023,
        87.9799564906529,
        87.99644361223493,
        87.98761313302177,
        88.00198255266461,
        87.98399244035993,
        88.00366973876953,
        87.99311174665179,
        88.0070571899414,
        87.99488939557757,
        88.01316942487445,
        87.99554988316127,
        88.01354108537946,
        88.00721522739956,
        88.01846858433315,
        88.00420270647321,
        88.02348327636719,
        88.0065427507673,
        88.02449689592633,
        88.01777975899833,
        88.03004782540458,
        88.01208169119698,
        88.03199550083706,
        88.01694597516742,
        88.03513990129743
    ],
    "valid_losses": [
        353.812752859933,
        102.24694715227399,
        92.35102844238281,
        89.68844822474888,
        89.22892652239118,
        88.82709503173828,
        88.55508313860211,
        88.5160653250558,
        88.52581678118024,
        88.56855882917132,
        88.6183602469308,
        88.66807992117745,
        88.70977892194476,
        88.7396981375558,
        88.77119554792132,
        88.79590279715401,
        88.830078125,
        88.84980991908482,
        88.88327026367188,
        88.89628383091518,
        88.92820085797992,
        88.944577898298,
        88.97208077566964,
        88.98275974818638,
        89.01184517996651,
        89.02012525285993,
        89.04556601388114,
        89.06175231933594,
        89.07728685651507,
        89.08447265625,
        89.11688014439174,
        89.11185019356864,
        89.13323102678571,
        89.1471448625837,
        89.15803527832031,
        89.15926034109933,
        89.18815612792969,
        89.17724936349052,
        89.19691249302456,
        89.20745631626674,
        89.21984427315849,
        89.21383993966239,
        89.23183332170758,
        89.22440229143415,
        89.25043705531529,
        89.25247519356864,
        89.2588631766183,
        89.24658203125,
        89.27408163888114,
        89.26390293666294,
        89.28412083217076,
        89.27845219203404,
        89.29412405831474,
        89.27516283307757,
        89.30065808977399,
        89.29277910505023,
        89.30709293910435,
        89.29495675223214,
        89.3182122366769,
        89.29863521030971,
        89.3193599155971,
        89.31665148053851,
        89.32783944266183,
        89.31178937639508,
        89.33633204868862,
        89.31817844935826,
        89.33893149239677,
        89.3339603969029,
        89.34599849155971,
        89.32582201276507,
        89.35066332135882,
        89.33445957728794,
        89.35531071254185,
        89.34665897914341,
        89.36065237862724,
        89.33898489815849,
        89.36311994280133,
        89.34842790876117,
        89.3681389944894,
        89.35683332170758,
        89.37314823695591,
        89.35084969656808,
        89.3744615827288,
        89.36220005580357,
        89.3785160609654,
        89.36294664655414,
        89.38442993164062,
        89.36297934395927,
        89.38442121233258,
        89.37715911865234,
        89.38979230608258,
        89.37161581856864,
        89.39458792550224,
        89.37425449916294,
        89.39590781075614,
        89.38766697474888,
        89.40145656040737,
        89.37889426095145,
        89.40279388427734,
        89.38495200020927,
        89.40696171351841
    ],