{
    "testproblem": "mnist_vae",
    "batch_size": 64,
    "num_epochs": 50,
    "random_seed": 42,
    "weight_decay": null,
    "optimizer_name": "PowKernelMomentumOptimizerN",
    "optimizer_hyperparams": {
        "learning_rate": 0.2752717392942939,
        "power": 0.8
    },
    "training_params": {
        "allow_early_finish": true
    },
    "train_losses": [
        181.37576049413437,
        181.37576049413437,
        181.37576049413437,
        181.37576049413437,
        181.37576049413437,
        181.37576049413437,
        181.37576049413437,
        181.37576049413437,
        181.37576049413437,
        181.37576049413437,
        181.37576049413437,
        181.37576049413437,
        181.37576049413437,
        181.37576049413437,
        181.37576049413437,
        181.37576049413437,
        181.37576049413437,
        181.37576049413437,
        181.37576049413437,
        181.37576049413437,
        181.37576049413437,
        181.37576049413437,
        181.37576049413437,
        181.37576049413437,
        181.37576049413437,
        181.37576049413437,
        181.37576049413437,
        181.37576049413437,
        181.37576049413437,
        181.37576049413437,
        181.37576049413437,
        181.37576049413437,
        181.37576049413437,
        181.37576049413437,
        181.37576049413437,
        181.37576049413437,
        181.37576049413437,
        181.37576049413437,
        181.37576049413437,
        181.37576049413437,
        181.37576049413437,
        181.37576049413437,
        181.37576049413437,
        181.37576049413437,
        181.37576049413437,
        181.37576049413437,
        181.37576049413437,
        181.37576049413437,
        181.37576049413437,
        181.37576049413437,
        181.37576049413437
    ],
    "valid_losses": [
        181.3172224974021,
        181.3172224974021,
        181.3172224974021,
        181.3172224974021,
        181.3172224974021,
        181.3172224974021,
        181.3172224974021,
        181.3172224974021,
        181.3172224974021,
        181.3172224974021,
        181.3172224974021,
        181.3172224974021,
        181.3172224974021,
        181.3172224974021,
        181.3172224974021,
        181.3172224974021,
        181.3172224974021,
        181.3172224974021,
        181.3172224974021,
        181.3172224974021,
        181.3172224974021,
        181.3172224974021,
        181.3172224974021,
        181.3172224974021,
        181.3172224974021,
        181.3172224974021,
        181.3172224974021,
        181.3172224974021,
        181.3172224974021,
        181.3172224974021,
        181.3172224974021,
        181.3172224974021,
        181.3172224974021,
        181.3172224974021,
        181.3172224974021,
        181.3172224974021,
        181.3172224974021,
        181.3172224974021,
        181.3172224974021,
        181.3172224974021,
        181.3172224974021,
        181.3172224974021,
        181.3172224974021,
        181.3172224974021,
        181.3172224974021,
        181.3172224974021,
        181.3172224974021,
        181.3172224974021,
        181.3172224974021,
        181.3172224974021,
        181.3172224974021
    ],
    "test_losses": [
        181.37621248685397,
        181.37621248685397,
        181.37621248685397,
        181.37621248685397,
        181.37621248685397,
        181.37621248685397,
        181.37621248685397,
        181.37621248685397,
        181.37621248685397,
        181.37621248685397,
        181.37621248685397,
        181.37621248685397,
        181.37621248685397,
        181.37621248685397,
        181.37621248685397,
        181.37621248685397,
        181.37621248685397,
        181.37621248685397,
        181.37621248685397,
        181.37621248685397,
        181.37621248685397,
        181.37621248685397,
        181.37621248685397,
        181.37621248685397,
        181.37621248685397,
        181.37621248685397,
        181.37621248685397,
        181.37621248685397,
        181.37621248685397,
        181.37621248685397,
        181.37621248685397,
        181.37621248685397,
        181.37621248685397,
        181.37621248685397,
        181.37621248685397,
        181.37621248685397,
        181.37621248685397,
        181.37621248685397,
        181.37621248685397,
        181.37621248685397,
        181.37621248685397,
        181.37621248685397,
        181.37621248685397,
        181.37621248685397,
        181.37621248685397,
        181.37621248685397,
        181.37621248685397,
        181.37621248685397,
        181.37621248685397,
        181.37621248685397,
        181.37621248685397
    ],