{
    "testproblem": "mnist_vae",
    "batch_size": 64,
    "num_epochs": 50,
    "random_seed": 42,
    "weight_decay": null,
    "optimizer_name": "PowKernelMomentumOptimizer",
    "optimizer_hyperparams": {
        "learning_rate": 0.12273800987852958,
        "power": 0.7000000000000001
    },
    "training_params": {
        "lr_sched_epochs": null,
        "lr_sched_factors": null
    },
    "train_losses": [
        181.3757605919471,
        181.3757605919471,
        181.3757605919471,
        181.3757605919471,
        181.3757605919471,
        181.3757605919471,
        181.3757605919471,
        181.3757605919471,
        181.3757605919471,
        181.3757605919471,
        181.3757605919471,
        181.3757605919471,
        181.3757605919471,
        181.3757605919471,
        181.3757605919471,
        181.3757605919471,
        181.3757605919471,
        181.3757605919471,
        181.3757605919471,
        181.3757605919471,
        181.3757605919471,
        181.3757605919471,
        181.3757605919471,
        181.3757605919471,
        181.3757605919471,
        181.3757605919471,
        181.3757605919471,
        181.3757605919471,
        181.3757605919471,
        181.3757605919471,
        181.3757605919471,
        181.3757605919471,
        181.3757605919471,
        181.3757605919471,
        181.3757605919471,
        181.3757605919471,
        181.3757605919471,
        181.3757605919471,
        181.3757605919471,
        181.3757605919471,
        181.3757605919471,
        181.3757605919471,
        181.3757605919471,
        181.3757605919471,
        181.3757605919471,
        181.3757605919471,
        181.3757605919471,
        181.3757605919471,
        181.3757605919471,
        181.3757605919471,
        181.3757605919471
    ],
    "valid_losses": [
        181.3172219105256,
        181.3172219105256,
        181.3172219105256,
        181.3172219105256,
        181.3172219105256,
        181.3172219105256,
        181.3172219105256,
        181.3172219105256,
        181.3172219105256,
        181.3172219105256,
        181.3172219105256,
        181.3172219105256,
        181.3172219105256,
        181.3172219105256,
        181.3172219105256,
        181.3172219105256,
        181.3172219105256,
        181.3172219105256,
        181.3172219105256,
        181.3172219105256,
        181.3172219105256,
        181.3172219105256,
        181.3172219105256,
        181.3172219105256,
        181.3172219105256,
        181.3172219105256,
        181.3172219105256,
        181.3172219105256,
        181.3172219105256,
        181.3172219105256,
        181.3172219105256,
        181.3172219105256,
        181.3172219105256,
        181.3172219105256,
        181.3172219105256,
        181.3172219105256,
        181.3172219105256,
        181.3172219105256,
        181.3172219105256,
        181.3172219105256,
        181.3172219105256,
        181.3172219105256,
        181.3172219105256,
        181.3172219105256,
        181.3172219105256,
        181.3172219105256,
        181.3172219105256,
        181.3172219105256,
        181.3172219105256,
        181.3172219105256,
        181.3172219105256
    ],
    "test_losses": [
        181.3762127802922,
        181.3762127802922,
        181.3762127802922,
        181.3762127802922,
        181.3762127802922,
        181.3762127802922,
        181.3762127802922,
        181.3762127802922,
        181.3762127802922,
        181.3762127802922,
        181.3762127802922,
        181.3762127802922,
        181.3762127802922,
        181.3762127802922,
        181.3762127802922,
        181.3762127802922,
        181.3762127802922,
        181.3762127802922,
        181.3762127802922,
        181.3762127802922,
        181.3762127802922,
        181.3762127802922,
        181.3762127802922,
        181.3762127802922,
        181.3762127802922,
        181.3762127802922,
        181.3762127802922,
        181.3762127802922,
        181.3762127802922,
        181.3762127802922,
        181.3762127802922,
        181.3762127802922,
        181.3762127802922,
        181.3762127802922,
        181.3762127802922,
        181.3762127802922,
        181.3762127802922,
        181.3762127802922,
        181.3762127802922,
        181.3762127802922,
        181.3762127802922,
        181.3762127802922,
        181.3762127802922,
        181.3762127802922,
        181.3762127802922,
        181.3762127802922,
        181.3762127802922,
        181.3762127802922,
        181.3762127802922,
        181.3762127802922,
        181.3762127802922
    ],