{
    "testproblem": "quadratic_deep",
    "batch_size": 128,
    "num_epochs": 100,
    "random_seed": 42,
    "weight_decay": null,
    "optimizer_name": "PowKernelMomentumOptimizerN",
    "optimizer_hyperparams": {
        "learning_rate": 0.00292043384718141,
        "power": 0.9
    },
    "training_params": {
        "lr_sched_epochs": null,
        "lr_sched_factors": null
    },
    "train_losses": [
        352.8963623046875,
        133.91705976213728,
        102.75711495535714,
        99.05730220249721,
        95.37126922607422,
        92.96924700055804,
        91.13336726597377,
        89.7819355555943,
        88.77872031075614,
        88.02586800711495,
        87.45566885811942,
        87.01532745361328,
        86.6694564819336,
        86.39236995152065,
        86.16684831891742,
        85.98055594308036,
        85.82477569580078,
        85.69324602399554,
        85.58125741141183,
        85.48529161725726,
        85.40259987967355,
        85.33101872035435,
        85.26880645751953,
        85.21454620361328,
        85.16708047049386,
        85.12543160574776,
        85.08878762381417,
        85.05646296909877,
        85.0278810773577,
        85.00254494803292,
        84.98003496442523,
        84.95999254499164,
        84.94210270472935,
        84.9260973249163,
        84.91174425397601,
        84.89884621756417,
        84.88722664969308,
        84.87673841203961,
        84.86724417550224,
        84.85863494873047,
        84.8508071899414,
        84.84367370605469,
        84.83715711321149,
        84.83118765694755,
        84.82571411132812,
        84.8206808907645,
        84.81604330880302,
        84.81175776890346,
        84.80779157366071,
        84.80411093575614,
        84.80069078717914,
        84.7975082397461,
        84.79453713553292,
        84.79176112583706,
        84.7891595023019,
        84.78672354561942,
        84.78442709786552,
        84.78227015904018,
        84.78023747035435,
        84.77831486293248,
        84.77649797712054,
        84.77477700369698,
        84.7731464930943,
        84.77159554617745,
        84.77012525285993,
        84.76872144426618,
        84.76739065987724,
        84.76611328125,
        84.76489584786552,
        84.76373291015625,
        84.76261901855469,
        84.76155417306083,
        84.76053074428013,
        84.75955309186664,
        84.75860922677177,
        84.75770459856305,
        84.756838117327,
        84.75600106375558,
        84.75519561767578,
        84.7544174194336,
        84.75366755894252,
        84.75294821602958,
        84.75224958147321,
        84.75157601492745,
        84.75092206682477,
        84.7502931867327,
        84.7496828351702,
        84.7490953717913,
        84.74852316720145,
        84.7479716709682,
        84.74743543352399,
        84.74691336495536,
        84.7464109148298,
        84.7459215436663,
        84.74544743129185,
        84.74498203822544,
        84.74453517368862,
        84.74410029820034,
        84.7436774117606,
        84.74326433454242,
        84.74286324637276
    ],
    "valid_losses": [
        353.812752859933,
        134.82543073381697,
        103.5313971383231,
        100.08787972586495,
        96.24146161760602,
        93.93824114118304,
        92.09341321672711,
        90.74911825997489,
        89.76361737932477,
        89.01497214181083,
        88.45324598039899,
        88.01861027308873,
        87.6776842389788,
        87.40452684674945,
        87.18236650739398,
        86.99877820696149,
        86.84522683279855,
        86.71554456438336,
        86.60506112234933,
        86.51032257080078,
        86.42863464355469,
        86.35785784040179,
        86.29629298618862,
        86.24254826136998,
        86.19547598702567,
        86.15413011823382,
        86.11770956856864,
        86.08553968157086,
        86.0570558820452,
        86.03177315848214,
        86.00928061349052,
        85.98922293526786,
        85.97129167829242,
        85.95523071289062,
        85.94079698835101,
        85.9278063092913,
        85.91608428955078,
        85.90548161097935,
        85.89586857386998,
        85.8871340070452,
        85.87918199811664,
        85.87191554478237,
        85.86526598249164,
        85.85917009626117,
        85.85356140136719,
        85.84839521135602,
        85.8436257498605,
        85.83921377999442,
        85.83512224469867,
        85.83131517682757,
        85.82778058733258,
        85.82447596958706,
        85.82138933454242,
        85.8185054234096,
        85.8157937186105,
        85.81324659075055,
        85.81085096086774,
        85.808595929827,
        85.80646514892578,
        85.80444989885602,
        85.80254255022321,
        85.8007332938058,
        85.79901994977679,
        85.79738943917411,
        85.79584176199776,
        85.79436383928571,
        85.79295458112445,
        85.79160962785993,
        85.79032788957868,
        85.78910173688617,
        85.78792245047433,
        85.78679547991071,
        85.7857164655413,
        85.78468322753906,
        85.78368704659599,
        85.78272901262555,
        85.7818113054548,
        85.78092520577567,
        85.78007180350167,
        85.77925109863281,
        85.77846091134208,
        85.77769470214844,
        85.77695683070591,
        85.7762472970145,
        85.7755595615932,
        85.77489035470145,
        85.77424948556083,
        85.77362605503627,
        85.77301788330078,
        85.7724358694894,
        85.77187020438058,
        85.77131870814732,
        85.77078574044364,
        85.77027130126953,
        85.76976776123047,
        85.76927947998047,
        85.76880645751953,
        85.76834760393415,
        85.76789855957031,
        85.76746259416852,
        85.7670429774693
    ],