{
    "testproblem": "quadratic_deep",
    "batch_size": 128,
    "num_epochs": 100,
    "random_seed": 42,
    "weight_decay": null,
    "optimizer_name": "PowKernelGradientDescentOptimizer",
    "optimizer_hyperparams": {
        "learning_rate": 0.005342937261279772,
        "power": 0.4
    },
    "training_params": {
        "lr_sched_epochs": null,
        "lr_sched_factors": null
    },
    "train_losses": [
        352.8963535853795,
        237.7277090890067,
        167.2378169468471,
        128.7332763671875,
        111.06947544642857,
        105.00731549944196,
        103.3077370779855,
        102.39210183279855,
        101.5912606375558,
        100.834958757673,
        100.11834934779576,
        99.43807002476284,
        98.79128156389508,
        98.1763916015625,
        97.59373583112445,
        97.0390875680106,
        96.51229858398438,
        96.01183210100446,
        95.5353513445173,
        95.08252934047154,
        94.65404074532645,
        94.24729374476841,
        93.86055864606585,
        93.4926997593471,
        93.14237431117466,
        92.80874524797711,
        92.49082619803292,
        92.18827274867466,
        91.90028054373605,
        91.62582070486886,
        91.3643079485212,
        91.11570412772042,
        90.87905992780414,
        90.65380423409599,
        90.43951851981026,
        90.23621586390904,
        90.04334368024554,
        89.85997990199498,
        89.6865964617048,
        89.52190399169922,
        89.36514827183315,
        89.21599905831474,
        89.07413700648716,
        88.93887220110211,
        88.80971091134208,
        88.68663133893695,
        88.56957462855748,
        88.45805358886719,
        88.35176086425781,
        88.25026157924107,
        88.15305001395089,
        88.05988311767578,
        87.97050258091518,
        87.88491712297711,
        87.8027812412807,
        87.72388131277901,
        87.64808000837054,
        87.5751201084682,
        87.50486537388393,
        87.4372318812779,
        87.37235477992466,
        87.309816632952,
        87.24963051932198,
        87.19165366036552,
        87.13574763706752,
        87.08188302176339,
        87.03017098563058,
        86.98043932233539,
        86.93245588030133,
        86.88622501918248,
        86.84149605887276,
        86.79820796421596,
        86.75629207066127,
        86.71569061279297,
        86.67624010358539,
        86.63802337646484,
        86.60100446428571,
        86.56511470249721,
        86.5303224836077,
        86.49658966064453,
        86.46398162841797,
        86.43229130336216,
        86.4015372140067,
        86.37168448311942,
        86.34277997698102,
        86.31478554861886,
        86.28754643031529,
        86.26108986990792,
        86.23539406912667,
        86.21045902797154,
        86.18624550955636,
        86.1627447945731,
        86.13994380405971,
        86.11785561697823,
        86.09645516531808,
        86.07571302141461,
        86.05559757777623,
        86.03604125976562,
        86.01703098842076,
        85.99854605538505,
        85.98060716901507
    ],
    "valid_losses": [
        353.81274850027904,
        238.81578935895647,
        168.40928431919642,
        129.87738037109375,
        112.12732587541852,
        105.98186383928571,
        104.24115644182477,
        103.31082589285714,
        102.50616019112724,
        101.75157274518695,
        101.03868974958148,
        100.36305127825055,
        99.72081538609096,
        99.11023821149554,
        98.53194754464286,
        97.98129490443638,
        97.45815168108258,
        96.9615729195731,
        96.48850795200893,
        96.0386712210519,
        95.61308288574219,
        95.20936802455357,
        94.82552991594586,
        94.46037074497768,
        94.11279623849052,
        93.78216879708427,
        93.4669211251395,
        93.16700199672154,
        92.88157326834542,
        92.60967908586774,
        92.35054234095982,
        92.10460117885044,
        91.8706294468471,
        91.64798736572266,
        91.4361070905413,
        91.23497445242745,
        91.04452732631138,
        90.86351885114398,
        90.69249398367745,
        90.52995082310268,
        90.3749280657087,
        90.22753797258649,
        90.0875483921596,
        89.95410483224052,
        89.82656751360211,
        89.70499856131417,
        89.58920506068638,
        89.47874232700893,
        89.37369973318917,
        89.27344076974052,
        89.17727770124164,
        89.08505358014789,
        88.99657222202846,
        88.91173335484096,
        88.8304203578404,
        88.7522942679269,
        88.67733328683036,
        88.60515376499721,
        88.535642351423,
        88.46867915562221,
        88.40446363176618,
        88.34238760811942,
        88.28279876708984,
        88.22540392194476,
        88.17006138392857,
        88.11675480433873,
        88.065427507673,
        88.01619502476284,
        87.96870640345982,
        87.92296927315849,
        87.8787340436663,
        87.83592224121094,
        87.79440416608539,
        87.75422886439732,
        87.71514674595424,
        87.67725590297154,
        87.64066096714565,
        87.60523005894252,
        87.57088143484933,
        87.53761509486607,
        87.50569588797433,
        87.47452654157367,
        87.4442138671875,
        87.41476113455636,
        87.38625662667411,
        87.3585684640067,
        87.33164978027344,
        87.30551583426339,
        87.2801273890904,
        87.25548008510044,
        87.23146602085659,
        87.20825849260602,
        87.1857659476144,
        87.16398620605469,
        87.14282880510602,
        87.12243107386998,
        87.10279628208706,
        87.08360072544643,
        87.06490434919085,
        87.04671696254185,
        87.02907889229911
    ],