{
    "testproblem": "quadratic_deep",
    "batch_size": 128,
    "num_epochs": 100,
    "random_seed": 42,
    "weight_decay": null,
    "optimizer_name": "PowKernelMomentumOptimizerN",
    "optimizer_hyperparams": {
        "learning_rate": 0.03113095956122122,
        "power": 0.5
    },
    "training_params": {
        "lr_sched_epochs": null,
        "lr_sched_factors": null
    },
    "train_losses": [
        352.8963623046875,
        99.50910949707031,
        90.59408678327289,
        88.38462502615792,
        87.89185442243304,
        87.64409637451172,
        87.62389591761998,
        87.7256099155971,
        87.91820417131696,
        88.06767272949219,
        88.22894723074776,
        88.37542070661273,
        88.45073699951172,
        88.55154091971261,
        88.55021231515067,
        88.66714368547711,
        88.73292977469308,
        88.8331298828125,
        88.8496834891183,
        88.98242841448102,
        89.03778294154576,
        89.12603323800224,
        89.11405944824219,
        89.22630419049945,
        89.26232583182198,
        89.33333587646484,
        89.30949074881417,
        89.41201673235211,
        89.43776484898159,
        89.49938528878349,
        89.46700286865234,
        89.56321062360492,
        89.58567374093192,
        89.63718741280692,
        89.60220009940011,
        89.69651685442243,
        89.7205559866769,
        89.75669860839844,
        89.71422685895648,
        89.7998526436942,
        89.82134246826172,
        89.8504878452846,
        89.80263192313058,
        89.88341413225446,
        89.90107945033482,
        89.9281005859375,
        89.87969316755023,
        89.95859200613839,
        89.97433253696987,
        89.99764578683036,
        89.94728633335659,
        90.02322932652065,
        90.03773607526507,
        90.0572019304548,
        90.00666046142578,
        90.0778579711914,
        90.09466770717076,
        90.11078534807477,
        90.06010328020368,
        90.12726266043526,
        90.1470925467355,
        90.16046905517578,
        90.11150251116071,
        90.17848641531808,
        90.19602639334542,
        90.20704759870257,
        90.1583480834961,
        90.22346932547433,
        90.24160548618862,
        90.25107029506138,
        90.2028067452567,
        90.25573839460101,
        90.28441401890346,
        90.27440534319196,
        90.23867361886161,
        90.26950291224888,
        90.31940024239677,
        90.31006404331752,
        90.27493068150112,
        90.3063485281808,
        90.38839067731585,
        90.37758091517857,
        90.417724609375,
        90.38004738943917,
        90.44514574323382,
        90.43634360177177,
        90.45264543805804,
        90.39851815359933,
        90.44479588099888,
        90.46878487723214,
        90.45586613246373,
        90.41360582624164,
        90.44135284423828,
        90.53064618791852,
        90.53358132498605,
        90.52408926827567,
        90.47822570800781,
        90.53609902518136,
        90.54391915457589,
        90.54957798549107,
        90.50319453648159
    ],
    "valid_losses": [
        353.812752859933,
        100.79461342947823,
        91.74038260323661,
        89.59059470040458,
        89.12944684709821,
        88.90538787841797,
        88.86081804547992,
        88.9493430001395,
        89.14342934744698,
        89.29477364676339,
        89.47065734863281,
        89.59882572719029,
        89.70086778913226,
        89.79074096679688,
        89.79034096854073,
        89.89464460100446,
        89.98816244942802,
        90.0723408290318,
        90.09433201381138,
        90.20949009486607,
        90.29433768136161,
        90.36790902273995,
        90.35952322823661,
        90.45557512555804,
        90.52036394391742,
        90.57616206577846,
        90.5546133858817,
        90.6409672328404,
        90.69653647286552,
        90.74341801234654,
        90.71150970458984,
        90.79128047398159,
        90.84500885009766,
        90.88223157610211,
        90.84784371512276,
        90.92757851736886,
        90.97993796212333,
        91.00239780970982,
        90.95999908447266,
        91.03115408761161,
        91.08064379010882,
        91.09757341657367,
        91.0492673601423,
        91.11522892543248,
        91.16056496756417,
        91.17535400390625,
        91.12630244663784,
        91.19038609095982,
        91.23386492047992,
        91.24557168143136,
        91.19378662109375,
        91.25497327532086,
        91.29722377232143,
        91.30647386823382,
        91.25262887137276,
        91.30955396379743,
        91.3541739327567,
        91.3606185913086,
        91.30580139160156,
        91.3589848109654,
        91.40650612967355,
        91.41064998081752,
        91.35703386579242,
        91.41011483328683,
        91.45537676130023,
        91.4575947352818,
        91.40383039202008,
        91.45502253941127,
        91.50091007777623,
        91.50173078264508,
        91.44813428606305,
        91.48709324428013,
        91.54376874651227,
        91.52641078404018,
        91.48192923409599,
        91.51018742152623,
        91.57893916538784,
        91.56644984654018,
        91.51631600516183,
        91.55704062325614,
        91.62931496756417,
        91.63277762276786,
        91.66064017159599,
        91.62816728864398,
        91.67745099748883,
        91.69583892822266,
        91.70073917933873,
        91.64526476178851,
        91.67587280273438,
        91.72875867571149,
        91.70692988804409,
        91.65633719308036,
        91.69026293073382,
        91.76750074114118,
        91.79246412004743,
        91.7742451259068,
        91.722900390625,
        91.76780809674945,
        91.8026362827846,
        91.79964120047433,
        91.7487564086914
    ],