{
    "testproblem": "quadratic_deep",
    "batch_size": 128,
    "num_epochs": 100,
    "random_seed": 42,
    "weight_decay": null,
    "optimizer_name": "PowKernelMomentumOptimizer",
    "optimizer_hyperparams": {
        "learning_rate": 0.43379206974909357,
        "power": 0.7000000000000001
    },
    "training_params": {
        "lr_sched_epochs": null,
        "lr_sched_factors": null
    },
    "train_losses": [
        352.8963535853795,
        71560.75111607143,
        59055.61997767857,
        88455.84598214286,
        103086.30245535714,
        102522.17410714286,
        87917.32700892857,
        92090.28683035714,
        97534.29464285714,
        93854.01339285714,
        92343.91741071429,
        94372.53236607143,
        94548.484375,
        93308.2734375,
        93826.29575892857,
        94056.79352678571,
        93894.1484375,
        93674.90736607143,
        93996.39955357143,
        93819.20647321429,
        93897.09263392857,
        93783.02678571429,
        93957.26339285714,
        93778.59040178571,
        93929.85491071429,
        93790.33816964286,
        93938.85379464286,
        93781.6015625,
        93937.49776785714,
        93786.08147321429,
        93936.63839285714,
        93784.20870535714,
        93937.66629464286,
        93784.75,
        93937.02790178571,
        93784.6328125,
        93937.37053571429,
        93784.63839285714,
        93937.13169642857,
        93784.62165178571,
        93937.23214285714,
        93784.61383928571,
        93937.24553571429,
        93784.62165178571,
        93937.16741071429,
        93784.64620535714,
        93937.16183035714,
        93784.64508928571,
        93937.20758928571,
        93784.59263392857,
        93937.23883928571,
        93784.70424107143,
        93937.19196428571,
        93784.5859375,
        93937.20870535714,
        93784.62165178571,
        93937.13839285714,
        93784.67745535714,
        93937.18303571429,
        93784.63616071429,
        93937.21316964286,
        93784.671875,
        93937.15066964286,
        93784.59821428571,
        93937.18526785714,
        93784.61272321429,
        93937.2109375,
        93784.5546875,
        93937.12946428571,
        93784.63950892857,
        93937.2109375,
        93784.60267857143,
        93937.20758928571,
        93784.66071428571,
        93937.12053571429,
        93784.59821428571,
        93937.12388392857,
        93784.61830357143,
        93937.15066964286,
        93784.6171875,
        93937.14397321429,
        93784.63392857143,
        93937.16071428571,
        93784.59821428571,
        93937.13727678571,
        93784.59821428571,
        93937.20870535714,
        93784.66964285714,
        93937.12388392857,
        93784.60379464286,
        93937.14174107143,
        93784.62834821429,
        93937.16741071429,
        93784.59821428571,
        93937.14174107143,
        93784.640625,
        93937.12834821429,
        93784.64174107143,
        93937.19196428571,
        93784.57477678571,
        93937.13504464286
    ],
    "valid_losses": [
        353.81274850027904,
        71640.3359375,
        59054.23325892857,
        88437.7109375,
        103098.15736607143,
        102508.54910714286,
        87925.09151785714,
        92092.37834821429,
        97535.91964285714,
        93851.69084821429,
        92349.31361607143,
        94369.62388392857,
        94554.15290178571,
        93304.60825892857,
        93831.57254464286,
        94053.76897321429,
        93899.25223214286,
        93671.85379464286,
        94001.41964285714,
        93816.26450892857,
        93902.11160714286,
        93780.02120535714,
        93962.28125,
        93775.609375,
        93934.87276785714,
        93787.34933035714,
        93943.86607142857,
        93778.61941964286,
        93942.51339285714,
        93783.09486607143,
        93941.64955357143,
        93781.22209821429,
        93942.67633928571,
        93781.76227678571,
        93942.03794642857,
        93781.64732142857,
        93942.38169642857,
        93781.65066964286,
        93942.14397321429,
        93781.63727678571,
        93942.23883928571,
        93781.62611607143,
        93942.25446428571,
        93781.6328125,
        93942.17745535714,
        93781.65959821429,
        93942.17410714286,
        93781.65513392857,
        93942.21763392857,
        93781.60267857143,
        93942.24888392857,
        93781.71763392857,
        93942.20647321429,
        93781.59263392857,
        93942.21651785714,
        93781.63727678571,
        93942.15066964286,
        93781.68861607143,
        93942.19419642857,
        93781.640625,
        93942.22767857143,
        93781.67857142857,
        93942.16071428571,
        93781.609375,
        93942.19196428571,
        93781.625,
        93942.22321428571,
        93781.56584821429,
        93942.140625,
        93781.65178571429,
        93942.21986607143,
        93781.61160714286,
        93942.21540178571,
        93781.671875,
        93942.12946428571,
        93781.61049107143,
        93942.1328125,
        93781.62946428571,
        93942.16517857143,
        93781.62946428571,
        93942.15178571429,
        93781.64174107143,
        93942.17522321429,
        93781.61049107143,
        93942.1484375,
        93781.61383928571,
        93942.21651785714,
        93781.67857142857,
        93942.13727678571,
        93781.61383928571,
        93942.15178571429,
        93781.63950892857,
        93942.17857142857,
        93781.61160714286,
        93942.15290178571,
        93781.65178571429,
        93942.13950892857,
        93781.65290178571,
        93942.20089285714,
        93781.5859375,
        93942.14732142857
    ],