{
    "testproblem": "quadratic_deep",
    "batch_size": 128,
    "num_epochs": 100,
    "random_seed": 42,
    "weight_decay": null,
    "optimizer_name": "PowKernelGradientDescentOptimizer",
    "optimizer_hyperparams": {
        "learning_rate": 0.7261414516028825,
        "power": 0.7000000000000001
    },
    "training_params": {
        "lr_sched_epochs": null,
        "lr_sched_factors": null
    },
    "train_losses": [
        352.8963535853795,
        140986438.85714287,
        172199563.42857143,
        174754688.0,
        179961293.7142857,
        183409682.2857143,
        185858827.42857143,
        189134320.0,
        192714402.2857143,
        194938173.7142857,
        199124228.57142857,
        207826948.57142857,
        209911803.42857143,
        209909051.42857143,
        209927965.7142857,
        209909021.7142857,
        209927908.57142857,
        209909010.2857143,
        209927906.2857143,
        209908985.14285713,
        209927853.7142857,
        209908950.85714287,
        209927876.57142857,
        209908944.0,
        209927849.14285713,
        209908934.85714287,
        209927849.14285713,
        209908944.0,
        209927821.7142857,
        209908932.57142857,
        209927849.14285713,
        209908912.0,
        209927849.14285713,
        209908896.0,
        209927833.14285713,
        209908857.14285713,
        209927835.42857143,
        209908916.57142857,
        209927787.42857143,
        209908886.85714287,
        209927778.2857143,
        209908877.7142857,
        209927810.2857143,
        209908884.57142857,
        209927826.2857143,
        209908882.2857143,
        209927810.2857143,
        209908896.0,
        209927835.42857143,
        209908923.42857143,
        209927837.7142857,
        209908916.57142857,
        209927828.57142857,
        209908907.42857143,
        209927796.57142857,
        209908905.14285713,
        209927803.42857143,
        209908898.2857143,
        209927819.42857143,
        209908905.14285713,
        209927803.42857143,
        209908893.7142857,
        209927789.7142857,
        209908905.14285713,
        209927803.42857143,
        209908893.7142857,
        209927785.14285713,
        209908866.2857143,
        209927785.14285713,
        209908877.7142857,
        209927773.7142857,
        209908886.85714287,
        209927773.7142857,
        209908889.14285713,
        209927780.57142857,
        209908875.42857143,
        209927789.7142857,
        209908875.42857143,
        209927794.2857143,
        209908866.2857143,
        209927778.2857143,
        209908845.7142857,
        209927785.14285713,
        209908857.14285713,
        209927803.42857143,
        209908857.14285713,
        209927796.57142857,
        209908854.85714287,
        209927766.85714287,
        209908866.2857143,
        209927773.7142857,
        209908893.7142857,
        209927789.7142857,
        209908866.2857143,
        209927780.57142857,
        209908857.14285713,
        209927785.14285713,
        209908877.7142857,
        209927771.42857143,
        209908870.85714287,
        209927785.14285713
    ],
    "valid_losses": [
        353.81274850027904,
        140988406.85714287,
        172196948.57142857,
        174757264.0,
        179958784.0,
        183411810.2857143,
        185857138.2857143,
        189135446.85714287,
        192713643.42857143,
        194938681.14285713,
        199123977.14285713,
        207826923.42857143,
        209911984.0,
        209908868.57142857,
        209928153.14285713,
        209908836.57142857,
        209928096.0,
        209908827.42857143,
        209928098.2857143,
        209908800.0,
        209928045.7142857,
        209908761.14285713,
        209928068.57142857,
        209908758.85714287,
        209928036.57142857,
        209908749.7142857,
        209928036.57142857,
        209908754.2857143,
        209928006.85714287,
        209908733.7142857,
        209928036.57142857,
        209908726.85714287,
        209928032.0,
        209908710.85714287,
        209928020.57142857,
        209908672.0,
        209928022.85714287,
        209908729.14285713,
        209927990.85714287,
        209908704.0,
        209927972.57142857,
        209908697.14285713,
        209927993.14285713,
        209908699.42857143,
        209928018.2857143,
        209908704.0,
        209927997.7142857,
        209908713.14285713,
        209928022.85714287,
        209908731.42857143,
        209928020.57142857,
        209908726.85714287,
        209928016.0,
        209908722.2857143,
        209927993.14285713,
        209908724.57142857,
        209927990.85714287,
        209908720.0,
        209928004.57142857,
        209908724.57142857,
        209927990.85714287,
        209908706.2857143,
        209927974.85714287,
        209908724.57142857,
        209927986.2857143,
        209908708.57142857,
        209927977.14285713,
        209908672.0,
        209927974.85714287,
        209908699.42857143,
        209927963.42857143,
        209908704.0,
        209927963.42857143,
        209908704.0,
        209927968.0,
        209908701.7142857,
        209927977.14285713,
        209908688.0,
        209927988.57142857,
        209908674.2857143,
        209927974.85714287,
        209908665.14285713,
        209927979.42857143,
        209908667.42857143,
        209927990.85714287,
        209908674.2857143,
        209927988.57142857,
        209908672.0,
        209927954.2857143,
        209908678.85714287,
        209927965.7142857,
        209908704.0,
        209927981.7142857,
        209908674.2857143,
        209927972.57142857,
        209908672.0,
        209927974.85714287,
        209908697.14285713,
        209927963.42857143,
        209908692.57142857,
        209927974.85714287
    ],