{
    "testproblem": "quadratic_deep",
    "batch_size": 128,
    "num_epochs": 100,
    "random_seed": 42,
    "weight_decay": null,
    "optimizer_name": "PowKernelGradientDescentOptimizer",
    "optimizer_hyperparams": {
        "learning_rate": 0.024400607090817518,
        "power": 0.5
    },
    "training_params": {
        "lr_sched_epochs": null,
        "lr_sched_factors": null
    },
    "train_losses": [
        352.8963535853795,
        103.97578648158482,
        100.7456523350307,
        98.13922882080078,
        96.03949192592076,
        94.36125728062221,
        93.02183750697544,
        91.92726244245257,
        91.03268323625836,
        90.3067125592913,
        89.7112285069057,
        89.2186279296875,
        88.81033543178013,
        88.46628679547992,
        88.17485700334821,
        87.92479269845145,
        87.71113804408482,
        87.52547999790737,
        87.36594608851841,
        87.22456577845982,
        87.10236467633929,
        86.9948970249721,
        86.90051378522601,
        86.81827545166016,
        86.74532754080636,
        86.68019539969308,
        86.6219733101981,
        86.56940024239677,
        86.52195957728794,
        86.47919573102679,
        86.44056156703404,
        86.40563637869698,
        86.37411499023438,
        86.3451668875558,
        86.31986781529018,
        86.29744720458984,
        86.27741241455078,
        86.25961521693638,
        86.24368613106864,
        86.22944859095982,
        86.21681213378906,
        86.20551082066127,
        86.19524383544922,
        86.18622807094029,
        86.1782695225307,
        86.17110879080636,
        86.1649409702846,
        86.15961129324776,
        86.1550761631557,
        86.15128326416016,
        86.14817810058594,
        86.1457018171038,
        86.14381081717355,
        86.1424538748605,
        86.1416015625,
        86.14121791294643,
        86.1412593296596,
        86.14168112618583,
        86.1424560546875,
        86.14355795724052,
        86.14495413643974,
        86.14662497384208,
        86.14854322160993,
        86.15066746303013,
        86.15302276611328,
        86.15558297293526,
        86.15833173479352,
        86.16125379289899,
        86.1643306187221,
        86.16754913330078,
        86.1708984375,
        86.17437090192523,
        86.17794690813336,
        86.18161337716239,
        86.1853506905692,
        86.18917846679688,
        86.19309779575893,
        86.19708578927177,
        86.20114353724888,
        86.20526450020927,
        86.20944104875836,
        86.21366555350167,
        86.21793256487165,
        86.2222409929548,
        86.22658429827008,
        86.23095594133649,
        86.2353515625,
        86.23977443150112,
        86.2442158290318,
        86.24867248535156,
        86.25314549037388,
        86.25762394496373,
        86.26211656842914,
        86.266603742327,
        86.27110181535993,
        86.27558898925781,
        86.28008706229073,
        86.28455570765904,
        86.28905160086495,
        86.2935049874442,
        86.2979758126395
    ],
    "valid_losses": [
        353.81274850027904,
        105.01579066685268,
        101.82101549421039,
        99.22598593575614,
        97.13665880475726,
        95.4711423601423,
        94.14371926443917,
        93.05975886753627,
        92.17434801374164,
        91.45641435895648,
        90.8678458077567,
        90.38164411272321,
        89.97915540422711,
        89.64104243687221,
        89.35593523297992,
        89.11079515729632,
        88.90186309814453,
        88.71978214808873,
        88.56371743338448,
        88.42483520507812,
        88.30525970458984,
        88.20007651192802,
        88.10770634242466,
        88.0271497453962,
        87.9556644984654,
        87.89176068987165,
        87.83466012137276,
        87.78313446044922,
        87.73665400913784,
        87.69474683489118,
        87.65684945242745,
        87.62251717703683,
        87.59146772112165,
        87.56244877406529,
        87.5374276297433,
        87.51543426513672,
        87.49583871023995,
        87.47848292759487,
        87.46297345842633,
        87.44913482666016,
        87.43687438964844,
        87.42592947823661,
        87.41595894949776,
        87.40725816999164,
        87.39959171840123,
        87.39271763392857,
        87.38684191022601,
        87.38179452078683,
        87.37750353131976,
        87.37394060407367,
        87.37105451311383,
        87.36878858293805,
        87.36709812709263,
        87.36592864990234,
        87.36525072370257,
        87.36503383091518,
        87.36522892543248,
        87.3657967703683,
        87.36671883719308,
        87.36795697893415,
        87.36949048723493,
        87.37128666469029,
        87.37333025251117,
        87.37556784493583,
        87.37803976876395,
        87.38070896693638,
        87.3835678100586,
        87.3865944998605,
        87.3897726876395,
        87.39309801374164,
        87.39655303955078,
        87.4001214163644,
        87.40379660470145,
        87.40756443568638,
        87.41138894217355,
        87.41531263078961,
        87.41931915283203,
        87.42339760916573,
        87.42754690987724,
        87.43176160539899,
        87.43602643694196,
        87.44033813476562,
        87.44469887869698,
        87.44909123011998,
        87.45351954868862,
        87.45797838483539,
        87.4624513898577,
        87.46695600237165,
        87.47148132324219,
        87.47601972307477,
        87.48057665143695,
        87.48514120919364,
        87.48971993582589,
        87.49429212297711,
        87.49887956891742,
        87.50345829554966,
        87.50804574148995,
        87.51260375976562,
        87.5171868460519,
        87.52173396519252,
        87.5262919834682
    ],