{
    "testproblem": "quadratic_deep",
    "batch_size": 128,
    "num_epochs": 100,
    "random_seed": 42,
    "weight_decay": null,
    "optimizer_name": "PowKernelGradientDescentOptimizer",
    "optimizer_hyperparams": {
        "learning_rate": 0.2752717392942939,
        "power": 0.8
    },
    "training_params": {
        "lr_sched_epochs": null,
        "lr_sched_factors": null
    },
    "train_losses": [
        352.8963535853795,
        68179208.0,
        179452212.57142857,
        188930859.42857143,
        195280212.57142857,
        200995024.0,
        203062198.85714287,
        203835510.85714287,
        203983691.42857143,
        204048788.57142857,
        204045579.42857143,
        204064246.85714287,
        204049284.57142857,
        204065270.85714287,
        204049474.2857143,
        204065353.14285713,
        204049552.0,
        204065442.2857143,
        204049536.0,
        204065387.42857143,
        204049478.85714287,
        204065497.14285713,
        204049529.14285713,
        204065398.85714287,
        204049497.14285713,
        204065376.0,
        204049467.42857143,
        204065392.0,
        204049520.0,
        204065392.0,
        204049561.14285713,
        204065394.2857143,
        204049565.7142857,
        204065433.14285713,
        204049590.85714287,
        204065417.14285713,
        204049563.42857143,
        204065412.57142857,
        204049563.42857143,
        204065435.42857143,
        204049590.85714287,
        204065444.57142857,
        204049561.14285713,
        204065449.14285713,
        204049536.0,
        204065440.0,
        204049558.85714287,
        204065437.7142857,
        204049549.7142857,
        204065444.57142857,
        204049547.42857143,
        204065442.2857143,
        204049520.0,
        204065444.57142857,
        204049574.85714287,
        204065440.0,
        204049611.42857143,
        204065435.42857143,
        204049600.0,
        204065430.85714287,
        204049602.2857143,
        204065440.0,
        204049602.2857143,
        204065414.85714287,
        204049565.7142857,
        204065408.0,
        204049542.85714287,
        204065389.7142857,
        204049568.0,
        204065449.14285713,
        204049581.7142857,
        204065394.2857143,
        204049561.14285713,
        204065392.0,
        204049563.42857143,
        204065401.14285713,
        204049572.57142857,
        204065394.2857143,
        204049588.57142857,
        204065392.0,
        204049602.2857143,
        204065426.2857143,
        204049574.85714287,
        204065417.14285713,
        204049577.14285713,
        204065428.57142857,
        204049563.42857143,
        204065417.14285713,
        204049563.42857143,
        204065394.2857143,
        204049561.14285713,
        204065426.2857143,
        204049563.42857143,
        204065421.7142857,
        204049561.14285713,
        204065440.0,
        204049549.7142857,
        204065414.85714287,
        204049531.42857143,
        204065435.42857143,
        204049561.14285713
    ],
    "valid_losses": [
        353.81274850027904,
        68180513.14285715,
        179449387.42857143,
        188933993.14285713,
        195277024.0,
        200998310.85714287,
        203058806.85714287,
        203838962.2857143,
        203980244.57142857,
        204052249.14285713,
        204042118.85714287,
        204067705.14285713,
        204045824.0,
        204068731.42857143,
        204046020.57142857,
        204068820.57142857,
        204046096.0,
        204068896.0,
        204046080.0,
        204068852.57142857,
        204046018.2857143,
        204068953.14285713,
        204046066.2857143,
        204068859.42857143,
        204046038.85714287,
        204068827.42857143,
        204046002.2857143,
        204068848.0,
        204046064.0,
        204068848.0,
        204046098.2857143,
        204068859.42857143,
        204046109.7142857,
        204068889.14285713,
        204046125.7142857,
        204068884.57142857,
        204046105.14285713,
        204068868.57142857,
        204046102.85714287,
        204068893.7142857,
        204046130.2857143,
        204068896.0,
        204046100.57142857,
        204068902.85714287,
        204046082.2857143,
        204068893.7142857,
        204046100.57142857,
        204068893.7142857,
        204046096.0,
        204068896.0,
        204046093.7142857,
        204068896.0,
        204046064.0,
        204068898.2857143,
        204046114.2857143,
        204068891.42857143,
        204046155.42857143,
        204068889.14285713,
        204046132.57142857,
        204068893.7142857,
        204046141.7142857,
        204068889.14285713,
        204046139.42857143,
        204068882.2857143,
        204046114.2857143,
        204068859.42857143,
        204046093.7142857,
        204068852.57142857,
        204046114.2857143,
        204068909.7142857,
        204046118.85714287,
        204068852.57142857,
        204046105.14285713,
        204068852.57142857,
        204046109.7142857,
        204068859.42857143,
        204046114.2857143,
        204068852.57142857,
        204046123.42857143,
        204068852.57142857,
        204046146.2857143,
        204068886.85714287,
        204046116.57142857,
        204068882.2857143,
        204046114.2857143,
        204068889.14285713,
        204046102.85714287,
        204068886.85714287,
        204046102.85714287,
        204068857.14285713,
        204046102.85714287,
        204068886.85714287,
        204046102.85714287,
        204068886.85714287,
        204046100.57142857,
        204068898.2857143,
        204046098.2857143,
        204068882.2857143,
        204046077.7142857,
        204068891.42857143,
        204046096.0
    ],