{
    "testproblem": "quadratic_deep",
    "batch_size": 128,
    "num_epochs": 100,
    "random_seed": 42,
    "weight_decay": null,
    "optimizer_name": "PowKernelMomentumOptimizer",
    "optimizer_hyperparams": {
        "learning_rate": 0.0005415244119402537,
        "power": 0.7000000000000001
    },
    "training_params": {
        "lr_sched_epochs": null,
        "lr_sched_factors": null
    },
    "train_losses": [
        352.8963535853795,
        254.45947047642298,
        141.02112470354353,
        106.53264944893974,
        110.82670048304966,
        108.8900865827288,
        104.01774161202567,
        102.6155766078404,
        101.92244502476284,
        100.88304792131696,
        100.0708498273577,
        99.35002136230469,
        98.64622497558594,
        97.98958260672433,
        97.36597878592355,
        96.77356937953404,
        96.2144034249442,
        95.68566240583148,
        95.1848896571568,
        94.71083722795758,
        94.2621350969587,
        93.8374753679548,
        93.43560355050224,
        93.05522700718471,
        92.69506399972099,
        92.35396902901786,
        92.0308336530413,
        91.72465297154018,
        91.43446132114956,
        91.15930829729352,
        90.89827837262835,
        90.65057373046875,
        90.41546303885323,
        90.19226183210101,
        89.98026820591518,
        89.77883911132812,
        89.58736964634487,
        89.40531485421317,
        89.2321548461914,
        89.06739480154855,
        88.91056605747768,
        88.76124681745257,
        88.61900983537946,
        88.48345402308873,
        88.35420445033482,
        88.23088945661273,
        88.11318969726562,
        88.00079672677177,
        87.8934347970145,
        87.79082924979073,
        87.6927250453404,
        87.5989020211356,
        87.50911930629185,
        87.4231676374163,
        87.34083993094308,
        87.26195962088448,
        87.18633488246373,
        87.11380113874164,
        87.044189453125,
        86.97734832763672,
        86.91313716343471,
        86.8514164515904,
        86.79207175118583,
        86.73498099190849,
        86.68003300258091,
        86.62713296072823,
        86.57617732456752,
        86.52708108084542,
        86.4797603062221,
        86.43412671770368,
        86.39011056082589,
        86.34762900216239,
        86.30661991664341,
        86.26701245989118,
        86.22874668666294,
        86.19175829206195,
        86.15600149972099,
        86.12142181396484,
        86.08797345842633,
        86.0556171962193,
        86.02430071149554,
        85.99398149762835,
        85.96463012695312,
        85.93619537353516,
        85.9086423601423,
        85.88194056919643,
        85.85604422433036,
        85.83093370710101,
        85.80657849993024,
        85.78294263567243,
        85.76000649588448,
        85.73773520333427,
        85.71611022949219,
        85.69510432652065,
        85.67469787597656,
        85.65486689976284,
        85.6355972290039,
        85.61686379568917,
        85.5986557006836,
        85.58094896589007,
        85.56372724260602
    ],
    "valid_losses": [
        353.81274850027904,
        255.45167759486608,
        142.1224365234375,
        107.61717551095145,
        111.7399422781808,
        109.64098467145648,
        104.71907152448382,
        103.39124843052456,
        102.80398341587612,
        101.80656324114118,
        100.96743338448661,
        100.20360674176898,
        99.48491450718471,
        98.84481920514789,
        98.24486432756696,
        97.6631851196289,
        97.10191672188895,
        96.56878008161273,
        96.06859806605748,
        95.59965188162667,
        95.15634046282086,
        94.73500497000558,
        94.3350110735212,
        93.95661926269531,
        93.59906550816127,
        93.26077052525112,
        92.94016701834542,
        92.63619777134487,
        92.34812709263393,
        92.07511574881417,
        91.8162612915039,
        91.57066781180245,
        91.33755275181362,
        91.116213117327,
        90.9060298374721,
        90.7063969203404,
        90.51669420514789,
        90.33635602678571,
        90.16486576625279,
        90.00175040108817,
        89.8465336390904,
        89.69877515520368,
        89.55801609584263,
        89.42387281145368,
        89.29599979945591,
        89.1740471976144,
        89.05767822265625,
        88.94659096854073,
        88.84048788888114,
        88.73908015659877,
        88.64213235037667,
        88.54942430768695,
        88.46072714669364,
        88.37582397460938,
        88.29451642717633,
        88.21660831996373,
        88.1419187273298,
        88.07027762276786,
        88.0015367780413,
        87.93555668422154,
        87.87217821393695,
        87.81126076834542,
        87.75268881661552,
        87.69634464808873,
        87.64212145124164,
        87.58992331368583,
        87.5396499633789,
        87.49121202741351,
        87.44452885219029,
        87.39951542445591,
        87.3561030796596,
        87.314211164202,
        87.27377101353237,
        87.2347183227539,
        87.19698224748883,
        87.16051047188895,
        87.125241960798,
        87.09112548828125,
        87.0581294468471,
        87.02619934082031,
        86.99530683244977,
        86.96539633614677,
        86.93643406459263,
        86.9083753313337,
        86.8812005179269,
        86.85486820765904,
        86.82933044433594,
        86.80457087925502,
        86.78055463518415,
        86.75725991385323,
        86.73465401785714,
        86.71271623883929,
        86.69140951974052,
        86.67070552280971,
        86.65059225899833,
        86.63104793003627,
        86.612060546875,
        86.59359959193638,
        86.57564544677734,
        86.55818939208984,
        86.5412128993443
    ],