{
    "testproblem": "quadratic_deep",
    "batch_size": 128,
    "num_epochs": 100,
    "random_seed": 42,
    "weight_decay": null,
    "optimizer_name": "PowKernelGradientDescentOptimizer",
    "optimizer_hyperparams": {
        "learning_rate": 0.01256315277393866,
        "power": 0.5
    },
    "training_params": {
        "lr_sched_epochs": null,
        "lr_sched_factors": null
    },
    "train_losses": [
        352.8963535853795,
        126.60107312883649,
        103.85207039969308,
        101.7969469342913,
        100.13418143136161,
        98.65744127546039,
        97.34522029331752,
        96.1776351928711,
        95.14029911586216,
        94.21726662772042,
        93.3920157296317,
        92.65538133893695,
        91.99676731654576,
        91.40914808000836,
        90.88543374197823,
        90.42008863176618,
        90.00397600446429,
        89.63083975655692,
        89.29710824148995,
        88.99615805489677,
        88.72457994733539,
        88.47938210623605,
        88.25682939801898,
        88.05398995535714,
        87.8693357195173,
        87.70132446289062,
        87.5474831717355,
        87.40611049107143,
        87.27662549700055,
        87.15811811174665,
        87.04894038609096,
        86.94801657540458,
        86.8541979108538,
        86.76735033307757,
        86.6870596749442,
        86.61309814453125,
        86.54405539376395,
        86.4795172555106,
        86.41925920758929,
        86.36294119698661,
        86.31019919259208,
        86.26075199672154,
        86.21435546875,
        86.17077963692802,
        86.12989480154855,
        86.09148297991071,
        86.0553959437779,
        86.02148982456752,
        85.98968287876674,
        85.95977238246373,
        85.93165370396206,
        85.90517098563058,
        85.8802021571568,
        85.8566643851144,
        85.83446611676898,
        85.81352996826172,
        85.79377964564732,
        85.77515520368304,
        85.75759778703961,
        85.74104854038784,
        85.72546277727399,
        85.71091788155692,
        85.69716208321708,
        85.68419756208148,
        85.67201559884208,
        85.66049630301339,
        85.64965275355748,
        85.63942282540458,
        85.6297116960798,
        85.62053898402623,
        85.6118883405413,
        85.60373360770089,
        85.59605516706195,
        85.5888181413923,
        85.5820061819894,
        85.57559858049665,
        85.569580078125,
        85.56394631522042,
        85.55860900878906,
        85.5535910470145,
        85.54888480050224,
        85.54446956089565,
        85.5403311593192,
        85.53646087646484,
        85.53284127371651,
        85.5294679914202,
        85.52632359095982,
        85.52339390345982,
        85.52068110874721,
        85.51816231863839,
        85.51582772391183,
        85.51367841448102,
        85.51170458112445,
        85.50989205496651,
        85.50823538643974,
        85.50672476632255,
        85.50535692487445,
        85.5041264125279,
        85.50301797049386,
        85.5020501273019,
        85.50119236537388
    ],
    "valid_losses": [
        353.81274850027904,
        127.75769478934151,
        104.85666983468192,
        102.7944804600307,
        101.13859340122768,
        99.67103576660156,
        98.36692592075893,
        97.20662907191685,
        96.17626081194196,
        95.2601808820452,
        94.4410149710519,
        93.7099118913923,
        93.05552237374442,
        92.47231074741909,
        91.95343453543526,
        91.4925035749163,
        91.0794906616211,
        90.71033150809151,
        90.38057817731585,
        90.08330971854073,
        89.81571306501117,
        89.57367161342076,
        89.35403224400112,
        89.15388815743583,
        88.97182028634208,
        88.80652945382255,
        88.65513392857143,
        88.5156729561942,
        88.38760375976562,
        88.27087293352399,
        88.16306740897042,
        88.06341661725726,
        87.97057124546596,
        87.88468497140067,
        87.80549730573382,
        87.73282078334263,
        87.66487448556083,
        87.60136086600167,
        87.54201943533761,
        87.48654610770089,
        87.43466404506138,
        87.38604736328125,
        87.34043775285993,
        87.29755401611328,
        87.25728607177734,
        87.21944536481585,
        87.18386840820312,
        87.15044730050224,
        87.11905670166016,
        87.0895254952567,
        87.06178174700055,
        87.03565979003906,
        87.01104191371373,
        86.98783002580915,
        86.9659423828125,
        86.94529833112445,
        86.92582702636719,
        86.90746089390346,
        86.89014979771206,
        86.87383052280971,
        86.85846492222377,
        86.84413037981305,
        86.83052825927734,
        86.8177250453404,
        86.80569675990513,
        86.7943365914481,
        86.78366088867188,
        86.77359444754464,
        86.76403917585101,
        86.75501251220703,
        86.74650464739118,
        86.73848506382534,
        86.73092760358539,
        86.72381046840123,
        86.7171162196568,
        86.71082087925502,
        86.7049080984933,
        86.69939422607422,
        86.69415392194476,
        86.68922315325055,
        86.68459974016461,
        86.68025534493583,
        86.67619105747768,
        86.67239052908761,
        86.66883305140904,
        86.66551644461495,
        86.6624265398298,
        86.65954916817802,
        86.6568832397461,
        86.65440804617745,
        86.6521224975586,
        86.65001351492745,
        86.6480712890625,
        86.64629581996373,
        86.64466857910156,
        86.6431906563895,
        86.64185333251953,
        86.64064352852958,
        86.63954380580357,
        86.6385988507952,
        86.63777160644531
    ],