{
    "testproblem": "mnist_vae_no_dropout",
    "batch_size": 64,
    "num_epochs": 50,
    "random_seed": 42,
    "weight_decay": null,
    "optimizer_name": "PowKernelGradientDescentOptimizer",
    "optimizer_hyperparams": {
        "learning_rate": 0.6245139574743064,
        "power": 0.7000000000000001
    },
    "training_params": {
        "lr_sched_epochs": null,
        "lr_sched_factors": null
    },
    "train_losses": [
        181.4783537448981,
        181.4783537448981,
        181.4783537448981,
        181.4783537448981,
        181.4783537448981,
        181.4783537448981,
        181.4783537448981,
        181.4783537448981,
        181.4783537448981,
        181.4783537448981,
        181.4783537448981,
        181.4783537448981,
        181.4783537448981,
        181.4783537448981,
        181.4783537448981,
        181.4783537448981,
        181.4783537448981,
        181.4783537448981,
        181.4783537448981,
        181.4783537448981,
        181.4783537448981,
        181.4783537448981,
        181.4783537448981,
        181.4783537448981,
        181.4783537448981,
        181.4783537448981,
        181.4783537448981,
        181.4783537448981,
        181.4783537448981,
        181.4783537448981,
        181.4783537448981,
        181.4783537448981,
        181.4783537448981,
        181.4783537448981,
        181.4783537448981,
        181.4783537448981,
        181.4783537448981,
        181.4783537448981,
        181.4783537448981,
        181.4783537448981,
        181.4783537448981,
        181.4783537448981,
        181.4783537448981,
        181.4783537448981,
        181.4783537448981,
        181.4783537448981,
        181.4783537448981,
        181.4783537448981,
        181.4783537448981,
        181.4783537448981,
        181.4783537448981
    ],
    "valid_losses": [
        181.4160398825621,
        181.4160398825621,
        181.4160398825621,
        181.4160398825621,
        181.4160398825621,
        181.4160398825621,
        181.4160398825621,
        181.4160398825621,
        181.4160398825621,
        181.4160398825621,
        181.4160398825621,
        181.4160398825621,
        181.4160398825621,
        181.4160398825621,
        181.4160398825621,
        181.4160398825621,
        181.4160398825621,
        181.4160398825621,
        181.4160398825621,
        181.4160398825621,
        181.4160398825621,
        181.4160398825621,
        181.4160398825621,
        181.4160398825621,
        181.4160398825621,
        181.4160398825621,
        181.4160398825621,
        181.4160398825621,
        181.4160398825621,
        181.4160398825621,
        181.4160398825621,
        181.4160398825621,
        181.4160398825621,
        181.4160398825621,
        181.4160398825621,
        181.4160398825621,
        181.4160398825621,
        181.4160398825621,
        181.4160398825621,
        181.4160398825621,
        181.4160398825621,
        181.4160398825621,
        181.4160398825621,
        181.4160398825621,
        181.4160398825621,
        181.4160398825621,
        181.4160398825621,
        181.4160398825621,
        181.4160398825621,
        181.4160398825621,
        181.4160398825621
    ],
    "test_losses": [
        181.48047843346228,
        181.48047843346228,
        181.48047843346228,
        181.48047843346228,
        181.48047843346228,
        181.48047843346228,
        181.48047843346228,
        181.48047843346228,
        181.48047843346228,
        181.48047843346228,
        181.48047843346228,
        181.48047843346228,
        181.48047843346228,
        181.48047843346228,
        181.48047843346228,
        181.48047843346228,
        181.48047843346228,
        181.48047843346228,
        181.48047843346228,
        181.48047843346228,
        181.48047843346228,
        181.48047843346228,
        181.48047843346228,
        181.48047843346228,
        181.48047843346228,
        181.48047843346228,
        181.48047843346228,
        181.48047843346228,
        181.48047843346228,
        181.48047843346228,
        181.48047843346228,
        181.48047843346228,
        181.48047843346228,
        181.48047843346228,
        181.48047843346228,
        181.48047843346228,
        181.48047843346228,
        181.48047843346228,
        181.48047843346228,
        181.48047843346228,
        181.48047843346228,
        181.48047843346228,
        181.48047843346228,
        181.48047843346228,
        181.48047843346228,
        181.48047843346228,
        181.48047843346228,
        181.48047843346228,
        181.48047843346228,
        181.48047843346228,
        181.48047843346228
    ],