{
    "testproblem": "quadratic_deep",
    "batch_size": 128,
    "num_epochs": 100,
    "random_seed": 42,
    "weight_decay": null,
    "optimizer_name": "PowKernelGradientDescentOptimizer",
    "optimizer_hyperparams": {
        "learning_rate": 0.005762487216478597,
        "power": 0.7000000000000001
    },
    "training_params": {
        "lr_sched_epochs": null,
        "lr_sched_factors": null
    },
    "train_losses": [
        352.8963535853795,
        148.3210688999721,
        109.09402356828961,
        104.00322505405971,
        102.80162593296596,
        101.89835248674665,
        101.05833871023995,
        100.26571982247489,
        99.51674216134208,
        98.80895342145648,
        98.14003535679409,
        97.50747353690011,
        96.90929303850446,
        96.34335218157086,
        95.80802808489118,
        95.30153438023159,
        94.8225337437221,
        94.36932591029576,
        93.94058663504464,
        93.53477913992745,
        93.15048217773438,
        92.78648703438895,
        92.44151088169643,
        92.114501953125,
        91.80450003487724,
        91.51050567626953,
        91.23165566580636,
        90.96714564732143,
        90.71614728655133,
        90.47790636335101,
        90.25173950195312,
        90.03703090122768,
        89.83324323381696,
        89.63973890032086,
        89.45597294398716,
        89.2813241141183,
        89.11517551967076,
        88.95703778948102,
        88.80647822788784,
        88.66309683663505,
        88.52649252755302,
        88.39632197788784,
        88.27224840436664,
        88.15388924734933,
        88.04087611607143,
        87.93292127336774,
        87.82974897112165,
        87.73109872000558,
        87.63674817766461,
        87.54646410260882,
        87.46003178187779,
        87.37726375034877,
        87.29799216134208,
        87.22200339181083,
        87.14913395472935,
        87.07918548583984,
        87.0120130266462,
        86.9474857875279,
        86.88545989990234,
        86.82580130440849,
        86.76840427943638,
        86.71313803536552,
        86.659914289202,
        86.608642578125,
        86.55923134940011,
        86.51159994942802,
        86.46566554478237,
        86.42137581961495,
        86.37864467075893,
        86.33738708496094,
        86.29753112792969,
        86.25901358468192,
        86.22177015032086,
        86.18575395856585,
        86.15090615408761,
        86.11717878069196,
        86.08453587123326,
        86.05292728969029,
        86.02231924874442,
        85.99267033168248,
        85.96394893101284,
        85.93610600062779,
        85.90911538260323,
        85.88293784005302,
        85.85754939488002,
        85.83292170933315,
        85.80902208600726,
        85.78583308628627,
        85.7633296421596,
        85.74148995535714,
        85.72027914864677,
        85.69967978341239,
        85.67967006138393,
        85.66022600446429,
        85.6413345336914,
        85.6229738507952,
        85.6051265171596,
        85.58777945382255,
        85.57090977260044,
        85.55450875418526,
        85.53856658935547
    ],
    "valid_losses": [
        353.81274850027904,
        149.39347403390067,
        110.09566824776786,
        104.93882642473493,
        103.71947043282645,
        102.81458500453404,
        101.97741045270648,
        101.1885495867048,
        100.44336373465401,
        99.73929159981864,
        99.0740225655692,
        98.44500841413226,
        97.85024588448661,
        97.28761727469308,
        96.75550406319755,
        96.25210571289062,
        95.77611323765346,
        95.32585688999721,
        94.90001351492745,
        94.49703870500836,
        94.11548178536552,
        93.75416237967355,
        93.41178240094867,
        93.08728681291852,
        92.77976989746094,
        92.48818097795758,
        92.21167319161552,
        91.949462890625,
        91.70071629115513,
        91.4646475655692,
        91.2405984061105,
        91.02791813441685,
        90.82614244733539,
        90.63456617082868,
        90.45265524727958,
        90.27977098737445,
        90.11530303955078,
        89.95875222342355,
        89.80972072056362,
        89.6678216116769,
        89.53265816824776,
        89.40387071881976,
        89.28116825648716,
        89.16415187290737,
        89.0524172101702,
        88.94569614955357,
        88.8437020438058,
        88.7461689540318,
        88.6528821672712,
        88.56361280168805,
        88.47813633510044,
        88.3962881905692,
        88.31786346435547,
        88.2427226475307,
        88.17065756661552,
        88.10150691441127,
        88.03511156354632,
        87.97133418491909,
        87.91004180908203,
        87.85110691615513,
        87.79440307617188,
        87.73981148856026,
        87.68723733084542,
        87.6365737915039,
        87.58776419503349,
        87.54070935930524,
        87.49534170968192,
        87.45158059256417,
        87.40936606270927,
        87.36861637660435,
        87.32925197056362,
        87.29121616908482,
        87.2544446672712,
        87.21888405936105,
        87.18448529924665,
        87.1511949811663,
        87.1189705984933,
        87.08777182442802,
        87.05757250104632,
        87.02833775111607,
        87.00000980922154,
        86.97254507882255,
        86.94591849190849,
        86.92009517124721,
        86.89504132952008,
        86.87074170793805,
        86.84716142926898,
        86.82427869524274,
        86.8020749773298,
        86.78052520751953,
        86.75959886823382,
        86.7392807006836,
        86.71953909737724,
        86.70036097935268,
        86.68172672816685,
        86.66361890520368,
        86.64601571219308,
        86.62889971051898,
        86.61226436070034,
        86.59608677455357,
        86.58036150251117
    ],