{
    "testproblem": "quadratic_deep",
    "batch_size": 128,
    "num_epochs": 100,
    "random_seed": 42,
    "weight_decay": null,
    "optimizer_name": "PowKernelMomentumOptimizerN",
    "optimizer_hyperparams": {
        "learning_rate": 0.001492631830920936,
        "power": 0.6000000000000001
    },
    "training_params": {
        "lr_sched_epochs": null,
        "lr_sched_factors": null
    },
    "train_losses": [
        352.8963623046875,
        163.656498500279,
        108.79267120361328,
        113.14148385184151,
        102.42723628452846,
        101.05159432547433,
        98.67752402169364,
        97.03743961879185,
        95.54828752790179,
        94.23860386439732,
        93.10048457554409,
        92.1211427961077,
        91.27977425711495,
        90.55372619628906,
        89.92920575823102,
        89.39274488176618,
        88.92960139683315,
        88.52822984967914,
        88.17942919049945,
        87.87500435965401,
        87.6082033429827,
        87.37339346749442,
        87.16574205671039,
        86.98123822893415,
        86.8164792742048,
        86.66872188023159,
        86.5357666015625,
        86.41575077601841,
        86.30702754429409,
        86.20822579520089,
        86.1182359967913,
        86.03612518310547,
        85.96101597377232,
        85.89214433942523,
        85.8288803100586,
        85.77067456926618,
        85.71705845424107,
        85.6675796508789,
        85.621826171875,
        85.57945033482143,
        85.54017639160156,
        85.5037340436663,
        85.46989331926618,
        85.4384536743164,
        85.4092025756836,
        85.38197217668805,
        85.35660770961216,
        85.33299037388393,
        85.31097739083427,
        85.29044886997768,
        85.2712903703962,
        85.25341142926898,
        85.23670741489956,
        85.22111075265067,
        85.20655386788505,
        85.19297354561942,
        85.18028586251395,
        85.1684330531529,
        85.15736934116909,
        85.14701298304966,
        85.13732583182198,
        85.1282719203404,
        85.11979348318917,
        85.11185891287667,
        85.10443551199776,
        85.0974851335798,
        85.09097617013114,
        85.08487810407367,
        85.0791745867048,
        85.07382420131138,
        85.06880841936383,
        85.0641119820731,
        85.0597163609096,
        85.05559757777623,
        85.05175018310547,
        85.04814801897321,
        85.04478672572544,
        85.04164450509208,
        85.03870936802456,
        85.03597041538784,
        85.03341347830636,
        85.0310287475586,
        85.02880314418248,
        85.02673230852399,
        85.02479771205357,
        85.0229960850307,
        85.02131979806083,
        85.01976340157645,
        85.01831708635602,
        85.01698085239956,
        85.01573835100446,
        85.01459394182477,
        85.01353563581195,
        85.01255907331195,
        85.01166316441127,
        85.01083374023438,
        85.01007080078125,
        85.00937216622489,
        85.0087411063058,
        85.00816345214844,
        85.00764465332031
    ],
    "valid_losses": [
        353.812752859933,
        164.770512172154,
        109.83678436279297,
        113.85585130964007,
        103.14020538330078,
        101.9933602469308,
        99.62167576381138,
        97.89270782470703,
        96.43818664550781,
        95.17195783342633,
        94.02544185093471,
        93.04543958391461,
        92.21828896658761,
        91.49979618617466,
        90.87937491280692,
        90.34886387416294,
        89.8914075578962,
        89.49483054024833,
        89.15039389474052,
        88.84973253522601,
        88.58639962332589,
        88.35459790910993,
        88.14964185442243,
        87.9676742553711,
        87.80518014090401,
        87.65941946847099,
        87.52831486293248,
        87.40994153703961,
        87.3027114868164,
        87.20527103969029,
        87.116452898298,
        87.03539276123047,
        86.96133967808315,
        86.89346204485211,
        86.83107103620257,
        86.7736064365932,
        86.72073146275112,
        86.67201559884208,
        86.62696511404855,
        86.58524649483817,
        86.54660361153739,
        86.51070622035435,
        86.47740936279297,
        86.44644165039062,
        86.41759381975446,
        86.39073726109096,
        86.36573791503906,
        86.34241158621651,
        86.3206787109375,
        86.30042484828404,
        86.28150939941406,
        86.2638419015067,
        86.24734606061664,
        86.23194667271206,
        86.2175761631557,
        86.20416477748326,
        86.19163622174945,
        86.179929460798,
        86.16900416782924,
        86.15877532958984,
        86.14920152936664,
        86.14025333949498,
        86.13187626429966,
        86.12403215680804,
        86.11668831961495,
        86.10980769566127,
        86.10336412702289,
        86.09730638776507,
        86.09165518624442,
        86.0863538469587,
        86.08138711111886,
        86.07672991071429,
        86.07236916678292,
        86.06829180036273,
        86.0644760131836,
        86.06090763636998,
        86.0575703212193,
        86.05444989885602,
        86.0515376499721,
        86.04881613595145,
        86.04628208705357,
        86.04391370500836,
        86.04170554024833,
        86.0396477835519,
        86.03772299630302,
        86.03593335832868,
        86.03426252092633,
        86.03271048409599,
        86.03127070835659,
        86.02993665422711,
        86.02869633265904,
        86.02755410330636,
        86.02650233677456,
        86.02552686418805,
        86.02464512416294,
        86.02381787981305,
        86.02304404122489,
        86.02233341761998,
        86.02169145856585,
        86.02110072544643,
        86.02056884765625
    ],