{
    "testproblem": "mnist_vae",
    "batch_size": 64,
    "num_epochs": 50,
    "random_seed": 42,
    "weight_decay": null,
    "optimizer_name": "PowKernelGradientDescentOptimizer",
    "optimizer_hyperparams": {
        "learning_rate": 0.01256315277393866,
        "power": 0.5
    },
    "training_params": {
        "lr_sched_epochs": null,
        "lr_sched_factors": null
    },
    "train_losses": [
        181.37576088538538,
        53.08461922865648,
        41.11159160809639,
        181.37576088538538,
        181.37576088538538,
        181.37576088538538,
        181.37576088538538,
        181.37576088538538,
        181.37576088538538,
        181.37576088538538,
        181.37576088538538,
        181.37576088538538,
        181.37576088538538,
        181.37576088538538,
        181.37576088538538,
        181.37576088538538,
        181.37576088538538,
        181.37576088538538,
        181.37576088538538,
        181.37576088538538,
        181.37576088538538,
        181.37576088538538,
        181.37576088538538,
        181.37576088538538,
        181.37576088538538,
        181.37576088538538,
        181.37576088538538,
        181.37576088538538,
        181.37576088538538,
        181.37576088538538,
        181.37576088538538,
        181.37576088538538,
        181.37576088538538,
        181.37576088538538,
        181.37576088538538,
        181.37576088538538,
        181.37576088538538,
        181.37576088538538,
        181.37576088538538,
        181.37576088538538,
        181.37576088538538,
        181.37576088538538,
        181.37576088538538,
        181.37576088538538,
        181.37576088538538,
        181.37576088538538,
        181.37576088538538,
        181.37576088538538,
        181.37576088538538,
        181.37576088538538,
        181.37576088538538
    ],
    "valid_losses": [
        181.31722220396384,
        53.05486495678242,
        40.87959888653877,
        181.31722220396384,
        181.31722220396384,
        181.31722220396384,
        181.31722220396384,
        181.31722220396384,
        181.31722220396384,
        181.31722220396384,
        181.31722220396384,
        181.31722220396384,
        181.31722220396384,
        181.31722220396384,
        181.31722220396384,
        181.31722220396384,
        181.31722220396384,
        181.31722220396384,
        181.31722220396384,
        181.31722220396384,
        181.31722220396384,
        181.31722220396384,
        181.31722220396384,
        181.31722220396384,
        181.31722220396384,
        181.31722220396384,
        181.31722220396384,
        181.31722220396384,
        181.31722220396384,
        181.31722220396384,
        181.31722220396384,
        181.31722220396384,
        181.31722220396384,
        181.31722220396384,
        181.31722220396384,
        181.31722220396384,
        181.31722220396384,
        181.31722220396384,
        181.31722220396384,
        181.31722220396384,
        181.31722220396384,
        181.31722220396384,
        181.31722220396384,
        181.31722220396384,
        181.31722220396384,
        181.31722220396384,
        181.31722220396384,
        181.31722220396384,
        181.31722220396384,
        181.31722220396384,
        181.31722220396384
    ],
    "test_losses": [
        181.37621258466672,
        53.121684074401855,
        40.850201239952675,
        181.37621258466672,
        181.37621258466672,
        181.37621258466672,
        181.37621258466672,
        181.37621258466672,
        181.37621258466672,
        181.37621258466672,
        181.37621258466672,
        181.37621258466672,
        181.37621258466672,
        181.37621258466672,
        181.37621258466672,
        181.37621258466672,
        181.37621258466672,
        181.37621258466672,
        181.37621258466672,
        181.37621258466672,
        181.37621258466672,
        181.37621258466672,
        181.37621258466672,
        181.37621258466672,
        181.37621258466672,
        181.37621258466672,
        181.37621258466672,
        181.37621258466672,
        181.37621258466672,
        181.37621258466672,
        181.37621258466672,
        181.37621258466672,
        181.37621258466672,
        181.37621258466672,
        181.37621258466672,
        181.37621258466672,
        181.37621258466672,
        181.37621258466672,
        181.37621258466672,
        181.37621258466672,
        181.37621258466672,
        181.37621258466672,
        181.37621258466672,
        181.37621258466672,
        181.37621258466672,
        181.37621258466672,
        181.37621258466672,
        181.37621258466672,
        181.37621258466672,
        181.37621258466672,
        181.37621258466672
    ],