{
    "testproblem": "mnist_vae",
    "batch_size": 64,
    "num_epochs": 50,
    "random_seed": 42,
    "weight_decay": null,
    "optimizer_name": "PowKernelMomentumOptimizerN",
    "optimizer_hyperparams": {
        "learning_rate": 0.12273800987852958,
        "power": 0.7000000000000001
    },
    "training_params": {
        "allow_early_finish": true
    },
    "train_losses": [
        181.37576068975986,
        181.37576068975986,
        181.37576068975986,
        181.37576068975986,
        181.37576068975986,
        181.37576068975986,
        181.37576068975986,
        181.37576068975986,
        181.37576068975986,
        181.37576068975986,
        181.37576068975986,
        181.37576068975986,
        181.37576068975986,
        181.37576068975986,
        181.37576068975986,
        181.37576068975986,
        181.37576068975986,
        181.37576068975986,
        181.37576068975986,
        181.37576068975986,
        181.37576068975986,
        181.37576068975986,
        181.37576068975986,
        181.37576068975986,
        181.37576068975986,
        181.37576068975986,
        181.37576068975986,
        181.37576068975986,
        181.37576068975986,
        181.37576068975986,
        181.37576068975986,
        181.37576068975986,
        181.37576068975986,
        181.37576068975986,
        181.37576068975986,
        181.37576068975986,
        181.37576068975986,
        181.37576068975986,
        181.37576068975986,
        181.37576068975986,
        181.37576068975986,
        181.37576068975986,
        181.37576068975986,
        181.37576068975986,
        181.37576068975986,
        181.37576068975986,
        181.37576068975986,
        181.37576068975986,
        181.37576068975986,
        181.37576068975986,
        181.37576068975986
    ],
    "valid_losses": [
        181.31722220396384,
        181.31722220396384,
        181.31722220396384,
        181.31722220396384,
        181.31722220396384,
        181.31722220396384,
        181.31722220396384,
        181.31722220396384,
        181.31722220396384,
        181.31722220396384,
        181.31722220396384,
        181.31722220396384,
        181.31722220396384,
        181.31722220396384,
        181.31722220396384,
        181.31722220396384,
        181.31722220396384,
        181.31722220396384,
        181.31722220396384,
        181.31722220396384,
        181.31722220396384,
        181.31722220396384,
        181.31722220396384,
        181.31722220396384,
        181.31722220396384,
        181.31722220396384,
        181.31722220396384,
        181.31722220396384,
        181.31722220396384,
        181.31722220396384,
        181.31722220396384,
        181.31722220396384,
        181.31722220396384,
        181.31722220396384,
        181.31722220396384,
        181.31722220396384,
        181.31722220396384,
        181.31722220396384,
        181.31722220396384,
        181.31722220396384,
        181.31722220396384,
        181.31722220396384,
        181.31722220396384,
        181.31722220396384,
        181.31722220396384,
        181.31722220396384,
        181.31722220396384,
        181.31722220396384,
        181.31722220396384,
        181.31722220396384,
        181.31722220396384
    ],
    "test_losses": [
        181.37621238904123,
        181.37621238904123,
        181.37621238904123,
        181.37621238904123,
        181.37621238904123,
        181.37621238904123,
        181.37621238904123,
        181.37621238904123,
        181.37621238904123,
        181.37621238904123,
        181.37621238904123,
        181.37621238904123,
        181.37621238904123,
        181.37621238904123,
        181.37621238904123,
        181.37621238904123,
        181.37621238904123,
        181.37621238904123,
        181.37621238904123,
        181.37621238904123,
        181.37621238904123,
        181.37621238904123,
        181.37621238904123,
        181.37621238904123,
        181.37621238904123,
        181.37621238904123,
        181.37621238904123,
        181.37621238904123,
        181.37621238904123,
        181.37621238904123,
        181.37621238904123,
        181.37621238904123,
        181.37621238904123,
        181.37621238904123,
        181.37621238904123,
        181.37621238904123,
        181.37621238904123,
        181.37621238904123,
        181.37621238904123,
        181.37621238904123,
        181.37621238904123,
        181.37621238904123,
        181.37621238904123,
        181.37621238904123,
        181.37621238904123,
        181.37621238904123,
        181.37621238904123,
        181.37621238904123,
        181.37621238904123,
        181.37621238904123,
        181.37621238904123
    ],