{
    "testproblem": "quadratic_deep",
    "batch_size": 128,
    "num_epochs": 100,
    "random_seed": 42,
    "weight_decay": null,
    "optimizer_name": "PowKernelMomentumOptimizerN",
    "optimizer_hyperparams": {
        "learning_rate": 0.43379206974909357,
        "power": 0.7000000000000001
    },
    "training_params": {
        "lr_sched_epochs": null,
        "lr_sched_factors": null
    },
    "train_losses": [
        352.8963623046875,
        70996865.14285715,
        74722051.42857143,
        77705602.28571428,
        79461185.14285715,
        81788662.85714285,
        83055013.71428572,
        85603600.0,
        89776179.42857143,
        89766021.71428572,
        89784074.28571428,
        89764812.57142857,
        89783498.28571428,
        89764508.57142857,
        89783334.85714285,
        89764418.28571428,
        89783274.28571428,
        89764394.28571428,
        89783245.71428572,
        89764371.42857143,
        89783238.85714285,
        89764363.42857143,
        89783217.14285715,
        89764338.28571428,
        89783236.57142857,
        89764341.71428572,
        89783209.14285715,
        89764342.85714285,
        89783237.71428572,
        89764342.85714285,
        89783224.0,
        89764352.0,
        89783234.28571428,
        89764331.42857143,
        89783202.28571428,
        89764331.42857143,
        89783209.14285715,
        89764328.0,
        89783212.57142857,
        89764348.57142857,
        89783192.0,
        89764333.71428572,
        89783178.28571428,
        89764330.28571428,
        89783185.14285715,
        89764332.57142857,
        89783193.14285715,
        89764333.71428572,
        89783192.0,
        89764341.71428572,
        89783190.85714285,
        89764339.42857143,
        89783193.14285715,
        89764340.57142857,
        89783196.57142857,
        89764330.28571428,
        89783193.14285715,
        89764340.57142857,
        89783193.14285715,
        89764331.42857143,
        89783186.28571428,
        89764341.71428572,
        89783193.14285715,
        89764336.0,
        89783193.14285715,
        89764336.0,
        89783196.57142857,
        89764337.14285715,
        89783189.71428572,
        89764348.57142857,
        89783192.0,
        89764348.57142857,
        89783189.71428572,
        89764339.42857143,
        89783194.28571428,
        89764339.42857143,
        89783187.42857143,
        89764340.57142857,
        89783206.85714285,
        89764341.71428572,
        89783193.14285715,
        89764347.42857143,
        89783196.57142857,
        89764340.57142857,
        89783194.28571428,
        89764338.28571428,
        89783197.71428572,
        89764339.42857143,
        89783194.28571428,
        89764333.71428572,
        89783206.85714285,
        89764334.85714285,
        89783206.85714285,
        89764338.28571428,
        89783208.0,
        89764336.0,
        89783210.28571428,
        89764345.14285715,
        89783206.85714285,
        89764332.57142857,
        89783209.14285715
    ],
    "valid_losses": [
        353.812752859933,
        70998418.28571428,
        74720365.71428572,
        77707157.71428572,
        79460053.71428572,
        81789262.85714285,
        83054619.42857143,
        85603746.28571428,
        89776290.28571428,
        89765898.28571428,
        89784197.71428572,
        89764693.71428572,
        89783621.71428572,
        89764385.14285715,
        89783453.71428572,
        89764294.85714285,
        89783400.0,
        89764273.14285715,
        89783371.42857143,
        89764251.42857143,
        89783365.71428572,
        89764241.14285715,
        89783338.28571428,
        89764216.0,
        89783361.14285715,
        89764220.57142857,
        89783333.71428572,
        89764222.85714285,
        89783362.28571428,
        89764220.57142857,
        89783352.0,
        89764230.85714285,
        89783358.85714285,
        89764209.14285715,
        89783324.57142857,
        89764210.28571428,
        89783333.71428572,
        89764204.57142857,
        89783333.71428572,
        89764228.57142857,
        89783316.57142857,
        89764213.71428572,
        89783301.71428572,
        89764206.85714285,
        89783309.71428572,
        89764212.57142857,
        89783317.71428572,
        89764213.71428572,
        89783317.71428572,
        89764225.14285715,
        89783314.28571428,
        89764217.14285715,
        89783320.0,
        89764222.85714285,
        89783320.0,
        89764206.85714285,
        89783318.85714285,
        89764218.28571428,
        89783318.85714285,
        89764209.14285715,
        89783307.42857143,
        89764222.85714285,
        89783316.57142857,
        89764214.85714285,
        89783318.85714285,
        89764213.71428572,
        89783321.14285715,
        89764216.0,
        89783315.42857143,
        89764227.42857143,
        89783314.28571428,
        89764228.57142857,
        89783313.14285715,
        89764217.14285715,
        89783320.0,
        89764216.0,
        89783312.0,
        89764220.57142857,
        89783330.28571428,
        89764219.42857143,
        89783317.71428572,
        89764226.28571428,
        89783322.28571428,
        89764217.14285715,
        89783321.14285715,
        89764216.0,
        89783322.28571428,
        89764216.0,
        89783320.0,
        89764213.71428572,
        89783332.57142857,
        89764216.0,
        89783334.85714285,
        89764216.0,
        89783333.71428572,
        89764216.0,
        89783334.85714285,
        89764225.14285715,
        89783332.57142857,
        89764212.57142857,
        89783333.71428572
    ],